"Asset Identifier (Label)","Managed","DIT_AssetType","AssetTypeRef","SiteID_Drawings","Manual_SiteID","AssetCapture","T2D_DisciplineCode","T2D_ClashGroup","Uniclass_EfCode","Uniclass_EfTitle","Uniclass_SsCode","Uniclass_SsTitle","Uniclass_PrCode","Uniclass_PrTitle","UniclassCodeKey","LocationHeirarchyKey","DIT_AssetClass","DIT_AssetComponent","Ausroads_Asset_Discipline","DIT_AssetCategory","ShapeField","Created By","MPDId","Compliance Asset Id","ID","Created","Modified","Modified By"
"(MOC) Communications Conduits UC","Conditional","MCD","MCD","No","No","Model","UC","201","EF_70_30_45","Low-voltage electricity distribution","Ss_70_30_45_45","Low-voltage distribution systems","Pr_65_70_11_71","Rigid conduit","EF_70_30_45Ss_70_30_45_45Pr_65_70_11_71",,"01.05 M&E","01.05.01.03.04 Cables (LV)",,"Point Asset",,"Muhammad Abid-T2D",,,"3747","7/07/2026 12:01 PM","7/07/2026 12:07 PM","Muhammad Abid-T2D"
"(MOC) Electrical LV Conduits UE","Conditional","ECM","ECM","No","No","Model","UE","202","EF_70_30","Electricity distribution","Ss_70_30","Electricity distribution systems","Pr_65_70_11_71","Rigid conduit","EF_70_30Ss_70_30Pr_65_70_11_71","3FC; 1FC; 2FC; 3SP; 3SF; 3SG; 2P","N/A","N/A",,"Point Asset",,"Muhammad Abid-T2D",,,"3744","7/07/2026 11:29 AM","7/07/2026 12:00 PM","Muhammad Abid-T2D"
"(MOC) Fire Water Pipes UW","Conditional","MFW","MFW","Yes","No","Model","UW","205","EF_55_30_96","Water firefighting supply","Ss_55_70_95_50","Treated water pressure pipeline systems","Pr_65_52_63","Pipes and fittings","EF_55_30_96Ss_55_70_95_50Pr_65_52_63","2; 3","01.05 M&E","01.05.04.06.02 Rising Main Pipe",,"Point Asset",,"Muhammad Abid-T2D",,,"3749","7/07/2026 12:01 PM","7/07/2026 12:10 PM","Muhammad Abid-T2D"
"(MOC) Pipes Sewer US","Conditional","MSW","MSW","No","No","Model","US","204","EF_50_30","Above-ground drainage collection","Ss_50_30_04","Above-ground wastewater drainage systems","Pr_65_52_63_89","Unplasticized polyvinyl chloride (PVC-U) pipes","EF_50_30Ss_50_30_04Pr_65_52_63_89","3FC; 1FC; 2FC; 3SP; 3SF; 3SG; 2P","N/A","N/A",,"Point Asset",,"Muhammad Abid-T2D",,,"3748","7/07/2026 12:01 PM","7/07/2026 12:10 PM","Muhammad Abid-T2D"
"(MOC) Potable Water Pipes UW","Conditional","MWS","MWS","No","No","Model","UW","205","EF_55_70","Water supply","Ss_55_70_95","Water distribution network systems","Pr_65_52_63_17","Copper pipes","EF_55_70Ss_55_70_95Pr_65_52_63_17","3FC; 1FC; 2FC; 3SP; 3SF; 3SG; 2P","N/A","N/A",,"Point Asset",,"Muhammad Abid-T2D",,,"3746","7/07/2026 11:32 AM","7/07/2026 11:58 AM","Muhammad Abid-T2D"
"(MOC) Surface Drainage Stormwater pipe","Conditional","DRP","DRP","No","No","Model","SD","262","EF_50_70","Drainage treatment and disposal","Ss_50_30_02","Rainwater drainage systems","Pr_65_52_63","Pipes and fittings","EF_50_70Ss_50_30_02Pr_65_52_63",,"01.05 M&E","01.05.04.01.02 Stormwater pipe",,"Point Asset",,"Muhammad Abid-T2D",,,"3742","7/07/2026 11:21 AM","7/07/2026 12:00 PM","Muhammad Abid-T2D"
"(MS) Closure Boom Gate","Yes","BB","BB","Yes","No","Model","MS","145","EF_75_30_35","Road signals and controls","Ss_75_30_35","Road signal and control systems","Pr_30_59_59_72","Rising arm vehicular barriers","EF_75_30_35Ss_75_30_35Pr_30_59_59_72","2; 3","01.05 M&E","01.05.05.05.18 Tunnel closure system (Boom Gate System)",,"Point Asset","Point","Bird, Cheyne",,,"3199","7/10/2025 12:13 PM","20/05/2026 5:37 PM","Gunagi, Pooja"
"(MS) Pile Cap","No","N/A",,"N/A","No","N/A","MS","142","EF_20_05","Substructure","Ss_20_05_15","Concrete foundation systems","Pr_20_85_62_19","Concrete pile caps","EF_20_05Ss_20_05_15Pr_20_85_62_19","2; 1; 3","N/A","N/A",,,,"Bird, Cheyne",,,"3197","7/10/2025 12:11 PM","20/05/2026 3:53 PM","Muhammad Abid-T2D"
"(MS) Reinforced Concrete Wall","No","N/A",,"N/A","No","N/A","MS","142","EF_25_10","Walls","Ss_25_10_32_70","Reinforced concrete wall structure systems","Pr_20_31_16_37","High strength concrete","EF_25_10Ss_25_10_32_70Pr_20_31_16_37","2; 2CA; 3","N/A","N/A",,,,"Long, Mike",,,"3297","6/01/2026 4:03 PM","22/05/2026 11:56 AM","Long, Mike"
"(S) - Circuit Breaker - Mech Services Switchboard (UPS)","Yes","MUI","MUI","No","Yes","Register","LV",,"EF_70_30_45","Low-voltage electricity distribution","Ss_70_30_25","Electrical protection systems","Pr_65_72_27","Electrical protective devices","EF_70_30_45Ss_70_30_25Pr_65_72_27","3FC; 1FC; 2FC; 3SP; 3SF; 3SG; 2P","01.05 M&E","01.05.01.03.05 Circuit Breaker (LV)",,"Point Asset","Point","Basile, Rino",,,"3487","7/04/2026 5:53 PM","20/05/2026 4:10 PM","Gunagi, Pooja"
"(S) - MSSB Generator Power External Isolator","Yes","MGT","MGT","No","Yes","Register","LV",,"EF_70_30_45","Low-voltage electricity distribution","Ss_70_30_25","Electrical protection systems","Pr_65_72_27","Electrical protective devices","EF_70_30_45Ss_70_30_25Pr_65_72_27","3FC; 1FC; 2FC; 3SP; 3SF; 3SG; 2P","01.05 M&E","01.05.01.03.05 Circuit Breaker (LV)",,"Point Asset","Point","Basile, Rino",,,"3485","7/04/2026 5:51 PM","20/05/2026 4:10 PM","Gunagi, Pooja"
"(S) - MSSB UPS Main Incoming Switch Isolator","Yes","MUI","LSI","No","Yes","Register","LV",,"EF_70_30_45","Low-voltage electricity distribution","Ss_70_30_25","Electrical protection systems","Pr_65_72_27","Electrical protective devices","EF_70_30_45Ss_70_30_25Pr_65_72_27","3FC; 1FC; 2FC; 3SP; 3SF; 3SG; 2P","01.05 M&E","01.05.01.03.05 Circuit Breaker (LV)",,"Point Asset","Point","Basile, Rino",,,"3486","7/04/2026 5:52 PM","20/05/2026 4:10 PM","Gunagi, Pooja"
"(S) A/C Control Panel","Yes","ACP","ACP","Yes","No","Model","ME",,"EF_65_80","Air conditioning","Ss_65_80","Air conditioning systems","Pr_75_50_18_51","Mechanical services control panels","EF_65_80Ss_65_80Pr_75_50_18_51","3FC; 1FC; 2FC; 3SP; 3SF; 3SG; 2P","01.05 M&E","01.05.03.04.01 Cross Passage Equipment Room Air Conditioning Units",,"Point Asset","Point","Basile, Rino",,,"3600","29/04/2026 12:26 PM","21/05/2026 3:42 PM","Muhammad Abid-T2D"
"(S) Access Control Panel","Yes","CPL","CPL","Yes","No","Model","ID","372","EF_75_40_02","Access control","Ss_75_40_02","Access control systems","Pr_80_77_28","Equipment enclosures, cabinets, boxes and housings","EF_75_40_02Ss_75_40_02Pr_80_77_28","3FC; 1FC; 2FC; 3SP; 3SF; 3SG; 2P","01.05 M&E","01.05.01.03.06 Control Panel - Lighting",,"Point Asset","Point","Tay, Bryan","874",,"349","13/05/2025 5:19 PM","20/05/2026 5:35 PM","Gunagi, Pooja"
"(S) Access Stairs","No","N/A",,"N/A","No","N/A","FS","374","EF_35_10","Stairs","Ss_35_10","Stair and ramp structure systems","Pr_25_30_85","Stair and ladder units","EF_35_10Ss_35_10Pr_25_30_85","3FC; 1FC; 2FC; 3SP; 3SF; 3SG; 2P","N/A","N/A",,,,"Basile, Rino","831",,"3265","8/12/2025 2:18 PM","20/05/2026 3:53 PM","Muhammad Abid-T2D"
"(S) Advanced Warning Sign (AWS)","Yes","AWS","AWS","Yes","No","Model","TT","250","EF_75_30_35","Road signals and controls","Ss_75_30_35","Road signal and control systems","Pr_40_10_77_39","Illuminated warning signs","EF_75_30_35Ss_75_30_35Pr_40_10_77_39","3FC; 1FC; 2FC; 3SP; 3SF; 3SG; 2P","01.05 M&E","01.05.05.05.15 Advanced Warning Signs",,"Point Asset","Point","Tay, Bryan","749",,"223","13/05/2025 5:19 PM","20/05/2026 5:35 PM","Gunagi, Pooja"
"(S) Air admittance valves (AAV)","Yes","VLV","VLV","No","No","Model","HY","352","EF_50_30","Above-ground drainage collection","Ss_50_30_04","Above-ground wastewater drainage systems","Pr_65_54_24_02","Air admittance valves","EF_50_30Ss_50_30_04Pr_65_54_24_02","3FC; 1FC; 2FC; 3SP; 3SF; 3SG; 2P","01.05 M&E","01.05.04.05.01 Valves",,"Point Asset","Point","Tay, Bryan","866",,"341","13/05/2025 5:19 PM","20/05/2026 5:57 PM","Gunagi, Pooja"
"(S) Air Conditioning Unit","Yes","ACU","ACU","Yes","Yes","Model","ME","371","EF_65_80","Air conditioning","Ss_65_80","Air conditioning systems","Pr_70_65_03","Air conditioning units","EF_65_80Ss_65_80Pr_70_65_03","3FC; 1FC; 2FC; 3SP; 3SF; 3SG; 2P","01.04 Structures","01.04.04.02.04 HVAC & Exhaust Services",,"Point Asset","Point","Tay, Bryan","875",,"350","13/05/2025 5:19 PM","20/05/2026 5:35 PM","Gunagi, Pooja"
"(S) Air Cooled Condenser","Yes","ACC","ACC","Yes","Yes","Model","ME","371","EF_65_80","Air conditioning","Ss_65_80","Air conditioning systems","Pr_70_65_03_02","Air-cooled condensing units","EF_65_80Ss_65_80Pr_70_65_03_02","3FC; 1FC; 2FC; 3SP; 3SF; 3SG; 2P","01.04 Structures","01.04.04.02.04 HVAC & Exhaust Services",,"Point Asset","Point","Tay, Bryan","876",,"351","13/05/2025 5:19 PM","20/05/2026 2:36 PM","Bird, Cheyne"
"(S) Air Filter","Yes","AFR","AFR","Yes","Yes","Model","ME","371","EF_65_80","Air conditioning","Ss_65_80","Air conditioning systems","Pr_65_57_02","Air filters","EF_65_80Ss_65_80Pr_65_57_02","3FC; 1FC; 2FC; 3SP; 3SF; 3SG; 2P","01.05 M&E","01.04.04.02.04.02 HVAC Filter (Mechanical)",,"Point Asset","Point","Basile, Rino",,,"3317","23/01/2026 9:25 AM","21/05/2026 3:42 PM","Muhammad Abid-T2D"
"(S) Air Humidity Sensor - NOT REQUIRED - PLEASE DELETE","Yes","AHS","AHS","Yes","No","Unsure","ME","371","EF_65_80","Air conditioning","Ss_65_80","Air conditioning systems","Pr_75_50_76_71","Relative humidity sensors","EF_65_80Ss_65_80Pr_75_50_76_71","3FC; 1FC; 2FC; 3SP; 3SF; 3SG; 2P","01.05 M&E","01.05.03.04.02 Room Temperature Sensors",,"Point Asset","Point","Basile, Rino",,,"3332","29/01/2026 3:18 PM","10/06/2026 10:20 AM","Basile, Rino"
"(S) Air Quality Sensor","Yes","AQS","AQS","Yes","No","Model","ME","371","EF_65_80","Air conditioning","Ss_75_70_54_05","Air Quality Monitoring Systems","Pr_75_50_76_02","Air quality sensors","EF_65_80Ss_75_70_54_05Pr_75_50_76_02","3FC; 1FC; 2FC; 3SP; 3SF; 3SG; 2P","01.05 M&E","01.05.05.03.02 Tunnel Air Quality Monitoring Equipment",,"Point Asset","Point","Basile, Rino",,,"3331","29/01/2026 3:12 PM","21/05/2026 3:42 PM","Muhammad Abid-T2D"
"(S) Air Temperature Sensor/ Mech","Yes","TTS","TTS","Yes","No","Model","ME","371","EF_65_80","Air conditioning","Ss_65_80","Air conditioning systems","Pr_75_50_76_03","Air temperature sensors","EF_65_80Ss_65_80Pr_75_50_76_03","3FC; 1FC; 2FC; 3SP; 3SF; 3SG; 2P","01.05 M&E","01.05.03.04.02 Room Temperature Sensors",,"Point Asset","Point","Bird, Cheyne",,,"3181","19/09/2025 3:52 PM","21/05/2026 4:22 PM","Muhammad Abid-T2D"
"(S) Air Terminal / Grille","Yes","EAG","EAG","Yes","No","Model","ME","369","EF_65","Ventilation and air conditioning functions","Ss_65","Ventilation and air conditioning systems","Pr_70_65_04","Air terminals and diffusers","EF_65Ss_65Pr_70_65_04","3FC; 1FC; 2FC; 3SP; 3SF; 3SG; 2P","01.05 M&E","01.05.03.06.01 Ventilation Louvers",,"Point Asset","Point","Basile, Rino","1,001",,"491","25/05/2025 8:53 AM","21/05/2026 3:42 PM","Muhammad Abid-T2D"
"(S) Air Vent Valve","Yes","AVV","AVV","No","No","Model","FD",,"EF_55_30","Fire-extinguishing supply","Ss_55_30","Fire-extinguishing systems","Pr_65_54_30","Firefighting valves and devices","EF_55_30Ss_55_30Pr_65_54_30",,"01.05 M&E","01.05.04.05.01 Valves & Actuators",,"Point Asset","Point","Basile, Rino",,,"3684","25/05/2026 11:18 AM","25/05/2026 11:19 AM","Basile, Rino"
"(S) Alarm Signalling Equipment","Yes","FNI","FNI","Yes","Yes","Model","HY",,"EF_75_50_28","Fire and smoke detection and alarms","Ss_75_50_28_29","Fire detection and alarm systems","Pr_75_80_30","Fire detection and alarm devices and control equipment","EF_75_50_28Ss_75_50_28_29Pr_75_80_30","C; 1FC; 2FC; 3SP; 3SF; 3SG; 2P","01.05 M&E","01.05.02.01.15 Alarm Signalling Equipment",,"Point Asset","Point","Zheng, Zach",,,"3729","25/06/2026 2:41 PM","25/06/2026 2:44 PM","Zheng, Zach"
"(S) Alarm Signalling Equipment (ASE)","Yes","ASE","ASE","Yes","No","Model","FD","346","EF_75_50_28","Fire and smoke detection and alarms","Ss_75_50_28","Fire and smoke detection and alarm systems","Pr_75_80_30_28","Fire alarm input and output modules","EF_75_50_28Ss_75_50_28Pr_75_80_30_28","3FC; 1FC; 2FC; 3SP; 3SF; 3SG; 2P","01.05 M&E","01.05.02.01.01 Fire Detection and Control System",,"Point Asset","Point","Tay, Bryan","877",,"352","13/05/2025 5:19 PM","20/05/2026 5:35 PM","Gunagi, Pooja"
"(S) Alcove Lighting Luminaire","Yes","GLT","GLT","Yes","No","Model","EL","362","EF_70_80","Lighting","Ss_70_80_33","General lighting systems","Pr_70_70_48_24","Downlights","EF_70_80Ss_70_80_33Pr_70_70_48_24","3FC; 1FC; 2FC; 3SP; 3SF; 3SG; 2P","01.05 M&E","01.05.06.01.13 General Lighting",,"Point Asset","Point","Tay, Bryan","861",,"336","13/05/2025 5:19 PM","20/05/2026 5:45 PM","Gunagi, Pooja"
"(S) Antenna","Yes","ANT","ANT","Yes","No","Register","RR",,"EF_75_10_21","Data distribution and telecommunications","Ss_75_10_21_21","Data distribution systems","Pr_60_75_01","Antennas and satellite dishes","EF_75_10_21Ss_75_10_21_21Pr_60_75_01","3FC; 1FC; 2FC; 3SP; 3SF; 3SG; 2P","01.05 M&E","01.05.05.04.12 Antenna",,"Point Asset","Point","Basile, Rino",,,"3693","1/06/2026 6:36 AM","4/06/2026 4:31 PM","Ganjalibeik, Bobak"
"(S) Anti-Condensate Heater","Yes","HTR","HTR","No","Yes","Register","LV",,"EF_40_40","Equipment","Ss_70","Electrical systems","Pr_60_60","Heating and cooling source products","EF_40_40Ss_70Pr_60_60",,"01.04 Structures","01.04.04.02.03 Building Hydraulics",,"Point Asset","Point","Bird, Cheyne",,,"3699","1/06/2026 1:38 PM","3/06/2026 12:21 PM","Basile, Rino"
"(S) Apron","No","N/A",,"N/A","No","N/A","TT",,"EF_20_05_30","Foundations","Ss_20_05_15","Concrete foundation systems","Pr_20_85_14_16","Concrete solid slabs","EF_20_05_30Ss_20_05_15Pr_20_85_14_16","3FC; 1FC; 2FC; 3SP; 3SF; 3SG; 2P","N/A","N/A",,,,"Bird, Cheyne",,,"3301","7/01/2026 11:23 AM","20/05/2026 3:53 PM","Muhammad Abid-T2D"
"(S) Architectural Louvre","Yes","ALU","ALU","No","No","Model","AR","370","EF_25_30_45","Louvres","Ss_25_50_45","Louvre and screening systems","Pr_30_59_48","Louvres and components","EF_25_30_45Ss_25_50_45Pr_30_59_48","3FC; 1FC; 2FC; 3SP; 3SF; 3SG; 2P","01.05 M&E","01.05.03.06.02 Architectural Louvers",,"Point Asset","Point","Tay, Bryan","839",,"314","13/05/2025 5:19 PM","2/07/2026 12:37 PM","Carson, Morgan"
"(S) Architectural Louvre DU","Yes","ALU","ALU","No","No","Model","DU","381","EF_25_30_45","Louvres","Ss_25_50_45","Louvre and screening systems","Pr_30_59_48","Louvres and components","EF_25_30_45Ss_25_50_45Pr_30_59_48","3FC; 1FC; 2FC; 3SP; 3SF; 3SG; 2P","01.05 M&E","01.05.03.06.02 Architectural Louvers",,"Point Asset","Point","Phelan, David",,,"3279","12/12/2025 4:12 PM","20/05/2026 5:37 PM","Gunagi, Pooja"
"(S) Backflow Prevention Device","Yes","CKV","CKV","No","No","Model","HY","345","EF_55_70","Water supply","Ss_55_70","Water distribution and supply systems","Pr_65_54_95_05","Backflow prevention check valves","EF_55_70Ss_55_70Pr_65_54_95_05","3FC; 1FC; 2FC; 3SP; 3SF; 3SG; 2P","01.05 M&E","01.05.04.05.01 Valves",,"Point Asset","Point","Tay, Bryan","878",,"353","13/05/2025 5:19 PM","21/05/2026 3:42 PM","Muhammad Abid-T2D"
"(S) Battery","Yes","BAT","BAT","Yes","No","Register","ID","362","EF_70_30_45","Low-voltage electricity distribution","Ss_70_30_45_92","Uninterruptible power supply systems","Pr_60_70_64_93","Uninterruptible power supply (UPS) units","EF_70_30_45Ss_70_30_45_92Pr_60_70_64_93","3FC; 1FC; 2FC; 3SP; 3SF; 3SG; 2P","01.05 M&E","01.05.01.05.01 Uninterruptible Power Supplies",,"Point Asset","Point","Basile, Rino",,,"3240","18/11/2025 2:11 PM","20/05/2026 4:00 PM","Muhammad Abid-T2D"
"(S) Bollard","No","N/A",,"N/A","No","N/A","ID","368","EF_25_55","Barriers","Ss_25_16_94","Vehicle restraint systems","Pr_20_76_08","Bollards and impact protectors","EF_25_55Ss_25_16_94Pr_20_76_08","3FC; 1FC; 2FC; 3SP; 3SF; 3SG; 2P","N/A","N/A",,,,"Basile, Rino","994",,"484","22/05/2025 2:21 PM","20/05/2026 3:52 PM","Muhammad Abid-T2D"
"(S) Bracket","No","N/A",,"No","Yes","N/A","ME","371","EF_40_20","Fittings","Ss_20_10_75","Structural framing systems","Pr_20_29_34_16","Cast brass glass fixing brackets","EF_40_20Ss_20_10_75Pr_20_29_34_16","3FC; 1FC; 2FC; 3SP; 3SF; 3SG; 2P","N/A","N/A",,,,"Basile, Rino",,,"3591","27/04/2026 7:23 AM","20/05/2026 3:53 PM","Muhammad Abid-T2D"
"(S) Break Glass Unit","Yes","BGU","BGU","Yes","No","Model","ID","372","EF_75_50_28","Fire and smoke detection and alarms","Ss_75_50_28_29","Fire detection and alarm systems","Pr_75_80_30_50","Manual call points","EF_75_50_28Ss_75_50_28_29Pr_75_80_30_50","3FC; 1FC; 2FC; 3SP; 3SF; 3SG; 2P","01.05 M&E","01.05.02.01.08 Break Glass Unit",,"Point Asset","Point","James McKinlay-T2D",,,"2674","25/07/2025 3:13 PM","20/05/2026 5:35 PM","Gunagi, Pooja"
"(S) Cabinet - Pole Mounted","Yes","ITS","ITS","Yes","No","Model","TT","249","EF_75_30_35","Road signals and controls","Ss_75_30_35","Road signal and control systems","Pr_80_77_28_68","Equipment protection enclosures","EF_75_30_35Ss_75_30_35Pr_80_77_28_68","3FC; 1FC; 2FC; 3SP; 3SF; 3SG; 2P","01.05 M&E","01.05.05.05.19 Roadside Cabinets",,"Point Asset","Point","Tay, Bryan","742",,"216","13/05/2025 5:19 PM","20/05/2026 5:45 PM","Gunagi, Pooja"
"(S) Cabinet - Power Distribution","Yes","PDB","PDB","Yes","No","Model","TT","249","EF_70_30_45","Low-voltage electricity distribution","Ss_75_30_35","Road signal and control systems","Pr_60_70_22_11","Cable distribution cabinets","EF_70_30_45Ss_75_30_35Pr_60_70_22_11","3FC; 1FC; 2FC; 3SP; 3SF; 3SG; 2P","01.05 M&E","01.05.05.05.19 Roadside Cabinets",,"Point Asset","Point","Tay, Bryan","741",,"215","13/05/2025 5:19 PM","20/05/2026 5:51 PM","Gunagi, Pooja"
"(S) Cable Ladders (Comms Elec)","Conditional","ECL","ECL","No","Yes","Model","LV","360","EF_70_30_45","Low-voltage electricity distribution","Ss_70_30_45","Low-voltage systems","Pr_65_70_11_14","Cable ladders","EF_70_30_45Ss_70_30_45Pr_65_70_11_14","3FC; 1FC; 2FC; 3SP; 3SF; 3SG; 2P","N/A","N/A",,"Point Asset","Line","Bird, Cheyne",,,"3474","2/04/2026 4:08 PM","29/06/2026 1:45 PM","Basile, Rino"
"(S) Cable Ladders (Comms)","Conditional","CLD","CLD","No","Yes","Model","LV","360","EF_70_30_45","Low-voltage electricity distribution","Ss_70_30_45","Low-voltage systems","Pr_65_70_11_14","Cable ladders","EF_70_30_45Ss_70_30_45Pr_65_70_11_14","3FC; 1FC; 2FC; 3SP; 3SF; 3SG; 2P","N/A","N/A",,"Point Asset","Line","Bird, Cheyne",,,"3472","2/04/2026 4:06 PM","29/06/2026 1:45 PM","Basile, Rino"
"(S) Cable Ladders (Elec)","Conditional","ELD","ELD","No","Yes","Model","LV","360","EF_70_30_45","Low-voltage electricity distribution","Ss_70_30_45","Low-voltage systems","Pr_65_70_11_14","Cable ladders","EF_70_30_45Ss_70_30_45Pr_65_70_11_14","3FC; 1FC; 2FC; 3SP; 3SF; 3SG; 2P","N/A","N/A",,"Point Asset","Line","Tay, Bryan","853",,"328","13/05/2025 5:19 PM","29/06/2026 1:45 PM","Basile, Rino"
"(S) Cable Tray - Electrical","No","N/A",,"N/A","No","Model","LT","242","EF_70_30_45","Low-voltage electricity distribution","Ss_70_30_45","Low-voltage systems","Pr_65_70_11_17","Cable trays","EF_70_30_45Ss_70_30_45Pr_65_70_11_17","2; 3","01.05 M&E","01.05.01.03.02 Cable Ladders and Ducts (LV)",,,,"Bird, Cheyne",,,"3740","3/07/2026 12:18 PM","3/07/2026 12:19 PM","Bird, Cheyne"
"(S) Cable Tray (Comms Elec)","Conditional","ECT","ECT","No","Yes","Model","LV","360","EF_70_30_45","Low-voltage electricity distribution","Ss_70_30_45","Low-voltage systems","Pr_65_70_11_17","Cable trays","EF_70_30_45Ss_70_30_45Pr_65_70_11_17","3FC; 1FC; 2FC; 3SP; 3SF; 3SG; 2P","01.05 M&E","01.05.01.03.02 Cable Ladders and Ducts (LV)",,"Point Asset","Line","Zheng, Zach",,,"3475","2/04/2026 4:23 PM","29/06/2026 1:45 PM","Basile, Rino"
"(S) Cable Tray (Comms)","Conditional","CTR","CTR","No","Yes","Model","LV","360","EF_70_30_45","Low-voltage electricity distribution","Ss_70_30_45","Low-voltage systems","Pr_65_70_11_17","Cable trays","EF_70_30_45Ss_70_30_45Pr_65_70_11_17","3FC; 1FC; 2FC; 3SP; 3SF; 3SG; 2P","01.05 M&E","01.05.01.03.02 Cable Ladders and Ducts (LV)",,"Point Asset","Line","Basile, Rino",,,"3492","8/04/2026 8:45 AM","29/06/2026 1:46 PM","Basile, Rino"
"(S) Cable Tray (Elec)","Conditional","ETR","ETR","No","Yes","Model","LV","360","EF_70_30_45","Low-voltage electricity distribution","Ss_70_30_45","Low-voltage systems","Pr_65_70_11_17","Cable trays","EF_70_30_45Ss_70_30_45Pr_65_70_11_17","3FC; 1FC; 2FC; 3SP; 3SF; 3SG; 2P","01.05 M&E","01.05.01.03.02 Cable Ladders and Ducts (LV)",,"Point Asset","Line","Basile, Rino",,,"3490","8/04/2026 8:44 AM","29/06/2026 1:46 PM","Basile, Rino"
"(S) Card Reader","Yes","EDS","EDS","Yes","No","Model","ID","372","EF_75_40_02","Access control","Ss_75_40_02","Access control systems","Pr_75_30_30_80","Smart card readers and writers","EF_75_40_02Ss_75_40_02Pr_75_30_30_80","3FC; 1FC; 2FC; 3SP; 3SF; 3SG; 2P","01.05 M&E","01.05.05.04.01 Public Address System",,"Point Asset","Point","Tay, Bryan","873",,"348","13/05/2025 5:19 PM","21/05/2026 3:47 PM","Muhammad Abid-T2D"
"(S) Card Reader AR","Yes","EDS","ALU","Yes","No","Model","AR",,"EF_75_40_02","Access control","Ss_75_40_02","Access control systems","Pr_75_30_30_80","Smart card readers and writers","EF_75_40_02Ss_75_40_02Pr_75_30_30_80","3FC; 1FC; 2FC; 3SP; 3SF; 3SG; 2P","01.05 M&E","01.05.05.04.01 Public Address System",,"Point Asset","Point","Bird, Cheyne",,,"3087","11/08/2025 5:28 PM","21/05/2026 3:47 PM","Muhammad Abid-T2D"
"(S) Cassette Unit (Mechanical)","Yes","CAS","CAS","Yes","No","Model","ME","371","EF_75_70_52","Mechanical engineering services control and management","Ss_75_70_52","Mechanical engineering services control and management systems","Pr_70_65_03","Air conditioning units","EF_75_70_52Ss_75_70_52Pr_70_65_03","3FC; 1FC; 2FC; 3SP; 3SF; 3SG; 2P","01.04 Structures","01.04.04.02.04 HVAC & Exhaust Services",,"Point Asset","Point","Tay, Bryan","879",,"354","13/05/2025 5:19 PM","20/05/2026 5:35 PM","Gunagi, Pooja"
"(S) Ceiling Access Panel","No","N/A",,"N/A","No","N/A","ME","371","EF_25_30","Openings","Ss_30_30","Roof and floor opening systems","Pr_30_59_36","Hatches and access panels","EF_25_30Ss_30_30Pr_30_59_36","3FC; 1FC; 2FC; 3SP; 3SF; 3SG; 2P","N/A","N/A",,,,"Tay, Bryan","880",,"355","13/05/2025 5:19 PM","20/05/2026 3:52 PM","Muhammad Abid-T2D"
"(S) Changeable Message Sign (CMS)","Yes","CMS","CMS","Yes","No","Model","TT","250","EF_40_10","Signage","Ss_40_10_90_72","Road traffic signage systems","Pr_70_75_72_94","Variable message traffic signs","EF_40_10Ss_40_10_90_72Pr_70_75_72_94","3FC; 1FC; 2FC; 3SP; 3SF; 3SG; 2P","01.05 M&E","01.05.05.05.14 Changeable Message Signs",,"Point Asset","Point","Tay, Bryan","748",,"222","13/05/2025 5:19 PM","20/05/2026 5:35 PM","Gunagi, Pooja"
"(S) Check Valve","Yes","CKV","CKV","No","No","Model","HY","345","EF_55_70","Water supply","Ss_55_70","Water distribution and supply systems","Pr_65_54_95_80","Steel alloy check valves","EF_55_70Ss_55_70Pr_65_54_95_80","3FC; 1FC; 2FC; 3SP; 3SF; 3SG; 2P","01.05 M&E","01.05.04.05.01 Valves",,"Point Asset","Point","Tay, Bryan","881",,"356","13/05/2025 5:19 PM","21/05/2026 3:42 PM","Muhammad Abid-T2D"
"(S) Chillers","Yes","WHT","WHT","Yes","No","Model","ME","371","EF_75_70_52","Mechanical engineering services control and management","Ss_75_70_52","Mechanical engineering services control and management systems","Pr_60_60_13","Chillers and cooling towers","EF_75_70_52Ss_75_70_52Pr_60_60_13","3FC; 1FC; 2FC; 3SP; 3SF; 3SG; 2P","01.04 Structures","01.04.04.02.03 Building Hydraulics",,"Point Asset","Point","Tay, Bryan","882",,"357","13/05/2025 5:19 PM","20/05/2026 5:57 PM","Gunagi, Pooja"
"(S) Circuit Breaker - Essential Services Switchboard","Yes","CBE","CBE","No","Yes","Register","LV",,"EF_70_30_45","Low-voltage electricity distribution","Ss_70_30_25","Electrical protection systems","Pr_65_72_27","Electrical protective devices","EF_70_30_45Ss_70_30_25Pr_65_72_27","3FC; 1FC; 2FC; 3SP; 3SF; 3SG; 2P","01.05 M&E","01.05.01.03.05 Circuit Breaker (LV)",,"Point Asset","Point","Basile, Rino",,,"3468","31/03/2026 4:58 PM","20/05/2026 4:00 PM","Muhammad Abid-T2D"
"(S) Circuit Breaker - Generator Backed Distribution Board","Yes","CBG","CBG","No","Yes","Register","LV",,"EF_70_30_45","Low-voltage electricity distribution","Ss_70_30_25","Electrical protection systems","Pr_65_72_27","Electrical protective devices","EF_70_30_45Ss_70_30_25Pr_65_72_27","3FC; 1FC; 2FC; 3SP; 3SF; 3SG; 2P","01.05 M&E","01.05.01.03.05 Circuit Breaker (LV)",,"Point Asset","Point","Basile, Rino",,,"3469","31/03/2026 4:58 PM","20/05/2026 4:00 PM","Muhammad Abid-T2D"
"(S) Circuit Breaker - Mech Services Switchboard (Generator)","Yes","MSG","MSG","No","Yes","Register","LV",,"EF_70_30_45","Low-voltage electricity distribution","Ss_70_30_25","Electrical protection systems","Pr_65_72_27","Electrical protective devices","EF_70_30_45Ss_70_30_25Pr_65_72_27","3FC; 1FC; 2FC; 3SP; 3SF; 3SG; 2P","01.05 M&E","01.05.01.03.05 Circuit Breaker (LV)",,"Point Asset","Point","Basile, Rino",,,"3484","7/04/2026 5:50 PM","20/05/2026 4:10 PM","Gunagi, Pooja"
"(S) Circuit Breaker - Mech Services Switchboard (UPS)","Yes","MSU",,"No","No","Register","LV",,"EF_70_30_45","Low-voltage electricity distribution","Ss_70_30_25","Electrical protection systems","Pr_65_72_27","Electrical protective devices","EF_70_30_45Ss_70_30_25Pr_65_72_27","3FC; 1FC; 2FC; 3SP; 3SF; 3SG; 2P","01.05 M&E","01.05.01.03.05 Circuit Breaker (LV)",,,,"Bird, Cheyne",,,"3561","14/04/2026 4:04 PM","20/05/2026 4:10 PM","Gunagi, Pooja"
"(S) Circuit Breaker - Non-essential Distribution Board","Yes","CBN","CBN","No","Yes","Register","LV",,"EF_70_30_45","Low-voltage electricity distribution","Ss_70_30_25","Electrical protection systems","Pr_65_72_27","Electrical protective devices","EF_70_30_45Ss_70_30_25Pr_65_72_27","3FC; 1FC; 2FC; 3SP; 3SF; 3SG; 2P","01.05 M&E","01.05.01.03.05 Circuit Breaker (LV)",,"Point Asset","Point","Basile, Rino",,,"3470","31/03/2026 4:58 PM","20/05/2026 4:10 PM","Gunagi, Pooja"
"(S) Circular Spigot with Butterfly Damper","Yes","DWM","DVM","Yes","No","Model","ME","370","EF_75_70_52","Mechanical engineering services control and management","Ss_65","Ventilation and air conditioning systems","Pr_65_65_24_15","Constant flow dampers","EF_75_70_52Ss_65Pr_65_65_24_15","3FC; 1FC; 2FC; 3SP; 3SF; 3SG; 2P","01.05 M&E","01.05.03.02.02 Fan Dampers",,"Point Asset","Point","Tay, Bryan","883",,"358","13/05/2025 5:19 PM","20/05/2026 5:35 PM","Gunagi, Pooja"
"(S) Closed Circuit Television Cabinet","Yes","CAB","CAB","Yes","No","Model","ID","356","EF_75_10","Communication","Ss_75_10_21","Data distribution and telecommunications systems","Pr_80_77_28_70","Rack cabinets","EF_75_10Ss_75_10_21Pr_80_77_28_70","3FC; 1FC; 2FC; 3SP; 3SF; 3SG; 2P","01.05 M&E","01.05.05.04.10 Communication Rack Cabinet",,"Point Asset","Point","Tay, Bryan","850",,"325","13/05/2025 5:19 PM","20/05/2026 5:35 PM","Gunagi, Pooja"
"(S) Closure Boom Gate","Yes","BB","BB","Yes","No","Model","TT","251","EF_75_30_35","Road signals and controls","Ss_75_30_35","Road signal and control systems","Pr_30_59_59_72","Rising arm vehicular barriers","EF_75_30_35Ss_75_30_35Pr_30_59_59_72","3FC; 1FC; 2FC; 3SP; 3SF; 3SG; 2P","01.05 M&E","01.05.05.05.18 Tunnel closure system (Boom Gate System)",,"Point Asset","Point","Tay, Bryan","760",,"234","13/05/2025 5:19 PM","20/05/2026 5:35 PM","Gunagi, Pooja"
"(S) Communication Equipment Rack","Yes","CAB","CAB","Yes","No","Model","CO","342","EF_75_10","Communication","Ss_75_10_21","Data distribution and telecommunications systems","Pr_80_77_28_70","Rack cabinets","EF_75_10Ss_75_10_21Pr_80_77_28_70","3FC; 1FC; 2FC; 3SP; 3SF; 3SG; 2P","01.05 M&E","01.05.05.04.10 Communication Rack Cabinet",,"Point Asset","Point","Tay, Bryan","841",,"316","13/05/2025 5:19 PM","20/05/2026 5:35 PM","Gunagi, Pooja"
"(S) Communications Conduit - In Barrier","Conditional","CCD","CCD","No","No","Model","TT","255","EF_75_10","Communication","Ss_75_40_53","Monitoring systems","Pr_65_70_11_71","Rigid conduit","EF_75_10Ss_75_40_53Pr_65_70_11_71","3FC; 1FC; 2FC; 3SP; 3SF; 3SG; 2P","N/A","N/A",,"Point Asset",,"Tay, Bryan","769",,"243","13/05/2025 5:19 PM","21/05/2026 3:42 PM","Muhammad Abid-T2D"
"(S) Communications Conduit - In Bore","Conditional","CCD","CCD","No","No","Model","TT","255","EF_75_10","Communication","Ss_75_40_53","Monitoring systems","Pr_65_70_11_09","Buried conduit","EF_75_10Ss_75_40_53Pr_65_70_11_09","3FC; 1FC; 2FC; 3SP; 3SF; 3SG; 2P","N/A","N/A",,"Point Asset",,"Tay, Bryan","768",,"242","13/05/2025 5:19 PM","21/05/2026 3:42 PM","Muhammad Abid-T2D"
"(S) Communications Conduit - In fill","Conditional","CCD","CCD","No","No","Model","TT","255","EF_75_10","Communication","Ss_75_40_53","Monitoring systems","Pr_65_70_11_71","Rigid conduit","EF_75_10Ss_75_40_53Pr_65_70_11_71","3FC; 1FC; 2FC; 3SP; 3SF; 3SG; 2P","N/A","N/A",,"Point Asset",,"Seco, Jermaine",,,"3448","23/03/2026 11:36 AM","21/05/2026 3:42 PM","Muhammad Abid-T2D"
"(S) Communications Conduit - In Trench","Conditional","CCD","CCD","No","No","Model","TT","255","EF_75_10","Communication","Ss_75_40_53","Monitoring systems","Pr_65_70_11_09","Buried conduit","EF_75_10Ss_75_40_53Pr_65_70_11_09","3FC; 1FC; 2FC; 3SP; 3SF; 3SG; 2P","N/A","N/A",,"Point Asset",,"Tay, Bryan","767",,"241","13/05/2025 5:19 PM","21/05/2026 3:42 PM","Muhammad Abid-T2D"
"(S) Communications Conduit - Structures","Conditional","CCD","CCD","No","No","Model","TT","255","EF_75_10","Communication","Ss_75_40_53","Monitoring systems","Pr_65_70_11_71","Rigid conduit","EF_75_10Ss_75_40_53Pr_65_70_11_71","3FC; 1FC; 2FC; 3SP; 3SF; 3SG; 2P","N/A","N/A",,"Point Asset",,"Seco, Jermaine",,,"3449","23/03/2026 11:37 AM","21/05/2026 3:42 PM","Muhammad Abid-T2D"
"(S) Communications Pit UC","Yes","CPT","CPT","Yes","No","Model","UC",,"EF_75_10","Communication","Ss_75_40_53","Monitoring systems","Pr_65_52_25_15","Concrete catch pits","EF_75_10Ss_75_40_53Pr_65_52_25_15","3FC; 1FC; 2FC; 3SP; 3SF; 3SG; 2P","01.05 M&E","01.05.05.05.22 ITS Cable Pit (Communication Cable Pit)",,"Point Asset","Point","Bird, Cheyne","766",,"3549","13/04/2026 5:44 PM","20/05/2026 5:37 PM","Gunagi, Pooja"
"(S) Concrete Plinth","No","N/A",,"N/A","No","N/A","PLACEHOLDER",,"EF_20_05_30","Foundations","Ss_20_05_50_65","Precast concrete foundation and plinth systems","Pr_20","Structure and general products","EF_20_05_30Ss_20_05_50_65Pr_20","3FC; 1FC; 2FC; 3SP; 3SF; 3SG; 2P","N/A","N/A",,,,"Basile, Rino",,,"524","10/06/2025 11:00 AM","20/05/2026 3:52 PM","Muhammad Abid-T2D"
"(S) Control Panel - Lighting","Yes","LCP","LCP","Yes","No","Model","LV","362","EF_70_30_45","Low-voltage electricity distribution","Ss_70_30_45_45","Low-voltage distribution systems","Pr_75_50_18_93","Utility supply control panels","EF_70_30_45Ss_70_30_45_45Pr_75_50_18_93","3FC; 1FC; 2FC; 3SP; 3SF; 3SG; 2P","01.05 M&E","01.05.06.01.01 Tunnel Lighting Control Panel",,"Point Asset","Point","Tay, Bryan","860",,"335","13/05/2025 5:19 PM","20/05/2026 5:45 PM","Gunagi, Pooja"
"(S) Control Panel - Pumps","Yes","PCP","PCP","Yes","No","Model","HY","361","EF_55_30_98","Water fire suppression supply","Ss_55_70","Water distribution and supply systems","Pr_75_50_18_51","Mechanical services control panels","EF_55_30_98Ss_55_70Pr_75_50_18_51","3FC; 1FC; 2FC; 3SP; 3SF; 3SG; 2P","01.05 M&E","01.05.01.03.07 Control Panel - Pumps",,"Point Asset","Point","Tay, Bryan","884",,"359","13/05/2025 5:20 PM","20/05/2026 5:51 PM","Gunagi, Pooja"
"(S) Controller (ID)","Yes","CTL","CTL","No","No","Register","ID",,"EF_40_40","Equipment","Ss_75_40_02","Access control systems","Pr_75_30_30","Electronic access control and recording products","EF_40_40Ss_75_40_02Pr_75_30_30",,"01.05 M&E","01.05.05.05.25 Controller",,"Point Asset","Point","Basile, Rino",,,"3659","19/05/2026 4:26 PM","20/05/2026 4:10 PM","Gunagi, Pooja"
"(S) CRAC Unit","Yes","CRC","CRC","Yes","Yes","Model","ME","371","EF_65_80","Air conditioning","Ss_65_80","Air conditioning systems","Pr_70_65_03","Air conditioning units","EF_65_80Ss_65_80Pr_70_65_03","3FC; 1FC; 2FC; 3SP; 3SF; 3SG; 2P","01.05 M&E","01.05.01.03.02 Cable Ladders and Ducts (LV)",,"Point Asset","Point","Basile, Rino",,,"3320","28/01/2026 9:05 AM","20/05/2026 5:37 PM","Gunagi, Pooja"
"(S) DALI Controller","Yes","DAL","DAL","No","Yes","Register","LV","361","EF_70_80","Lighting","Ss_70_80","Lighting systems","Pr_75_50_20","Controllers and control components","EF_70_80Ss_70_80Pr_75_50_20","3FC; 1FC; 2FC; 3SP; 3SF; 3SG; 2P","01.05 M&E","01.05.05.05.31 Switch",,"Point Asset","Point","Basile, Rino",,,"3221","28/10/2025 4:55 PM","20/05/2026 4:10 PM","Gunagi, Pooja"
"(S) Damper - General","Yes","DWM","DWM","Yes","Yes","Model","ME","370","EF_75_70_52","Mechanical engineering services control and management","Ss_65","Ventilation and air conditioning systems","Pr_65_65_24","Duct dampers","EF_75_70_52Ss_65Pr_65_65_24","3FC; 1FC; 2FC; 3SP; 3SF; 3SG; 2P","01.05 M&E","01.05.03.02.02 Fan Dampers",,"Point Asset","Point","Tay, Bryan","885",,"360","13/05/2025 5:20 PM","20/05/2026 5:35 PM","Gunagi, Pooja"
"(S) DC Power Supply","Yes","PSU","PSU","No","No","Model","FD","362","EF_70_30_45","Low-voltage electricity distribution","Ss_70_30_45_23","Direct current (d.c.) supply systems","Pr_60_70_90_22","Direct current (d.c.) power supply units","EF_70_30_45Ss_70_30_45_23Pr_60_70_90_22","3FC; 1FC; 2FC; 3SP; 3SF; 3SG; 2P","01.05 M&E","01.05.01.03.09 Essential Electrical Distribution Board",,"Point Asset","Point","Tay, Bryan","859",,"334","13/05/2025 5:19 PM","20/05/2026 5:51 PM","Gunagi, Pooja"
"(S) DC Power Supply LT","Yes","PSU","PSU","No","No","Model","LT","362","EF_70_30_45","Low-voltage electricity distribution","Ss_70_30_45_23","Direct current (d.c.) supply systems","Pr_60_70_90_22","Direct current (d.c.) power supply units","EF_70_30_45Ss_70_30_45_23Pr_60_70_90_22","2; 3","01.05 M&E","01.05.01.03.09 Essential Electrical Distribution Board",,"Point Asset","Point","Bird, Cheyne",,,"3717","19/06/2026 3:41 PM","19/06/2026 3:54 PM","Taylor, Daniel"
"(S) Detector Loop","Yes","VDL","VDL","Yes","No","Model","TT","251","EF_75_30_35","Road signals and controls","Ss_75_70_90_91","Traffic management control systems","Pr_70_75_72_22","Detector loops","EF_75_30_35Ss_75_70_90_91Pr_70_75_72_22","3FC; 1FC; 2FC; 3SP; 3SF; 3SG; 2P","01.05 M&E","01.05.05.01.05 Traffic Loop & Detection System",,"Point Asset","Point","Tay, Bryan","759",,"233","13/05/2025 5:19 PM","21/05/2026 4:22 PM","Muhammad Abid-T2D"
"(S) Detector Loop Pit","Yes","EVP","EVP","Yes","No","Model","TT","254","EF_75_30_35","Road signals and controls","Ss_75_70_90_91","Traffic management control systems","Pr_65_52_25_15","Concrete catch pits","EF_75_30_35Ss_75_70_90_91Pr_65_52_25_15","3FC; 1FC; 2FC; 3SP; 3SF; 3SG; 2P","01.05 M&E","01.05.05.01.05 Traffic Loop & Detection System",,"Point Asset","Point","Tay, Bryan","765",,"239","13/05/2025 5:19 PM","20/05/2026 5:35 PM","Gunagi, Pooja"
"(S) Door Switch","Yes","DSW","DSW","No","No","Model","ID",,"EF_75_30_35","Road signals and controls","Ss_75_30_35","Road signal and control systems","Pr_75_30_27","Electric door-locking hardware","EF_75_30_35Ss_75_30_35Pr_75_30_27","3FC; 1FC; 2FC; 3SP; 3SF; 3SG; 2P","01.05 M&E",,,"Point Asset","Point","Basile, Rino",,,"3626","13/05/2026 4:20 PM","21/05/2026 4:25 PM","Muhammad Abid-T2D"
"(S) Drainage Pipe PH","No","N/A",,"N/A","No","Model","PLACEHOLDER",,"EF_50_70","Drainage treatment and disposal","Ss_50_30_02","Rainwater drainage systems","Pr_65_52_63","Pipes and fittings","EF_50_70Ss_50_30_02Pr_65_52_63","3FC; 1FC; 2FC; 3SP; 3SF; 3SG; 2P","N/A","N/A",,,,"Bird, Cheyne",,,"3720","22/06/2026 1:21 PM","22/06/2026 1:23 PM","Bird, Cheyne"
"(S) Duct Insulation","No","N/A",,"N/A","No","N/A","ME",,"EF_65","Ventilation and air conditioning functions","Ss_65","Ventilation and air conditioning systems","Pr_80_77_76","Services insulation and protection products","EF_65Ss_65Pr_80_77_76","3FC; 1FC; 2FC; 3SP; 3SF; 3SG; 2P","N/A","N/A",,,,"Basile, Rino","1,002",,"492","26/05/2025 1:45 PM","20/05/2026 3:52 PM","Muhammad Abid-T2D"
"(S) Duct Lining","No","N/A",,"N/A","No","N/A","ME",,"EF_65","Ventilation and air conditioning functions","Ss_65","Ventilation and air conditioning systems","Pr_80_77_76","Services insulation and protection products","EF_65Ss_65Pr_80_77_76","3FC; 1FC; 2FC; 3SP; 3SF; 3SG; 2P","N/A","N/A",,,,"Basile, Rino","1,002",,"3453","24/03/2026 9:58 AM","20/05/2026 3:53 PM","Muhammad Abid-T2D"
"(S) Ducts","Conditional","DSA","DSA","No","No","Model","ME","370","EF_75_70_52","Mechanical engineering services control and management","Ss_75_70_52","Mechanical engineering services control and management systems","Pr_65_65_25","Ductwork and fittings","EF_75_70_52Ss_75_70_52Pr_65_65_25","3FC; 1FC; 2FC; 3SP; 3SF; 3SG; 2P","N/A","N/A",,"Point Asset","Line","Basile, Rino",,,"3452","24/03/2026 8:14 AM","21/05/2026 3:42 PM","Muhammad Abid-T2D"
"(S) Ducts Exhaust Air","Conditional","DEA","DEA","No","No","Model","ME","370","EF_75_70_52","Mechanical engineering services control and management","Ss_75_70_52","Mechanical engineering services control and management systems","Pr_65_65_25","Ductwork and fittings","EF_75_70_52Ss_75_70_52Pr_65_65_25","3FC; 1FC; 2FC; 3SP; 3SF; 3SG; 2P","N/A","N/A",,"Point Asset","Line","Tay, Bryan","886",,"361","13/05/2025 5:20 PM","21/05/2026 3:42 PM","Muhammad Abid-T2D"
"(S) Ducts Make Up Air","Conditional","DMA","DMA","No","No","Model","ME","370","EF_75_70_52","Mechanical engineering services control and management","Ss_75_70_52","Mechanical engineering services control and management systems","Pr_65_65_25","Ductwork and fittings","EF_75_70_52Ss_75_70_52Pr_65_65_25","3FC; 1FC; 2FC; 3SP; 3SF; 3SG; 2P","N/A","N/A",,"Point Asset","Line","Bird, Cheyne",,,"3427","17/03/2026 4:51 PM","21/05/2026 3:42 PM","Muhammad Abid-T2D"
"(S) Ducts Outside Air","Conditional","DOA","DOA","No","No","Model","ME","370","EF_75_70_52","Mechanical engineering services control and management","Ss_75_70_52","Mechanical engineering services control and management systems","Pr_65_65_25","Ductwork and fittings","EF_75_70_52Ss_75_70_52Pr_65_65_25","3FC; 1FC; 2FC; 3SP; 3SF; 3SG; 2P","N/A","N/A",,"Point Asset","Line","Bird, Cheyne",,,"3428","17/03/2026 4:51 PM","21/05/2026 3:42 PM","Muhammad Abid-T2D"
"(S) Ducts Return Air","Conditional","DRA","DRA","No","No","Model","ME","370","EF_75_70_52","Mechanical engineering services control and management","Ss_75_70_52","Mechanical engineering services control and management systems","Pr_65_65_25","Ductwork and fittings","EF_75_70_52Ss_75_70_52Pr_65_65_25","3FC; 1FC; 2FC; 3SP; 3SF; 3SG; 2P","N/A","N/A",,"Point Asset","Line","Bird, Cheyne",,,"3461","27/03/2026 9:24 AM","21/05/2026 3:42 PM","Muhammad Abid-T2D"
"(S) Ducts Supply Air","Conditional","DSA","DSA","No","No","Model","ME","370","EF_75_70_52","Mechanical engineering services control and management","Ss_75_70_52","Mechanical engineering services control and management systems","Pr_65_65_25","Ductwork and fittings","EF_75_70_52Ss_75_70_52Pr_65_65_25","3FC; 1FC; 2FC; 3SP; 3SF; 3SG; 2P","N/A","N/A",,"Point Asset","Line","Bird, Cheyne",,,"3429","17/03/2026 4:51 PM","21/05/2026 3:42 PM","Muhammad Abid-T2D"
"(S) Ducts Transfer Air","Conditional","DTA","DTA","No","No","Model","ME","370","EF_75_70_52","Mechanical engineering services control and management","Ss_75_70_52","Mechanical engineering services control and management systems","Pr_65_65_25","Ductwork and fittings","EF_75_70_52Ss_75_70_52Pr_65_65_25","3FC; 1FC; 2FC; 3SP; 3SF; 3SG; 2P","N/A","N/A",,"Point Asset","Line","Bird, Cheyne",,,"3462","27/03/2026 9:25 AM","21/05/2026 3:42 PM","Muhammad Abid-T2D"
"(S) Earthing Pit","Yes","EEL","EEL","Yes","No","Model","LV","363","EF_70_30_45","Low-voltage electricity distribution","Ss_70_30_25_25","Earthing and bonding systems","Pr_65_70_46","Lightning protection and earthing components","EF_70_30_45Ss_70_30_25_25Pr_65_70_46","3FC; 1FC; 2FC; 3SP; 3SF; 3SG; 2P","01.05 M&E","01.05.01.01.14 Earthing Electrode",,"Point Asset","Point","Tay, Bryan","862",,"337","13/05/2025 5:19 PM","20/05/2026 5:35 PM","Gunagi, Pooja"
"(S) Electric Actuator","Yes","EAV","EAV","No","No","N/A","EL","374","EF_55_30","Fire-extinguishing supply","Ss_55_30","Fire-extinguishing systems","Pr_75_50_02","Actuators","EF_55_30Ss_55_30Pr_75_50_02","3FC; 1FC; 2FC; 3SP; 3SF; 3SG; 2P","01.05 M&E","01.05.04.05.01 Valves & Actuators",,"Point Asset","Point","Bird, Cheyne",,,"3521","13/04/2026 12:27 PM","25/05/2026 11:31 AM","Basile, Rino"
"(S) Electric Door Strike","Yes","EDS","EDS","Yes","No","Model","ID","372","EF_75_40_02","Access control","Ss_75_40_02","Access control systems","Pr_75_30_27_26","Electric strikes and faceplates","EF_75_40_02Ss_75_40_02Pr_75_30_27_26","3FC; 1FC; 2FC; 3SP; 3SF; 3SG; 2P","01.05 M&E","01.05.05.04.01 Public Address System",,"Point Asset","Point","Tay, Bryan","871",,"346","13/05/2025 5:19 PM","21/05/2026 3:47 PM","Muhammad Abid-T2D"
"(S) Electric Mortice Lock","Yes","EDS","EDS","Yes","No","Model","ID","372","EF_75_40_02","Access control","Ss_75_40_02","Access control systems","Pr_75_30_27","Electric door-locking hardware","EF_75_40_02Ss_75_40_02Pr_75_30_27","3FC; 1FC; 2FC; 3SP; 3SF; 3SG; 2P","01.05 M&E","01.05.05.04.01 Public Address System",,"Point Asset","Point","Tay, Bryan","872",,"347","13/05/2025 5:19 PM","21/05/2026 3:47 PM","Muhammad Abid-T2D"
"(S) Electric Vehicle Charger","Yes","EVC","EVC","Yes","No","Model","LV","368","Ef_70","Electrical power and lighting functions","Ss_70_30_94_27","Electric vehicle charging systems","Pr_65","Services and process distribution products","Ef_70Ss_70_30_94_27Pr_65","3FC; 1FC; 2FC; 3SP; 3SF; 3SG; 2P","01.05 M&E","01.05.01.03.11 General Power outlets (GPO)",,"Point Asset","Point","Basile, Rino","995",,"485","22/05/2025 2:21 PM","20/05/2026 5:35 PM","Gunagi, Pooja"
"(S) Electrical Conduit - In Barrier","Conditional","ECD","ECD","No","No","Model","TT","255","EF_70_30","Electricity distribution","Ss_75_30_35","Road signal and control systems","Pr_65_70_11_71","Rigid conduit","EF_70_30Ss_75_30_35Pr_65_70_11_71","3FC; 1FC; 2FC; 3SP; 3SF; 3SG; 2P","N/A","N/A",,"Point Asset","Line","Tay, Bryan","774",,"248","13/05/2025 5:19 PM","21/05/2026 3:42 PM","Muhammad Abid-T2D"
"(S) Electrical Conduit - In Bore","Conditional","ECD","ECD","No","No","Model","TT","255","EF_70_30","Electricity distribution","Ss_75_30_35","Road signal and control systems","Pr_65_70_11_09","Buried conduit","EF_70_30Ss_75_30_35Pr_65_70_11_09","3FC; 1FC; 2FC; 3SP; 3SF; 3SG; 2P","N/A","N/A",,"Point Asset","Line","Tay, Bryan","773",,"247","13/05/2025 5:19 PM","21/05/2026 3:42 PM","Muhammad Abid-T2D"
"(S) Electrical Conduit - In fill","Conditional","ECD","ECD","No","No","Model","TT","255","EF_70_30","Electricity distribution","Ss_75_30_35","Road signal and control systems","Pr_65_70_11_71","Rigid conduit","EF_70_30Ss_75_30_35Pr_65_70_11_71","3FC; 1FC; 2FC; 3SP; 3SF; 3SG; 2P","N/A","N/A",,"Point Asset","Line","Seco, Jermaine",,,"3446","23/03/2026 11:34 AM","21/05/2026 3:42 PM","Muhammad Abid-T2D"
"(S) Electrical Conduit - In Trench","Conditional","ECD","ECD","No","No","Model","TT","255","EF_70_30","Electricity distribution","Ss_75_30_35","Road signal and control systems","Pr_65_70_11_09","Buried conduit","EF_70_30Ss_75_30_35Pr_65_70_11_09","3FC; 1FC; 2FC; 3SP; 3SF; 3SG; 2P","N/A","N/A",,"Point Asset","Line","Tay, Bryan","772",,"246","13/05/2025 5:19 PM","21/05/2026 3:42 PM","Muhammad Abid-T2D"
"(S) Electrical Conduit - Structures","Conditional","ECD","ECD","No","No","Model","TT","255","EF_70_30","Electricity distribution","Ss_75_30_35","Road signal and control systems","Pr_65_70_11_71","Rigid conduit","EF_70_30Ss_75_30_35Pr_65_70_11_71","3FC; 1FC; 2FC; 3SP; 3SF; 3SG; 2P","N/A","N/A",,"Point Asset","Line","Seco, Jermaine",,,"3447","23/03/2026 11:35 AM","21/05/2026 3:42 PM","Muhammad Abid-T2D"
"(S) Electrical Conduits","Conditional","ECD","ECD","No","No","Model","EL","360","EF_70_30","Electricity distribution","Ss_70_30","Electricity distribution systems","Pr_65_70_11_71","Rigid conduit","EF_70_30Ss_70_30Pr_65_70_11_71","3FC; 1FC; 2FC; 3SP; 3SF; 3SG; 2P","N/A","N/A",,"Point Asset","Line","Tay, Bryan","852",,"327","13/05/2025 5:19 PM","21/05/2026 3:42 PM","Muhammad Abid-T2D"
"(S) Electrical Conduits UE","Conditional","ECD","ECD","No","No","Model","UE",,"EF_70_30","Electricity distribution","Ss_70_30","Electricity distribution systems","Pr_65_70_11_71","Rigid conduit","EF_70_30Ss_70_30Pr_65_70_11_71","3FC; 1FC; 2FC; 3SP; 3SF; 3SG; 2P","N/A","N/A",,"Point Asset","Line","Bird, Cheyne","852",,"3545","13/04/2026 5:42 PM","21/05/2026 3:42 PM","Muhammad Abid-T2D"
"(S) Electrical Pit","Yes","LPT","LPT","Yes","No","Model","LV","360","EF_70_30","Electricity distribution","Ss_75_30_35","Road signal and control systems","Pr_65_52_25_15","Concrete catch pits","EF_70_30Ss_75_30_35Pr_65_52_25_15","3FC; 1FC; 2FC; 3SP; 3SF; 3SG; 2P","01.05 M&E","01.05.01.03.03 Cable Pits (LV)",,"Point Asset","Point","Tay, Bryan","764",,"238","13/05/2025 5:19 PM","20/05/2026 5:45 PM","Gunagi, Pooja"
"(S) Electricity Meter","Yes","PQM","PQM","Yes","No","Model","LV","368","EF_70_30_45","Low-voltage electricity distribution","Ss_70_30_45_45","Low-voltage distribution systems","Pr_80_51_51_63","Power factor meters","EF_70_30_45Ss_70_30_45_45Pr_80_51_51_63","3FC; 1FC; 2FC; 3SP; 3SF; 3SG; 2P","01.05 M&E","01.05.01.03.13 Instrumentation & Meters (LV)",,"Point Asset","Point","Basile, Rino",,,"3242","18/11/2025 2:49 PM","21/05/2026 4:22 PM","Muhammad Abid-T2D"
"(S) Electromagnetic Lock","Yes","EDS","EDS","Yes","No","Model","ID","372","EF_75_40_02","Access control","Ss_75_40_02","Access control systems","Pr_75_30_27_50","Magnetic locks","EF_75_40_02Ss_75_40_02Pr_75_30_27_50","3FC; 1FC; 2FC; 3SP; 3SF; 3SG; 2P","01.05 M&E","01.05.05.04.01 Public Address System",,"Point Asset","Point","Tay, Bryan","870",,"345","13/05/2025 5:19 PM","21/05/2026 3:47 PM","Muhammad Abid-T2D"
"(S) Electronic Median Gate","Yes","EMG","EMG","Yes","No","Model","TT","251","EF_25_55","Barriers","Ss_25_32_35","Gate systems","Pr_30_59_59","Vehicular barriers","EF_25_55Ss_25_32_35Pr_30_59_59","3FC; 1FC; 2FC; 3SP; 3SF; 3SG; 2P","01.03 Roadside","01.03.02.02.01 Gates",,"Point Asset","Point","Tay, Bryan","758",,"232","13/05/2025 5:19 PM","20/05/2026 5:35 PM","Gunagi, Pooja"
"(S) Emergency Lighting Luminaire","Yes","LTE","LTE","Yes","No","Model","EL","368","EF_70_80","Lighting","Ss_70_80_33_78","Self-contained emergency lighting systems","Pr_70_70_48_25","Emergency luminaires","EF_70_80Ss_70_80_33_78Pr_70_70_48_25","3FC; 1FC; 2FC; 3SP; 3SF; 3SG; 2P","01.05 M&E","01.05.02.11.03 Wayfinding Emergency Exit",,"Point Asset","Point","Tay, Bryan","953",,"428","13/05/2025 5:46 PM","20/05/2026 5:45 PM","Gunagi, Pooja"
"(S) Emergency Lighting Luminaire - Downlight","Yes","DLT","DLT","Yes","No","Model","EL","368","EF_70_80","Lighting","Ss_70_80_33_78","Self-contained emergency lighting systems","Pr_70_70_48_24","Downlights","EF_70_80Ss_70_80_33_78Pr_70_70_48_24","3FC; 1FC; 2FC; 3SP; 3SF; 3SG; 2P","01.05 M&E","01.05.02.11.01 Egress door emergency down-lighting",,"Point Asset","Point","Tay, Bryan","954",,"429","13/05/2025 5:46 PM","20/05/2026 5:35 PM","Gunagi, Pooja"
"(S) Emergency Lighting Luminaire - Floodlight","Yes","DLT","DLT","Yes","No","Model","EL","368","EF_70_80","Lighting","Ss_70_80_33_78","Self-contained emergency lighting systems","Pr_70_70_48_24","Downlights","EF_70_80Ss_70_80_33_78Pr_70_70_48_24","3FC; 1FC; 2FC; 3SP; 3SF; 3SG; 2P","01.05 M&E","01.05.02.11.01 Egress door emergency down-lighting",,"Point Asset","Point","Tay, Bryan","952",,"427","13/05/2025 5:46 PM","20/05/2026 5:35 PM","Gunagi, Pooja"
"(S) Essential Power External Isolator","Yes","ISO","ISO","No","Yes","Register","LV",,"EF_70_30_45","Low-voltage electricity distribution","Ss_70_30_45_45","Low-voltage distribution systems","Pr_60_70_48_47","Low-voltage switch-disconnectors","EF_70_30_45Ss_70_30_45_45Pr_60_70_48_47","3FC; 1FC; 2FC; 3SP; 3SF; 3SG; 2P","01.05 M&E","01.05.01.03.14 Isolation Breaker (LV)",,"Point Asset","Point","Basile, Rino",,,"3480","7/04/2026 5:30 PM","20/05/2026 4:10 PM","Gunagi, Pooja"
"(S) Ethernet Data Port Outlet","Yes","NWK","NWK","Yes","No","Model","CD","342","EF_75_10_21","Data distribution and telecommunications","Ss_75_10_21","Data distribution and telecommunications systems","Pr_70_75_52_64","Power over ethernet (POE) network switches","EF_75_10_21Ss_75_10_21Pr_70_75_52_64","3FC; 1FC; 2FC; 3SP; 3SF; 3SG; 2P","01.05 M&E","01.05.05.02.01 Data communications Network",,"Point Asset","Point","Tay, Bryan","840",,"315","13/05/2025 5:19 PM","20/05/2026 5:51 PM","Gunagi, Pooja"
"(S) Exhaust Air Fan","Yes","EAF","EAF","Yes","Yes","Model","ME","371","EF_65_40_94","Vehicular space ventilation","Ss_65_40_94","Vehicular space ventilation systems","Pr_65_67_29","Fans","EF_65_40_94Ss_65_40_94Pr_65_67_29","3FC; 1FC; 2FC; 3SP; 3SF; 3SG; 2P","01.05 M&E","01.04.04.02.04 HVAC & Exhaust Services",,"Point Asset","Point","Basile, Rino",,,"3305","15/01/2026 9:03 AM","2/06/2026 12:23 PM","Mazarei, Ashkan (DIT)"
"(S) Existing Asset","N/A","N/A",,"N/A","No","Model",,,"N/A","N/A","N/A","N/A","N/A","N/A","N/AN/AN/A",,"N/A","N/A",,,,"Bird, Cheyne",,,"3682","21/05/2026 11:26 AM","21/05/2026 12:29 PM","Bird, Cheyne"
"(S) Exit Sign","Yes","LES","LES","Yes","No","Model","EL","368","Ef_40","Signage, fittings, furnishings and equipment","Ss_40","Signage, fittings, furnishings and equipment (FF&E) and general finishing systems","Pr_40_10_57_45","Internally illuminated emergency exit signs","Ef_40Ss_40Pr_40_10_57_45","3FC; 1FC; 2FC; 3SP; 3SF; 3SG; 2P","01.05 M&E","01.05.02.11.03 Wayfinding Emergency Exit",,"Point Asset","Point","Basile, Rino","999",,"489","25/05/2025 8:48 AM","21/05/2026 4:18 PM","Muhammad Abid-T2D"
"(S) Exit Sign_Wall Mounted","Yes","LES","LES","Yes","No","Model","EL","368","Ef_40","Signage, fittings, furnishings and equipment","Ss_40","Signage, fittings, furnishings and equipment (FF&E) and general finishing systems","Pr_40_10_57_45","Internally illuminated emergency exit signs","Ef_40Ss_40Pr_40_10_57_45","3FC; 1FC; 2FC; 3SP; 3SF; 3SG; 2P","01.05 M&E","01.05.02.11.03 Wayfinding Emergency Exit",,"Point Asset","Point","Basile, Rino","1,000",,"490","25/05/2025 8:49 AM","21/05/2026 4:18 PM","Muhammad Abid-T2D"
"(S) External Isolator","Yes","ISO","ISO","No","No","Register","LV",,"EF_70_30_45","Low-voltage electricity distribution","Ss_70_30_45_45","Low-voltage distribution systems","Pr_60_70_48_47","Low-voltage switch-disconnectors","EF_70_30_45Ss_70_30_45_45Pr_60_70_48_47","3FC; 1FC; 2FC; 3SP; 3SF; 3SG; 2P","01.05 M&E","01.05.01.03.14 Isolation Breaker (LV)",,"Point Asset","Point","Basile, Rino",,,"3420","5/03/2026 2:14 PM","20/05/2026 4:10 PM","Gunagi, Pooja"
"(S) Facility Light Pole","Yes","RL","RL","Yes","No","Model","LV","368","EF_70_80","Lighting","Ss_70_80_25_59","Outdoor workplace lighting systems","Pr_80_77_48_80","Steel lighting columns","EF_70_80Ss_70_80_25_59Pr_80_77_48_80","3FC; 1FC; 2FC; 3SP; 3SF; 3SG; 2P","01.05 M&E","01.05.06.01.12 Surface Road and Interchange Lighting",,"Point Asset","Point","Basile, Rino",,,"3196","7/10/2025 10:48 AM","20/05/2026 5:52 PM","Gunagi, Pooja"
"(S) Fan Mechanical","Yes","FAN","FAN","Yes","No","Model","ME","371","EF_65","Ventilation and air conditioning functions","Ss_65","Ventilation and air conditioning systems","Pr_65","Services and process distribution products","EF_65Ss_65Pr_65","3FC; 1FC; 2FC; 3SP; 3SF; 3SG; 2P","01.05 M&E","01.05.03.01.03 Fan other (building ventilation)",,"Point Asset","Point","Basile, Rino",,,"523","6/06/2025 9:40 AM","20/05/2026 5:35 PM","Gunagi, Pooja"
"(S) Fancoil unit (Mechanical)","Yes","FCU","FCU","Yes","Yes","Model","ME","371","EF_75_70_52","Mechanical engineering services control and management","Ss_75_70_52","Mechanical engineering services control and management systems","Pr_70_65_03_29","Fan coil units","EF_75_70_52Ss_75_70_52Pr_70_65_03_29","3FC; 1FC; 2FC; 3SP; 3SF; 3SG; 2P","01.04 Structures","01.04.04.02.04 HVAC & Exhaust Services",,"Point Asset","Point","Tay, Bryan","887",,"362","13/05/2025 5:20 PM","20/05/2026 5:35 PM","Gunagi, Pooja"
"(S) FDCIE Panel","Yes","SFIP","SFIP","Yes","Yes","Model","FD","350","EF_75_50_28","Fire and smoke detection and alarms","Ss_75_50_28_29","Fire detection and alarm systems","Pr_75_80_30_29","Fire alarm panels","EF_75_50_28Ss_75_50_28_29Pr_75_80_30_29","3FC; 1FC; 2FC; 3SP; 3SF; 3SG; 2P","01.05 M&E","01.05.02.01.12 Fire Panel",,"Point Asset","Point","Tay, Bryan","888",,"363","13/05/2025 5:20 PM","20/05/2026 5:51 PM","Gunagi, Pooja"
"(S) Fire Blanket","Yes","FBL","FBL","Yes","No","Model","FD","348","EF_55_30","Fire-extinguishing supply","Ss_55_30_65_30","Fire blanket systems","Pr_40_50_28_29","Fire protective blankets","EF_55_30Ss_55_30_65_30Pr_40_50_28_29","3FC; 1FC; 2FC; 3SP; 3SF; 3SG; 2P","01.05 M&E","01.05.02.05.01 Fire Blanket",,"Point Asset","Point","Basile, Rino","993",,"483","22/05/2025 2:10 PM","20/05/2026 5:35 PM","Gunagi, Pooja"
"(S) Fire Emergency Telephone System","Yes","WIP","WIP","Yes","No","Model","UE","350","EF_75_10_72","Emergency communications","Ss_75_10_72_72","Road emergency communication systems","Pr_70_75_88_27","Emergency roadside telephones","EF_75_10_72Ss_75_10_72_72Pr_70_75_88_27","3FC; 1FC; 2FC; 3SP; 3SF; 3SG; 2P","01.05 M&E","01.05.05.04.07 Fire Emergency Telephone System",,"Point Asset","Point","Tay, Bryan","889",,"364","13/05/2025 5:20 PM","20/05/2026 5:57 PM","Gunagi, Pooja"
"(S) Fire Hose Reels","Yes","HRL","HRL","Yes","No","Model","FE","345","EF_55_30_96","Water firefighting supply","Ss_55_30_96","Water firefighting systems","Pr_65_52_38_30","Fire hose reels","EF_55_30_96Ss_55_30_96Pr_65_52_38_30","3FC; 1FC; 2FC; 3SP; 3SF; 3SG; 2P","01.05 M&E","01.05.02.03.01 Fire Hose Reels",,"Point Asset","Point","Basile, Rino",,,"3243","18/11/2025 3:30 PM","20/05/2026 5:45 PM","Gunagi, Pooja"
"(S) Fire Hydrant Booster","Yes","FHB","FHB","Yes","No","Model","UW","345","EF_55_30_96","Water firefighting supply","Ss_55_30_96_30","Fire hydrant systems","Pr_65_53_86_66","Pressure booster pumps","EF_55_30_96Ss_55_30_96_30Pr_65_53_86_66","3FC; 1FC; 2FC; 3SP; 3SF; 3SG; 2P","01.05 M&E","01.05.02.10.01 Fire Hydrant Booster ",,"Point Asset","Point","Tay, Bryan","890",,"365","13/05/2025 5:20 PM","20/05/2026 5:35 PM","Gunagi, Pooja"
"(S) Fire Hydrants","Yes","FHY","FHY","Yes","No","Model","FD","345","EF_55_30_96","Water firefighting supply","Ss_55_30_96_30","Fire hydrant systems","Pr_70_55_97_01","Above-ground fire hydrants","EF_55_30_96Ss_55_30_96_30Pr_70_55_97_01","3FC; 1FC; 2FC; 3SP; 3SF; 3SG; 2P","01.05 M&E","01.05.02.02.01 Fire Hydrants",,"Point Asset","Point","Tay, Bryan","891",,"366","13/05/2025 5:20 PM","20/05/2026 5:35 PM","Gunagi, Pooja"
"(S) Fixed Surveillance Camera","Yes","CAM","CAM","Yes","Yes","Model","ID","356","EF_75_40_53","Monitoring","Ss_75_40_53_86","Surveillance CCTV systems","Pr_60_75_86_30","Fixed cameras","EF_75_40_53Ss_75_40_53_86Pr_60_75_86_30","3FC; 1FC; 2FC; 3SP; 3SF; 3SG; 2P","01.05 M&E","01.05.05.01.10 Camera",,"Point Asset","Point","Tay, Bryan","848",,"323","13/05/2025 5:19 PM","20/05/2026 5:35 PM","Gunagi, Pooja"
"(S) Flexible Duct","No","N/A",,"N/A","No","N/A","ME",,"EF_75_70_52","Mechanical engineering services control and management","Ss_75_70_52","Mechanical engineering services control and management systems","Pr_65_65_25_32","Flexible ductwork","EF_75_70_52Ss_75_70_52Pr_65_65_25_32","3FC; 1FC; 2FC; 3SP; 3SF; 3SG; 2P","N/A","N/A",,,,"Tay, Bryan","892",,"367","13/05/2025 5:20 PM","20/05/2026 3:52 PM","Muhammad Abid-T2D"
"(S) Floor Waste","No","N/A",,"N/A","No","N/A","HY","373","EF_50_30","Above-ground drainage collection","Ss_50_30_04","Above-ground wastewater drainage systems","Pr_25_30_30","Floor plates, gratings and edgings","EF_50_30Ss_50_30_04Pr_25_30_30","3FC; 1FC; 2FC; 3SP; 3SF; 3SG; 2P","N/A","N/A",,,,"Tay, Bryan","893",,"368","13/05/2025 5:20 PM","20/05/2026 3:52 PM","Muhammad Abid-T2D"
"(S) Fuse (LV)","Yes","FUS","FUS","No","Yes","Model","LV",,"EF_70_30_45","Low-voltage electricity distribution","Ss_70_30_25","Electrical protection systems","Pr_65_72_27_47","Low-voltage fuses","EF_70_30_45Ss_70_30_25Pr_65_72_27_47","3FC; 1FC; 2FC; 3SP; 3SF; 3SG; 2P","01.05 M&E","01.05.01.03.10 Fuse (LV)",,"Point Asset","Point","Basile, Rino",,,"3418","5/03/2026 2:06 PM","20/05/2026 5:37 PM","Gunagi, Pooja"
"(S) Fusible Link Fire Damper","Yes","FLD","FLD","Yes","Yes","Model","ME","370","EF_65","Ventilation and air conditioning functions","Ss_65","Ventilation and air conditioning systems","Pr_65_65_24_30","Fire dampers","EF_65Ss_65Pr_65_65_24_30","3FC; 1FC; 2FC; 3SP; 3SF; 3SG; 2P","01.05 M&E","01.05.03.02.01 Motorised Relief Dampers",,"Point Asset","Point","Basile, Rino",,,"3323","28/01/2026 9:51 AM","30/06/2026 5:46 PM","Zheng, Zach"
"(S) Gas Purge Fan","Yes","GPF","GPF","Yes","Yes","Model","ME","371","EF_65_40_94","Vehicular space ventilation","Ss_65_40_94","Vehicular space ventilation systems","Pr_65_67_29","Fans","EF_65_40_94Ss_65_40_94Pr_65_67_29","3FC; 1FC; 2FC; 3SP; 3SF; 3SG; 2P","01.05 M&E","01.05.03.01.033 Fan other (building ventilation)",,"Point Asset","Point","Basile, Rino",,,"3321","28/01/2026 9:12 AM","21/05/2026 3:47 PM","Muhammad Abid-T2D"
"(S) Gas Suppression Cylinder Cabinet","No","N/A",,"N/A","No","N/A","FD","348","EF_55_30_35","Gaseous fire-extinguishing supply","Ss_55_30_35","Gaseous fire-extinguishing systems","Pr_80_77_28_67","Equipment protection cages","EF_55_30_35Ss_55_30_35Pr_80_77_28_67","3FC; 1FC; 2FC; 3SP; 3SF; 3SG; 2P","N/A","N/A",,,,"Tay, Bryan","894",,"369","13/05/2025 5:20 PM","20/05/2026 3:52 PM","Muhammad Abid-T2D"
"(S) Gaseous Suppression Agent Release Panel","Yes","GRW","GRW","Yes","No","Model","FD","348","EF_55_30_35","Gaseous fire-extinguishing supply","Ss_55_30_35","Gaseous fire-extinguishing systems","Pr_65_54_30_36","Gas fire suppression pressure switches","EF_55_30_35Ss_55_30_35Pr_65_54_30_36","3FC; 1FC; 2FC; 3SP; 3SF; 3SG; 2P","01.05 M&E","01.05.02.07.02 Suppressant gas release warning sign",,"Point Asset","Point","Tay, Bryan","895",,"370","13/05/2025 5:20 PM","20/05/2026 5:45 PM","Gunagi, Pooja"
"(S) Gate Control Interface","Yes","CPL","CPL","Yes","No","Model","ID","372","EF_75_40_02","Access control","Ss_75_40_02","Access control systems","Pr_80_77_28","Equipment enclosures, cabinets, boxes and housings","EF_75_40_02Ss_75_40_02Pr_80_77_28","3FC; 1FC; 2FC; 3SP; 3SF; 3SG; 2P","01.05 M&E","01.05.01.03.06 Control Panel - Lighting",,"Point Asset","Point","Basile, Rino",,,"3098","26/08/2025 11:18 AM","20/05/2026 5:37 PM","Gunagi, Pooja"
"(S) Gate Valve","Yes","GIV","GIV","Yes","No","Model","FD","345","EF_55_30","Fire-extinguishing supply","Ss_55_30","Fire-extinguishing systems","Pr_65_54_30","Firefighting valves and devices","EF_55_30Ss_55_30Pr_65_54_30","3FC; 1FC; 2FC; 3SP; 3SF; 3SG; 2P","01.05 M&E","01.05.04.05.01 Valves",,"Point Asset","Point","Tay, Bryan","896",,"371","13/05/2025 5:20 PM","20/05/2026 5:45 PM","Gunagi, Pooja"
"(S) General Lighting Luminaire","Yes","GLT","GLT","Yes","No","Model","EL","368","EF_70_80","Lighting","Ss_70_80_33","General lighting systems","Pr_70_70_48_85","Surface luminaires","EF_70_80Ss_70_80_33Pr_70_70_48_85","3FC; 1FC; 2FC; 3SP; 3SF; 3SG; 2P","01.05 M&E","01.05.06.01.13 General Lighting",,"Point Asset","Point","Tay, Bryan","863",,"338","13/05/2025 5:19 PM","20/05/2026 5:45 PM","Gunagi, Pooja"
"(S) General Power outlets (GPO)","Yes","GPO","GPO","Yes","No","Model","EL","361","EF_70_30_45","Low-voltage electricity distribution","Ss_70_30_45_45","Low-voltage distribution systems","Pr_65_72_97_84","Standard socket outlets","EF_70_30_45Ss_70_30_45_45Pr_65_72_97_84","3FC; 1FC; 2FC; 3SP; 3SF; 3SG; 2P","01.05 M&E","01.05.01.03.11 General Power outlets (GPO)",,"Point Asset","Point","Tay, Bryan","854",,"329","13/05/2025 5:19 PM","20/05/2026 5:45 PM","Gunagi, Pooja"
"(S) Generator Distribution Board","Yes","GDB","GDB","Yes","Yes","Model","LV","362","EF_70_10","Electrical power generation","Ss_70_10","Electrical power generation systems","Pr_60_70_22_22","Distribution boards","EF_70_10Ss_70_10Pr_60_70_22_22","3FC; 1FC; 2FC; 3SP; 3SF; 3SG; 2P","01.05 M&E","01.05.01.03.09 Essential Electrical Distribution Board",,"Point Asset","Point","Basile, Rino",,,"3604","30/04/2026 8:47 AM","21/05/2026 3:47 PM","Muhammad Abid-T2D"
"(S) Generator Power External Isolator","Yes","ISG","ISG","No","Yes","Register","LV",,"EF_70_30_45","Low-voltage electricity distribution","Ss_70_30_45_45","Low-voltage distribution systems","Pr_60_70_48_47","Low-voltage switch-disconnectors","EF_70_30_45Ss_70_30_45_45Pr_60_70_48_47","3FC; 1FC; 2FC; 3SP; 3SF; 3SG; 2P","01.05 M&E","01.05.01.03.14 Isolation Breaker (LV)",,"Point Asset","Point","Basile, Rino",,,"3481","7/04/2026 5:30 PM","20/05/2026 4:10 PM","Gunagi, Pooja"
"(S) Graphical User Interface and Mimic","Yes","GUI","GUI","Yes","No","Model","FD","346","EF_75_50_28","Fire and smoke detection and alarms","Ss_75_50_28_29","Fire detection and alarm systems","Pr_75_80_30_52","Mimic fire alarm panels","EF_75_50_28Ss_75_50_28_29Pr_75_80_30_52","3FC; 1FC; 2FC; 3SP; 3SF; 3SG; 2P","01.05 M&E","01.05.02.01.12 Fire Panel",,"Point Asset","Point","Tay, Bryan","897",,"372","13/05/2025 5:20 PM","20/05/2026 5:45 PM","Gunagi, Pooja"
"(S) Gutters and Downpipes","No","N/A",,"N/A","No","N/A","AR","338","EF_30_10","Roofs","Ss_30_75_40","Surface drainage channel systems","Pr_65_50_35","Gutters and accessories","EF_30_10Ss_30_75_40Pr_65_50_35","3FC; 1FC; 2FC; 3SP; 3SF; 3SG; 2P","N/A","N/A",,,,"Tay, Bryan","838",,"313","13/05/2025 5:19 PM","20/05/2026 3:52 PM","Muhammad Abid-T2D"
"(S) Gutters and Downpipes DU","No","N/A",,"N/A","No","N/A","DU","387","EF_30_10","Roofs","Ss_30_75_40","Surface drainage channel systems","Pr_65_50_35","Gutters and accessories","EF_30_10Ss_30_75_40Pr_65_50_35","3FC; 1FC; 2FC; 3SP; 3SF; 3SG; 2P","N/A","N/A",,,,"Phelan, David",,,"3280","12/12/2025 4:19 PM","20/05/2026 3:53 PM","Muhammad Abid-T2D"
"(S) Hot Water Unit","Yes","WHT","WHT","Yes","No","Model","HY","374","EF_55_70_38","Hot and cold water supply","Ss_55_70_38","Hot and cold water supply systems","Pr_60_60_96","Water heaters","EF_55_70_38Ss_55_70_38Pr_60_60_96","3FC; 1FC; 2FC; 3SP; 3SF; 3SG; 2P","01.04 Structures","01.04.04.02.03 Building Hydraulics",,"Point Asset","Point","Tay, Bryan","898",,"373","13/05/2025 5:20 PM","20/05/2026 5:58 PM","Gunagi, Pooja"
"(S) Humidity Sensor","Yes","HUS","HUS","Yes","No","Unsure","ME","371","EF_65_80","Air conditioning","Ss_65_80","Air conditioning systems","Pr_75_50_76_71","Relative humidity sensors","EF_65_80Ss_65_80Pr_75_50_76_71","3FC; 1FC; 2FC; 3SP; 3SF; 3SG; 2P","01.05 M&E","01.05.03.04.02 Room Temperature Sensors",,"Point Asset","Point","Basile, Rino",,,"3564","15/04/2026 2:32 PM","10/06/2026 10:14 AM","Basile, Rino"
"(S) Indoor Lighting Luminaire - Ceiling Mounted","Yes","GLT","GLT","Yes","No","Model","EL","368","EF_70_80","Lighting","Ss_70_80_33","General lighting systems","Pr_70_70_48","Luminaires, lighting track and lighting accessories","EF_70_80Ss_70_80_33Pr_70_70_48","3FC; 1FC; 2FC; 3SP; 3SF; 3SG; 2P","01.05 M&E","01.05.06.01.13 General Lighting",,"Point Asset","Point","Basile, Rino",,,"522","6/06/2025 9:21 AM","20/05/2026 5:45 PM","Gunagi, Pooja"
"(S) Indoor Lighting Luminaire - Wall Mounted","Yes","GLT","GLT","Yes","No","Model","EL","368","EF_70_80","Lighting","Ss_70_80_33","General lighting systems","Pr_70_70_48","Luminaires, lighting track and lighting accessories","EF_70_80Ss_70_80_33Pr_70_70_48","3FC; 1FC; 2FC; 3SP; 3SF; 3SG; 2P","01.05 M&E","01.05.06.01.13 General Lighting",,"Point Asset","Point","Basile, Rino",,,"521","6/06/2025 9:21 AM","20/05/2026 5:45 PM","Gunagi, Pooja"
"(S) Inspection Opening to Surface (IOS)","No","N/A",,"N/A","No","N/A","HY","373","EF_50_30","Above-ground drainage collection","Ss_50_30_04","Above-ground wastewater drainage systems","Pr_65_52_03_87","Unplasticized polyvinyl chloride (PVC-U) above-ground drainage pipes and fittings","EF_50_30Ss_50_30_04Pr_65_52_03_87","3FC; 1FC; 2FC; 3SP; 3SF; 3SG; 2P","N/A","N/A",,,,"Tay, Bryan","899",,"374","13/05/2025 5:20 PM","20/05/2026 3:52 PM","Muhammad Abid-T2D"
"(S) Intruder Detection Control Panel","Yes","ICP","ICP","Yes","No","Model","ID","372","EF_75_40_75","Security detection and alarms","Ss_75_40_75","Security detection alarm systems","Pr_75_50_18_17","Control panels","EF_75_40_75Ss_75_40_75Pr_75_50_18_17","3FC; 1FC; 2FC; 3SP; 3SF; 3SG; 2P","01.05 M&E","01.05.05.05.23 ITS Control Panel",,"Point Asset","Point","Tay, Bryan","869",,"344","13/05/2025 5:19 PM","20/05/2026 5:45 PM","Gunagi, Pooja"
"(S) Intumescent Fire Damper","Yes","IFD","IFD","Yes","Yes","Model","VA","370","EF_65","Ventilation and air conditioning functions","Ss_65","Ventilation and air conditioning systems","Pr_65_65_24_42","Intumescent fire and smoke dampers","EF_65Ss_65Pr_65_65_24_42","3FC; 1FC; 2FC; 3SP; 3SF; 3SG; 2P","01.05 M&E","01.05.03.02.02 Fan Dampers",,"Point Asset","Point","Basile, Rino",,,"3607","30/04/2026 3:19 PM","30/06/2026 5:50 PM","Zheng, Zach"
"(S) Isolation Valve","Yes","GIV","GIV","No","No","Model","HY","374","EF_55_70","Water supply","Ss_55_70","Water distribution and supply systems","Pr_65_54_95","Building services valves","EF_55_70Ss_55_70Pr_65_54_95","3FC; 1FC; 2FC; 3SP; 3SF; 3SG; 2P","01.05 M&E","01.05.04.05.01 Valves",,"Point Asset","Point","Tay, Bryan","901",,"376","13/05/2025 5:20 PM","20/05/2026 5:45 PM","Gunagi, Pooja"
"(S) Isolation Valve in Cast Iron Box","Yes","GIV","GIV","No","No","Model","HY","374","EF_55_70","Water supply","Ss_55_70","Water distribution and supply systems","Pr_65_54_95","Building services valves","EF_55_70Ss_55_70Pr_65_54_95","3FC; 1FC; 2FC; 3SP; 3SF; 3SG; 2P","01.05 M&E","01.05.04.05.01 Valves",,"Point Asset","Point","Tay, Bryan","902",,"377","13/05/2025 5:20 PM","20/05/2026 5:45 PM","Gunagi, Pooja"
"(S) ITS Cabinet - Roadside","Yes","ITS","ITS","Yes","No","Model","TT","249","EF_75_30_35","Road signals and controls","Ss_75_30_35","Road signal and control systems","Pr_80_77_28_21","Data equipment cabinets","EF_75_30_35Ss_75_30_35Pr_80_77_28_21","2; 3","01.05 M&E","01.05.05.05.19 Roadside Cabinets",,"Point Asset","Point","Tay, Bryan","740",,"214","13/05/2025 5:19 PM","20/05/2026 5:45 PM","Gunagi, Pooja"
"(S) ITS Pit Communications","Yes","IPC","IPC","Yes","No","Model","TT","254","EF_75_10","Communication","Ss_75_40_53","Monitoring systems","Pr_65_52_25_15","Concrete catch pits","EF_75_10Ss_75_40_53Pr_65_52_25_15","3FC; 1FC; 2FC; 3SP; 3SF; 3SG; 2P","01.05 M&E","01.05.05.05.22 ITS Cable Pit (Communication Cable Pit)",,"Point Asset",,"Tay, Bryan","766",,"240","13/05/2025 5:19 PM","20/05/2026 5:45 PM","Gunagi, Pooja"
"(S) ITS Pit Electrical","Yes","IPE","IPE","Yes","No","Model","TT","254","EF_70_30","Electricity distribution","Ss_75_40_53","Monitoring systems","Pr_65_52_25_15","Concrete catch pits","EF_70_30Ss_75_40_53Pr_65_52_25_15","3FC; 1FC; 2FC; 3SP; 3SF; 3SG; 2P","01.05 M&E","01.05.05.05.22 ITS Cable Pit (Communication Cable Pit)",,"Point Asset",,"Bird, Cheyne",,,"3681","19/05/2026 4:33 PM","20/05/2026 5:45 PM","Gunagi, Pooja"
"(S) Junction Box","Yes","PJB","PJB","Yes","No","Model","TT","257","EF_70_30_10","Cable management","Ss_37_16_90_11","Cable protection systems","Pr_80_77_28_08","Cable junction boxes","EF_70_30_10Ss_37_16_90_11Pr_80_77_28_08","3FC; 1FC; 2FC; 3SP; 3SF; 3SG; 2P","01.05 M&E","01.05.01.03.15 Junction Box (LV)",,"Point Asset","Point","Tay, Bryan","775",,"249","13/05/2025 5:19 PM","20/05/2026 5:51 PM","Gunagi, Pooja"
"(S) Junction Box - Barrier Void","Yes","PJB","PJB","Yes","No","Model","TT","257","EF_70_30_10","Cable management","Ss_37_16_90_11","Cable protection systems","Pr_80_77_28","Equipment enclosures, cabinets, boxes and housings","EF_70_30_10Ss_37_16_90_11Pr_80_77_28","3FC; 1FC; 2FC; 3SP; 3SF; 3SG; 2P","01.05 M&E","01.05.01.03.15 Junction Box (LV)",,"Point Asset","Point","Tay, Bryan","776",,"250","13/05/2025 5:19 PM","20/05/2026 5:51 PM","Gunagi, Pooja"
"(S) Junction Box (ID)","Yes","PJB","PJB","No","No","Model","ID","356","EF_70_30_45","Low-voltage electricity distribution","Ss_70_30_45_45","Low-voltage distribution systems","Pr_80_77_28_08","Cable junction boxes","EF_70_30_45Ss_70_30_45_45Pr_80_77_28_08","3FC; 1FC; 2FC; 3SP; 3SF; 3SG; 2P","01.05 M&E","01.05.01.03.15 Junction Box (LV)",,"Point Asset","Point","Basile, Rino","851",,"3424","10/03/2026 10:51 AM","20/05/2026 5:53 PM","Gunagi, Pooja"
"(S) Junction Box (LV)","Yes","PJB","PJB","No","No","Model","LV","360","EF_70_30_45","Low-voltage electricity distribution","Ss_70_30_45_45","Low-voltage distribution systems","Pr_80_77_28_08","Cable junction boxes","EF_70_30_45Ss_70_30_45_45Pr_80_77_28_08","3FC; 1FC; 2FC; 3SP; 3SF; 3SG; 2P","01.05 M&E","01.05.01.03.15 Junction Box (LV)",,"Point Asset","Point","Tay, Bryan","851",,"326","13/05/2025 5:19 PM","20/05/2026 5:51 PM","Gunagi, Pooja"
"(S) Key Switch","Yes","PBT","PBT","Yes","No","Model","ME","371","EF_70_30_45","Low-voltage electricity distribution","Ss_70_30_25","Electrical protection systems","Pr_75_51_17_66","Push-button switches","EF_70_30_45Ss_70_30_25Pr_75_51_17_66","3FC; 1FC; 2FC; 3SP; 3SF; 3SG; 2P","01.05 M&E","01.05.01.03.06 Control Panel – Lighting",,"Point Asset","Point","Basile, Rino",,,"3601","30/04/2026 8:34 AM","20/05/2026 5:53 PM","Gunagi, Pooja"
"(S) Lane Use Management Sign (LUMS)","Yes","LUMS","LUMS","Yes","No","Model","TT","250","EF_75_30_35","Road signals and controls","Ss_75_30_35","Road signal and control systems","Pr_70_75_72_50","Motorway lane signals","EF_75_30_35Ss_75_30_35Pr_70_75_72_50","1; 2; 2B; 3","01.05 M&E","01.05.05.05.10 Lane Use Management Signs",,"Point Asset","Point","Tay, Bryan","747",,"221","13/05/2025 5:19 PM","19/06/2026 4:23 PM","Long, Mike"
"(S) Light Switch","Yes","LSW","LSW","Yes","No","Model","EL","361","EF_70_80","Lighting","Ss_70_80_33","General lighting systems","Pr_65_72_97_46","Light switches","EF_70_80Ss_70_80_33Pr_65_72_97_46","3FC; 1FC; 2FC; 3SP; 3SF; 3SG; 2P","01.05 M&E","01.05.05.05.31 Switch",,"Point Asset","Point","Basile, Rino","1,011",,"501","2/06/2025 10:16 AM","21/05/2026 4:18 PM","Muhammad Abid-T2D"
"(S) Lightning Protection Systems - Air Terminal","Yes","LPR","LPR","Yes","No","Model","EL","361","EF_70_30_45","Low-voltage electricity distribution","Ss_70_30_25_45","Lightning protection systems","Pr_65_70_46_01","Air terminals","EF_70_30_45Ss_70_30_25_45Pr_65_70_46_01","3FC; 1FC; 2FC; 3SP; 3SF; 3SG; 2P","01.05 M&E","01.05.01.08.01 Lightning Protection",,"Point Asset","Point","Basile, Rino","998",,"488","24/05/2025 5:40 PM","20/05/2026 5:45 PM","Gunagi, Pooja"
"(S) Lightning Protection Systems - Down Conductor","Yes","LPR","LPR","Yes","No","Model","EL","361","EF_70_30_45","Low-voltage electricity distribution","Ss_70_30_25_45","Lightning protection systems","Pr_65_70_46","Lightning protection and earthing components","EF_70_30_45Ss_70_30_25_45Pr_65_70_46","3FC; 1FC; 2FC; 3SP; 3SF; 3SG; 2P","01.05 M&E","01.05.01.08.01 Lightning Protection",,"Point Asset","Point","Basile, Rino","997",,"487","24/05/2025 5:39 PM","20/05/2026 5:45 PM","Gunagi, Pooja"
"(S) Lightning Strike Counter","Yes","PRE","PRE","No","No","Model","LV","361","EF_75_50","Safety and protection","Ss_75_50","Safety and protection systems","Pr_65_70_46","Lightning protection and earthing components","EF_75_50Ss_75_50Pr_65_70_46","3FC; 1FC; 2FC; 3SP; 3SF; 3SG; 2P",,,,"Point Asset","Point","Bird, Cheyne",,,"3620","11/05/2026 2:52 PM","20/05/2026 5:53 PM","Gunagi, Pooja"
"(S) Linear Heat Detector Controller","Yes","LHC","LHC","Yes","No","Unsure","FD","346","EF_75_50_28","Fire and smoke detection and alarms","Ss_75_50_28_29","Fire detection and alarm systems","Pr_75_80_30","Fire detection and alarm devices and control equipment","EF_75_50_28Ss_75_50_28_29Pr_75_80_30","3FC; 1FC; 2FC; 3SP; 3SF; 3SG; 2P","01.05 M&E","01.05.02.01.13 Linear Heat Detector",,"Point Asset","Point","Basile, Rino",,,"3608","1/05/2026 4:15 PM","20/05/2026 5:05 PM","Gunagi, Pooja"
"(S) Low Voltage Earth Bar","Yes","LEB","LEB","No","No","Model","LT","362","EF_70_30_45","Low-voltage electricity distribution","Ss_70_30_25_25","Earthing and bonding systems","Pr_65_70_46_24","Earth bars","EF_70_30_45Ss_70_30_25_25Pr_65_70_46_24","3FC; 1FC; 2FC; 3SP; 3SF; 3SG; 2P","01.05 M&E","01.05.01.01.15 Earth Marshalling Bar",,"Point Asset","Point","Basile, Rino",,,"3194","29/09/2025 9:10 AM","21/05/2026 4:18 PM","Muhammad Abid-T2D"
"(S) Main Fire Indication Panel","Yes","MFIP","MFIP","Yes","No","Model","FD","350","EF_75_50_28","Fire and smoke detection and alarms","Ss_75_50_28","Fire and smoke detection and alarm systems","Pr_75_80_30","Fire detection and alarm devices and control equipment","EF_75_50_28Ss_75_50_28Pr_75_80_30","3FC; 1FC; 2FC; 3SP; 3SF; 3SG; 2P","01.05 M&E","01.05.02.01.12 Fire Panel",,"Point Asset","Point","Ganjalibeik, Bobak",,,"3735","28/06/2026 2:20 PM","28/06/2026 2:22 PM","Ganjalibeik, Bobak"
"(S) Main Incoming Switch Isolator","Yes","LSI","LSI","No","Yes","Register","LV",,"EF_70_30_45","Low-voltage electricity distribution","Ss_70_30_25","Electrical protection systems","Pr_65_72_27","Electrical protective devices","EF_70_30_45Ss_70_30_25Pr_65_72_27","3FC; 1FC; 2FC; 3SP; 3SF; 3SG; 2P","01.05 M&E","01.05.01.03.05 Circuit Breaker (LV)",,"Point Asset","Point","Basile, Rino",,,"3479","7/04/2026 5:25 PM","20/05/2026 4:10 PM","Gunagi, Pooja"
"(S) Main Switch Isolator","Yes","LSI","LSI","No","Yes","Register","LV",,"EF_70_30_45","Low-voltage electricity distribution","Ss_70_30_45_45","Low-voltage distribution systems","Pr_60_70_48_47","Low-voltage switch-disconnectors","EF_70_30_45Ss_70_30_45_45Pr_60_70_48_47","3FC; 1FC; 2FC; 3SP; 3SF; 3SG; 2P","01.05 M&E","01.05.01.03.14 Isolation Breaker (LV)",,"Point Asset","Point","Basile, Rino",,,"3419","5/03/2026 2:09 PM","20/05/2026 4:10 PM","Gunagi, Pooja"
"(S) Manual Actuator","Yes","MAV","MAV","Yes","Yes","Model","EL","374","EF_55_30","Fire-extinguishing supply","Ss_55_30","Fire-extinguishing systems","Pr_75_50_02","Actuators","EF_55_30Ss_55_30Pr_75_50_02","3FC; 1FC; 2FC; 3SP; 3SF; 3SG; 2P","01.05 M&E","01.05.04.05.01 Valves & Actuators",,"Point Asset","Point","Ganjalibeik, Bobak",,,"3337","2/02/2026 2:15 PM","21/05/2026 4:18 PM","Muhammad Abid-T2D"
"(S) Manual Call Points (MCP) (FIRE DETECTION)","Yes","MCP","MCP","Yes","No","Model","FD","346","EF_75_50_28","Fire and smoke detection and alarms","Ss_75_50_11","Emergency call systems","Pr_75_80_30_50","Manual call points","EF_75_50_28Ss_75_50_11Pr_75_80_30_50","3FC; 1FC; 2FC; 3SP; 3SF; 3SG; 2P","01.05 M&E","01.05.02.01.02 MCP Manual Call Points",,"Point Asset","Point","Tay, Bryan","903",,"378","13/05/2025 5:20 PM","20/05/2026 5:45 PM","Gunagi, Pooja"
"(S) Manual Call Points (MCP) (SECURITY)","Yes","MCP","MCP","Yes","No","Model","ID","346","EF_75_50_28","Fire and smoke detection and alarms","Ss_75_50_11","Emergency call systems","Pr_75_80_30_50","Manual call points","EF_75_50_28Ss_75_50_11Pr_75_80_30_50","3FC; 1FC; 2FC; 3SP; 3SF; 3SG; 2P","01.05 M&E","01.05.02.01.02 MCP Manual Call Points",,"Point Asset","Point","Tay, Bryan","846",,"321","13/05/2025 5:19 PM","20/05/2026 5:45 PM","Gunagi, Pooja"
"(S) Manual Transfer Switch","Yes","MTS","MTS","No","Yes","Register","LV",,"EF_70_30_45","Low-voltage electricity distribution","Ss_70_30_25","Electrical protection systems","Pr_60_70_48_53","Manually operated transfer switching equipment (MTSE)","EF_70_30_45Ss_70_30_25Pr_60_70_48_53",,"01.05 M&E","01.05.01.01.08 Switchboard and Cubicles (HV)",,"Point Asset",,"Bird, Cheyne",,,"3697","1/06/2026 1:33 PM","3/06/2026 12:21 PM","Basile, Rino"
"(S) Mechanical Services Switchboard (MSSB)","Yes","MSS","MSS","Yes","Yes","Model","ME","361","EF_75_70_52","Mechanical engineering services control and management","Ss_70_30_45_45","Low-voltage distribution systems","Pr_60_70_22_22","Distribution boards","EF_75_70_52Ss_70_30_45_45Pr_60_70_22_22","3FC; 1FC; 2FC; 3SP; 3SF; 3SG; 2P","01.05 M&E","01.05.01.03.24 Mechanical Services Switchboard",,"Point Asset","Point","Tay, Bryan","904",,"379","13/05/2025 5:20 PM","20/05/2026 5:45 PM","Gunagi, Pooja"
"(S) Mini-Stop Tap","Yes","GIV","GIV","No","No","Model","HY","374","EF_55_70","Water supply","Ss_55_70","Water distribution and supply systems","Pr_65_54_95","Building services valves","EF_55_70Ss_55_70Pr_65_54_95","3FC; 1FC; 2FC; 3SP; 3SF; 3SG; 2P","01.05 M&E","01.05.04.05.01 Valves",,"Point Asset","Point","Tay, Bryan","905",,"380","13/05/2025 5:20 PM","20/05/2026 5:45 PM","Gunagi, Pooja"
"(S) Monitored Isolation Valve","Yes","MOV","MOV","Yes","No","Model","HY","373","EF_55_70","Water supply","Ss_55_70","Water distribution and supply systems","Pr_65_54_95","Building services valves","EF_55_70Ss_55_70Pr_65_54_95","3FC; 1FC; 2FC; 3SP; 3SF; 3SG; 2P","01.05 M&E","01.05.04.05.01 Valves",,"Point Asset","Point","Basile, Rino","901",,"3690","28/05/2026 5:03 PM","28/05/2026 5:10 PM","Basile, Rino"
"(S) Motion Sensor (Lighting)","Yes","LMS","LMS","Yes","No","Model","EL","368","EF_70_80","Lighting","Ss_70_80","Lighting systems","Pr_70_70_48","Luminaires, lighting track and lighting accessories","EF_70_80Ss_70_80Pr_70_70_48","3FC; 1FC; 2FC; 3SP; 3SF; 3SG; 2P","01.05 M&E","01.05.06.01.02 Tunnel Lighting",,"Point Asset","Point","Phelan, David",,,"3394","18/02/2026 9:50 AM","21/05/2026 4:18 PM","Muhammad Abid-T2D"
"(S) Motion Sensor (Security)","Yes","SEN","SEN","Yes","No","Register","ID","372","EF_75_40_75","Security detection and alarms","Ss_75_40_75","Security detection alarm systems","Pr_75_50_76_59","Passive infrared (PIR) sensors","EF_75_40_75Ss_75_40_75Pr_75_50_76_59","3FC; 1FC; 2FC; 3SP; 3SF; 3SG; 2P","01.05 M&E","01.05.04.05.02 Sensors",,"Point Asset","Point","Tay, Bryan","868",,"343","13/05/2025 5:19 PM","20/05/2026 4:09 PM","Gunagi, Pooja"
"(S) Motorised Isolation Damper","Yes","MID","MID","Yes","Yes","Model","ME","370","EF_65","Ventilation and air conditioning functions","Ss_65","Ventilation and air conditioning systems","Pr_65_65_24","Duct dampers","EF_65Ss_65Pr_65_65_24","3FC; 1FC; 2FC; 3SP; 3SF; 3SG; 2P","01.05 M&E","01.05.03.02.01 Motorised Relief Dampers",,"Point Asset","Point","Basile, Rino",,,"3324","28/01/2026 9:55 AM","21/05/2026 4:18 PM","Muhammad Abid-T2D"
"(S) Motorised Relief Dampers","Yes","MRD","MRD","Yes","Yes","Model","ME","370","EF_75_70_52","Mechanical engineering services control and management","Ss_75_70_52","Mechanical engineering services control and management systems","Pr_65_65_24_68","Pressure relief dampers","EF_75_70_52Ss_75_70_52Pr_65_65_24_68","3FC; 1FC; 2FC; 3SP; 3SF; 3SG; 2P","01.05 M&E","01.05.03.02.01 Motorised Relief Dampers",,"Point Asset","Point","Tay, Bryan","906",,"381","13/05/2025 5:20 PM","30/06/2026 5:48 PM","Zheng, Zach"
"(S) Motorised Smoke And Fire Damper","Yes","MFD","MFD","Yes","Yes","Model","ME","370","EF_75_70_52","Mechanical engineering services control and management","Ss_75_70_52","Mechanical engineering services control and management systems","Pr_65_65_24_29","Fire and smoke dampers","EF_75_70_52Ss_75_70_52Pr_65_65_24_29","3FC; 1FC; 2FC; 3SP; 3SF; 3SG; 2P","01.05 M&E","01.05.03.02.01 Motorised Relief Dampers",,"Point Asset","Point","Basile, Rino","906",,"3316","23/01/2026 9:02 AM","21/05/2026 4:18 PM","Muhammad Abid-T2D"
"(S) MSSB Gen Main Incoming Switch Isolator","Yes","MGI","MGI","No","Yes","Register","LV",,"EF_70_30_45","Low-voltage electricity distribution","Ss_70_30_25","Electrical protection systems","Pr_65_72_27","Electrical protective devices","EF_70_30_45Ss_70_30_25Pr_65_72_27","3FC; 1FC; 2FC; 3SP; 3SF; 3SG; 2P","01.05 M&E","01.05.01.03.05 Circuit Breaker (LV)",,"Point Asset","Point","Basile, Rino",,,"3483","7/04/2026 5:50 PM","20/05/2026 4:10 PM","Gunagi, Pooja"
"(S) MSSB UPS Power External Isolator  ","Yes","MUR","MUR","No","Yes","Register","LV",,"EF_70_30_45","Low-voltage electricity distribution","Ss_70_30_25","Electrical protection systems","Pr_65_72_27","Electrical protective devices","EF_70_30_45Ss_70_30_25Pr_65_72_27","3FC; 1FC; 2FC; 3SP; 3SF; 3SG; 2P","01.05 M&E","01.05.01.03.05 Circuit Breaker (LV)",,"Point Asset","Point","Basile, Rino",,,"3488","7/04/2026 5:53 PM","20/05/2026 4:10 PM","Gunagi, Pooja"
"(S) Multifunction meter","Yes","PQM","PQM","No","No","Model","EL","362","EF_70","Electrical power and lighting functions","Ss_75_70_54","Metering, monitoring and management systems","Pr_80_51_51_23","Digital multifunction metering equipment","EF_70Ss_75_70_54Pr_80_51_51_23","3FC; 1FC; 2FC; 3SP; 3SF; 3SG; 2P","01.05 M&E","01.05.01.03.13 Instrumentation & Meters (LV)",,"Point Asset","Point","Basile, Rino",,,"3222","28/10/2025 5:15 PM","21/05/2026 4:22 PM","Muhammad Abid-T2D"
"(S) Multi-gas Sensor","Yes","HYS","HYS","Yes","No","Unsure","VA","371","EF_65_80","Air conditioning","Ss_65_80","Air conditioning systems","Pr_75_50_76_33","Gas detectors","EF_65_80Ss_65_80Pr_75_50_76_33","3FC; 1FC; 2FC; 3SP; 3SF; 3SG; 2P","01.05 M&E","01.05.04.05.02 Sensors",,"Point Asset","Point","Basile, Rino",,,"3563","15/04/2026 2:29 PM","9/06/2026 4:00 PM","Basile, Rino"
"(S) Mutiple Aspirated Smoke Detection (MASDS) - Control Panel","Yes","FPS","ASS","Yes","No","Model","FD","350","EF_75_50_28","Fire and smoke detection and alarms","Ss_75_50_28_05","Aspirating smoke detector systems","Pr_75_50_18_17","Control panels","EF_75_50_28Ss_75_50_28_05Pr_75_50_18_17","3FC; 1FC; 2FC; 3SP; 3SF; 3SG; 2P","01.05 M&E","01.05.02.01.04 Aspirating smoke detection System (VESDA)",,"Point Asset","Point","Tay, Bryan","907",,"382","13/05/2025 5:20 PM","20/05/2026 5:35 PM","Gunagi, Pooja"
"(S) Mutiple Aspirated Smoke Detection (MASDS) - Pipe","Conditional","FPP","FPP","No","No","Model","FD","345","EF_75_50_28","Fire and smoke detection and alarms","Ss_75_50_28_05","Aspirating smoke detector systems","Pr_65_52_63_17","Copper pipes","EF_75_50_28Ss_75_50_28_05Pr_65_52_63_17","3FC; 1FC; 2FC; 3SP; 3SF; 3SG; 2P","N/A","N/A",,"Point Asset","Line","Tay, Bryan","908",,"383","13/05/2025 5:20 PM","20/05/2026 5:35 PM","Gunagi, Pooja"
"(S) Mutiple Aspirated Smoke Detection (MASDS) - Sampling Point","Yes","ASD","ASD","Yes","No","Model","FD","345","EF_75_50_28","Fire and smoke detection and alarms","Ss_75_50_28_05","Aspirating smoke detector systems","Pr_75_80_30_03","Aspirating smoke detectors","EF_75_50_28Ss_75_50_28_05Pr_75_80_30_03","3FC; 1FC; 2FC; 3SP; 3SF; 3SG; 2P","01.05 M&E","01.05.02.01.04 Aspirating smoke detection System (VESDA)",,"Point Asset","Point","Tay, Bryan","959",,"434","13/05/2025 5:47 PM","20/05/2026 5:35 PM","Gunagi, Pooja"
"(S) Network Switch","Yes","NSS","NSS","Yes","No","Model","ID","372","EF_75_40_02","Access control","Ss_75_40_02","Access control systems","Pr_80_77_28","Equipment enclosures, cabinets, boxes and housings","EF_75_40_02Ss_75_40_02Pr_80_77_28","3FC; 1FC; 2FC; 3SP; 3SF; 3SG; 2P","01.05 M&E","01.05.01.03.06 Control Panel - Lighting",,"Point Asset","Point","Basile, Rino","874",,"3119","2/09/2025 9:20 AM","20/05/2026 5:52 PM","Gunagi, Pooja"
"(S) Noise Attenuators","Yes","VNA","VNA","Yes","No","Model","ME","371","EF_65_80","Air conditioning","Ss_65_80","Air conditioning systems","Pr_65_67_78","Sound attenuators","EF_65_80Ss_65_80Pr_65_67_78","3FC; 1FC; 2FC; 3SP; 3SF; 3SG; 2P","01.05 M&E","01.05.03.03.01 Noise Attenuators",,"Point Asset","Point","Tay, Bryan","909",,"384","13/05/2025 5:20 PM","20/05/2026 5:58 PM","Gunagi, Pooja"
"(S) Non Intrusive Camera Detector","Yes","CAM","CAM","Yes","Yes","Model","TT","251","EF_75_40_53","Monitoring","Ss_75_40_53_86","Surveillance CCTV systems","Pr_60_75_86_30","Fixed cameras","EF_75_40_53Ss_75_40_53_86Pr_60_75_86_30","1; 2; 3","01.05 M&E","01.05.05.01.10 Camera",,"Point Asset","Point","Bird, Cheyne",,,"3629","15/05/2026 11:44 AM","1/06/2026 11:54 AM","Bird, Cheyne"
"(S) Non-Essential Power External Isolator","Yes","ISN","ISN","No","Yes","Register","LV",,"EF_70_30_45","Low-voltage electricity distribution","Ss_70_30_45_45","Low-voltage distribution systems","Pr_60_70_48_47","Low-voltage switch-disconnectors","EF_70_30_45Ss_70_30_45_45Pr_60_70_48_47","3FC; 1FC; 2FC; 3SP; 3SF; 3SG; 2P","01.05 M&E","01.05.01.03.14 Isolation Breaker (LV)",,"Point Asset","Point","Basile, Rino",,,"3482","7/04/2026 5:32 PM","20/05/2026 4:10 PM","Gunagi, Pooja"
"(S) Non-Return Check Valve","Yes","CKV","CKV","Yes","No","Model","FD","345","EF_55_70","Water supply","Ss_55_70","Water distribution and supply systems","Pr_65_54_95_05","Backflow prevention check valves","EF_55_70Ss_55_70Pr_65_54_95_05","3FC; 1FC; 2FC; 3SP; 3SF; 3SG; 2P","01.05 M&E","01.05.04.05.01 Valves",,"Point Asset","Point","Tay, Bryan","910",,"385","13/05/2025 5:20 PM","21/05/2026 3:42 PM","Muhammad Abid-T2D"
"(S) Non-return damper (NRD)","Yes","NRD","NRD","Yes","Yes","Model","ME","370","EF_75_70_52","Mechanical engineering services control and management","Ss_65","Ventilation and air conditioning systems","Pr_65_65_24_56","Non-return dampers","EF_75_70_52Ss_65Pr_65_65_24_56","3FC; 1FC; 2FC; 3SP; 3SF; 3SG; 2P","01.05 M&E","01.05.03.02.02 Fan Dampers",,"Point Asset","Point","Tay, Bryan","911",,"386","13/05/2025 5:20 PM","30/06/2026 5:49 PM","Zheng, Zach"
"(S) OHD TIRTL Receiver","Yes","TLD","TLD","Yes","No","Model","TT","251","EF_75_30_35","Road signals and controls","Ss_75_70_90_96","Vehicle monitoring and management systems","Pr_75_50_76_57","Overheight vehicle detection (OHVD) sensors","EF_75_30_35Ss_75_70_90_96Pr_75_50_76_57","3FC; 1FC; 2FC; 3SP; 3SF; 3SG; 2P","01.05 M&E","01.05.05.05.20 Vehicle Detection System",,"Point Asset","Point","Tay, Bryan","757",,"231","13/05/2025 5:19 PM","20/05/2026 5:57 PM","Gunagi, Pooja"
"(S) OHD TIRTL Transmitter","Yes","TLD","TLD","Yes","No","Model","TT","251","EF_75_30_35","Road signals and controls","Ss_75_70_90_96","Vehicle monitoring and management systems","Pr_75_50_76_57","Overheight vehicle detection (OHVD) sensors","EF_75_30_35Ss_75_70_90_96Pr_75_50_76_57","3FC; 1FC; 2FC; 3SP; 3SF; 3SG; 2P","01.05 M&E","01.05.05.05.20 Vehicle Detection System",,"Point Asset","Point","Tay, Bryan","756",,"230","13/05/2025 5:19 PM","20/05/2026 5:57 PM","Gunagi, Pooja"
"(S) Oil Water Separator","Yes","OWS","OWS","Yes","No","Model","HY","373","EF_50_70","Drainage treatment and disposal","Ss_50_70_24","Drainage disposal systems","Pr_65_55_76_59","Oil and water separators","EF_50_70Ss_50_70_24Pr_65_55_76_59","3FC; 1FC; 2FC; 3SP; 3SF; 3SG; 2P","01.05 M&E","01.05.04.07.01 Oil Water Separator",,"Point Asset","Point","Basile, Rino",,,"3218","22/10/2025 12:32 PM","20/05/2026 5:52 PM","Gunagi, Pooja"
"(S) Outside Air Fan","Yes","OAF","OAF","Yes","Yes","Model","ME","371","EF_65_40_94","Vehicular space ventilation","Ss_65_40_94","Vehicular space ventilation systems","Pr_65_67_29","Fans","EF_65_40_94Ss_65_40_94Pr_65_67_29","3FC; 1FC; 2FC; 3SP; 3SF; 3SG; 2P","01.05 M&E","01.05.03.01.03 Fan other (building ventilation)",,"Point Asset","Point","Basile, Rino",,,"3306","15/01/2026 9:04 AM","2/06/2026 12:23 PM","Mazarei, Ashkan (DIT)"
"(S) Overflow Relief Gully","No","N/A",,"N/A","No","N/A","HY","373","EF_50_30","Above-ground drainage collection","Ss_50_30_04","Above-ground wastewater drainage systems","Pr_65_52_03_87","Unplasticized polyvinyl chloride (PVC-U) above-ground drainage pipes and fittings","EF_50_30Ss_50_30_04Pr_65_52_03_87","3FC; 1FC; 2FC; 3SP; 3SF; 3SG; 2P","N/A","N/A",,,,"Tay, Bryan","913",,"388","13/05/2025 5:20 PM","20/05/2026 3:52 PM","Muhammad Abid-T2D"
"(S) Overheight Detector","Yes","OHD","OHD","Yes","No","Model","TT","251","EF_75_30_35","Road signals and controls","Ss_75_70_90_96","Vehicle monitoring and management systems","Pr_75_50_76","Sensors and detectors","EF_75_30_35Ss_75_70_90_96Pr_75_50_76","3FC; 1FC; 2FC; 3SP; 3SF; 3SG; 2P","01.05 M&E","01.05.05.05.20 Vehicle Detection System",,"Point Asset","Point","Tay, Bryan","755",,"229","13/05/2025 5:19 PM","20/05/2026 5:51 PM","Gunagi, Pooja"
"(S) Oxygen Sensor","Yes","AQS","AQS","Yes","No","Model","ME","371","EF_65_80","Air conditioning","Ss_75_70_54_05","Air Quality Monitoring Systems","Pr_75_50_76_02","Air quality sensors","EF_65_80Ss_75_70_54_05Pr_75_50_76_02","3FC; 1FC; 2FC; 3SP; 3SF; 3SG; 2P","01.05 M&E","01.05.04.05.02 Sensors",,"Point Asset","Point","Basile, Rino",,,"3603","30/04/2026 8:36 AM","21/05/2026 3:42 PM","Muhammad Abid-T2D"
"(S) PA Speaker - Column","Yes","SPK","SPK","Yes","No","Model","CO","343","EF_75_10_68","Public communications","Ss_75_10_68_68","Public address systems","Pr_70_75_06","Audio output devices","EF_75_10_68Ss_75_10_68_68Pr_70_75_06","3FC; 1FC; 2FC; 3SP; 3SF; 3SG; 2P","01.05 M&E","01.05.05.04.09 Loudspeakers (Speaker)",,"Point Asset","Point","Tay, Bryan","844",,"319","13/05/2025 5:19 PM","20/05/2026 5:51 PM","Gunagi, Pooja"
"(S) PA Speaker - Full Range","Yes","SPK","SPK","Yes","No","Model","CO","343","EF_75_10_68","Public communications","Ss_75_10_68_68","Public address systems","Pr_70_75_06","Audio output devices","EF_75_10_68Ss_75_10_68_68Pr_70_75_06","3FC; 1FC; 2FC; 3SP; 3SF; 3SG; 2P","01.05 M&E","01.05.05.04.09 Loudspeakers (Speaker)",,"Point Asset","Point","Tay, Bryan","843",,"318","13/05/2025 5:19 PM","20/05/2026 5:51 PM","Gunagi, Pooja"
"(S) PA Speaker - Tunnel Horn","Yes","SPK","SPK","Yes","No","Model","CO","343","EF_75_10_68","Public communications","Ss_75_10_68_68","Public address systems","Pr_70_75_06","Audio output devices","EF_75_10_68Ss_75_10_68_68Pr_70_75_06","3FC; 1FC; 2FC; 3SP; 3SF; 3SG; 2P","01.05 M&E","01.05.05.04.09 Loudspeakers (Speaker)",,"Point Asset","Point","Tay, Bryan","842",,"317","13/05/2025 5:19 PM","20/05/2026 5:51 PM","Gunagi, Pooja"
"(S) Paging Microphone","No","N/A",,"N/A","No","N/A","CO","343","EF_75_10_68","Public communications","Ss_75_10_68_68","Public address systems","Pr_75_75_94_60","Paging microphones","EF_75_10_68Ss_75_10_68_68Pr_75_75_94_60","3FC; 1FC; 2FC; 3SP; 3SF; 3SG; 2P","N/A","N/A",,,,"Tay, Bryan","973",,"454","16/05/2025 11:47 AM","20/05/2026 3:52 PM","Muhammad Abid-T2D"
"(S) Photometer - Luminance (Sensor)","Yes","SEN","SEN","Yes","No","Register","LV","368","EF_70_80","Lighting","Ss_70_80_33","General lighting systems","Pr_75_50_76","Sensors and detectors","EF_70_80Ss_70_80_33Pr_75_50_76","3FC; 1FC; 2FC; 3SP; 3SF; 3SG; 2P","01.05 M&E","01.05.04.05.02 Sensors",,"Point Asset","Point","Basile, Rino","698",,"3624","12/05/2026 5:05 PM","20/05/2026 4:10 PM","Gunagi, Pooja"
"(S) Pile Footing","No","N/A",,"N/A","No","N/A","TT","253","EF_75_30_35","Road signals and controls","Ss_37_17_50_72","Road mast systems","Pr_20_85_62_18","Concrete piles","EF_75_30_35Ss_37_17_50_72Pr_20_85_62_18","3FC; 1FC; 2FC; 3SP; 3SF; 3SG; 2P","N/A","N/A",,,,"Tay, Bryan","763",,"237","13/05/2025 5:19 PM","20/05/2026 2:35 PM","Bird, Cheyne"
"(S) Pipe Fittings Hydrant","Conditional","HSP","HSP","No","No","Model","FD","345","EF_55_30_98","Water fire suppression supply","Ss_55_30_98_21","Deluge systems","Pr_65_52_63","Pipes and fittings","EF_55_30_98Ss_55_30_98_21Pr_65_52_63","3FC; 1FC; 2FC; 3SP; 3SF; 3SG; 2P","N/A","N/A",,"Point Asset","Line","Tay, Bryan","955",,"430","13/05/2025 5:46 PM","21/05/2026 4:17 PM","Muhammad Abid-T2D"
"(S) Pipe Fittings_Fire Detection","Conditional","FPP","FPP","No","No","Model","FD","345","EF_55_30_98","Water fire suppression supply","Ss_55_30_98_21","Deluge systems","Pr_65_52_63_17","Copper pipes","EF_55_30_98Ss_55_30_98_21Pr_65_52_63_17","3FC; 1FC; 2FC; 3SP; 3SF; 3SG; 2P","N/A","N/A",,"Point Asset","Line","Tay, Bryan","914",,"389","13/05/2025 5:20 PM","20/05/2026 5:35 PM","Gunagi, Pooja"
"(S) Pipe Fittings_Sewer","Conditional","SEW","SEW","No","No","Model","HY","373","EF_50_30","Above-ground drainage collection","Ss_50_30_04","Above-ground wastewater drainage systems","Pr_65_52_63_89","Unplasticized polyvinyl chloride (PVC-U) pipes","EF_50_30Ss_50_30_04Pr_65_52_63_89","3FC; 1FC; 2FC; 3SP; 3SF; 3SG; 2P","N/A","N/A",,"Point Asset","Line","Tay, Bryan","915",,"390","13/05/2025 5:20 PM","20/05/2026 5:51 PM","Gunagi, Pooja"
"(S) Pipe Fittings_Stormwater","No","N/A",,"N/A","No","N/A","HY","373","EF_50_30","Above-ground drainage collection","Ss_50_30_02","Rainwater drainage systems","Pr_65_52_63","Pipes and fittings","EF_50_30Ss_50_30_02Pr_65_52_63","3FC; 1FC; 2FC; 3SP; 3SF; 3SG; 2P","N/A","N/A",,,,"Tay, Bryan","916",,"391","13/05/2025 5:20 PM","20/05/2026 3:52 PM","Muhammad Abid-T2D"
"(S) Pipe Fittings_Water","Conditional","HPS","HPS","No","No","Model","HY","374","EF_55_70","Water supply","Ss_55_70","Water distribution and supply systems","Pr_65_52_63_17","Copper pipes","EF_55_70Ss_55_70Pr_65_52_63_17","3FC; 1FC; 2FC; 3SP; 3SF; 3SG; 2P","N/A","N/A",,"Point Asset","Line","Tay, Bryan","917",,"392","13/05/2025 5:20 PM","21/05/2026 3:47 PM","Muhammad Abid-T2D"
"(S) Pipe Insulation","No","N/A",,"N/A","No","N/A","HY","374","EF_55","Piped supply functions","Ss_55","Piped supply systems","Pr_80_77_76","Services insulation and protection products","EF_55Ss_55Pr_80_77_76","3FC; 1FC; 2FC; 3SP; 3SF; 3SG; 2P","N/A","N/A",,,,"Basile, Rino","1,003",,"493","26/05/2025 1:46 PM","20/05/2026 3:52 PM","Muhammad Abid-T2D"
"(S) Pipes Hydrant","Conditional","HSP","HSP","No","No","Model","FD","345","EF_55_30_98","Water fire suppression supply","Ss_55_30_98_21","Deluge systems","Pr_65_52_63_17","Copper pipes","EF_55_30_98Ss_55_30_98_21Pr_65_52_63_17","3FC; 1FC; 2FC; 3SP; 3SF; 3SG; 2P","N/A","N/A",,"Point Asset","Line","Tay, Bryan","956",,"431","13/05/2025 5:46 PM","21/05/2026 4:18 PM","Muhammad Abid-T2D"
"(S) Pipes_Fire Detection","Conditional","FPP","FPP","No","No","Model","FD","345","EF_55_30_98","Water fire suppression supply","Ss_55_30_98_21","Deluge systems","Pr_65_52_63_17","Copper pipes","EF_55_30_98Ss_55_30_98_21Pr_65_52_63_17","3FC; 1FC; 2FC; 3SP; 3SF; 3SG; 2P","N/A","N/A",,"Point Asset","Line","Tay, Bryan","918",,"393","13/05/2025 5:20 PM","20/05/2026 5:35 PM","Gunagi, Pooja"
"(S) Pipes_Sewer","Conditional","SEW","SEW","No","No","Model","HY","373","EF_50_30","Above-ground drainage collection","Ss_50_30_04","Above-ground wastewater drainage systems","Pr_65_52_63_89","Unplasticized polyvinyl chloride (PVC-U) pipes","EF_50_30Ss_50_30_04Pr_65_52_63_89","3FC; 1FC; 2FC; 3SP; 3SF; 3SG; 2P","N/A","N/A",,"Point Asset","Line","Tay, Bryan","919",,"394","13/05/2025 5:20 PM","20/05/2026 5:52 PM","Gunagi, Pooja"
"(S) Pipes_Sewer US","Conditional","SEW","SEW","No","No","Model","US","373","EF_50_30","Above-ground drainage collection","Ss_50_30_04","Above-ground wastewater drainage systems","Pr_65_52_63_89","Unplasticized polyvinyl chloride (PVC-U) pipes","EF_50_30Ss_50_30_04Pr_65_52_63_89","3FC; 1FC; 2FC; 3SP; 3SF; 3SG; 2P","N/A","N/A",,"Point Asset","Line","Bird, Cheyne","919",,"3554","13/04/2026 5:47 PM","20/05/2026 5:53 PM","Gunagi, Pooja"
"(S) Pipes_Stormwater","Conditional","SWP","SWP","No","No","Model","HY","373","EF_50_30","Above-ground drainage collection","Ss_50_30_02","Rainwater drainage systems","Pr_65_52_63_89","Unplasticized polyvinyl chloride (PVC-U) pipes","EF_50_30Ss_50_30_02Pr_65_52_63_89","3FC; 1FC; 2FC; 3SP; 3SF; 3SG; 2P","01.05 M&E","01.05.04.01.02 Stormwater pipe",,"Point Asset","Line","Tay, Bryan","920",,"395","13/05/2025 5:20 PM","20/05/2026 5:58 PM","Gunagi, Pooja"
"(S) Pipes_Water","Conditional","HPS","HPS","No","No","Model","HY","374","EF_55_70","Water supply","Ss_55_70_95","Water distribution network systems","Pr_65_52_63_17","Copper pipes","EF_55_70Ss_55_70_95Pr_65_52_63_17","3FC; 1FC; 2FC; 3SP; 3SF; 3SG; 2P","N/A","N/A",,"Point Asset","Line","Tay, Bryan","921",,"396","13/05/2025 5:20 PM","21/05/2026 3:47 PM","Muhammad Abid-T2D"
"(S) Pipes_Water UW","Conditional","HPS","HPS","No","No","Model","UW",,"EF_55_70","Water supply","Ss_55_70_95","Water distribution network systems","Pr_65_52_63_17","Copper pipes","EF_55_70Ss_55_70_95Pr_65_52_63_17","3FC; 1FC; 2FC; 3SP; 3SF; 3SG; 2P","N/A","N/A",,"Point Asset","Line","Bird, Cheyne","921",,"3552","13/04/2026 5:46 PM","21/05/2026 3:47 PM","Muhammad Abid-T2D"
"(S) Pipes_Water_Condensate","Conditional","PCN","PCN","No","No","Model","ME","376","EF_65_80_12","Central air conditioning","Ss_65_80_05","Central air conditioning systems","Pr_65_52_63_17","Copper pipes","EF_65_80_12Ss_65_80_05Pr_65_52_63_17","3FC; 1FC; 2FC; 3SP; 3SF; 3SG; 2P","N/A","N/A",,"Point Asset","Line","Tay, Bryan","922",,"397","13/05/2025 5:20 PM","21/05/2026 4:22 PM","Muhammad Abid-T2D"
"(S) Pipes_Water_Refrigerant Liquid","Conditional","PRF","PRF","No","No","Model","ME","376","EF_65_80_12","Central air conditioning","Ss_65_80_05","Central air conditioning systems","Pr_65_52_63_17","Copper pipes","EF_65_80_12Ss_65_80_05Pr_65_52_63_17","3FC; 1FC; 2FC; 3SP; 3SF; 3SG; 2P","N/A","N/A",,"Point Asset","Line","Tay, Bryan","925",,"400","13/05/2025 5:20 PM","21/05/2026 4:22 PM","Muhammad Abid-T2D"
"(S) Point Smoke Detection unit","Yes","PSD","PSD","Yes","No","Model","FD","346","EF_75_50_28","Fire and smoke detection and alarms","Ss_75_50_28_29","Fire detection and alarm systems","Pr_75_80_30_59","Optical beam smoke detectors","EF_75_50_28Ss_75_50_28_29Pr_75_80_30_59","3FC; 1FC; 2FC; 3SP; 3SF; 3SG; 2P","01.05 M&E","01.05.02.01.03 Optical Smoke Detection unit",,"Point Asset","Point","Tay, Bryan","912",,"387","13/05/2025 5:20 PM","21/05/2026 4:22 PM","Muhammad Abid-T2D"
"(S) Pole","Yes","TS","TS","Yes","No","Model","LV","252","EF_75_30_35","Road signals and controls","Ss_37_17_50","Mast and pole systems","Pr_20_85_50","Masts and poles","EF_75_30_35Ss_37_17_50Pr_20_85_50","3FC; 1FC; 2FC; 3SP; 3SF; 3SG; 2P","01.05 M&E","01.05.05.05.21.01 Traffic Signal Lantern",,"Point Asset","Point","Tay, Bryan","761",,"235","13/05/2025 5:19 PM","20/05/2026 5:57 PM","Gunagi, Pooja"
"(S) Pole Mounted Luminaire","Yes","LLD","LLD","Yes","No","Model","LT","368","EF_70_80","Lighting","Ss_70_80_25_70","Roadway lighting systems","Pr_70_70_48_73","Road and amenity lighting luminaires","EF_70_80Ss_70_80_25_70Pr_70_70_48_73","3FC; 1FC; 2FC; 3SP; 3SF; 3SG; 2P","01.05 M&E","01.05.06.01.08 Linear LED Luminaire",,"Point Asset","Point","Basile, Rino","697",,"3195","7/10/2025 10:25 AM","20/05/2026 5:45 PM","Gunagi, Pooja"
"(S) Portable Fire Extinguishers","Yes","PFE","PFE","Yes","No","Model","FD","348","EF_55_30","Fire-extinguishing supply","Ss_55_30_65_65","Portable fire extinguisher systems","Pr_40_50_28_64","Portable fire extinguishers","EF_55_30Ss_55_30_65_65Pr_40_50_28_64","3FC; 1FC; 2FC; 3SP; 3SF; 3SG; 2P","01.05 M&E","01.05.02.06.01 Portable Fire Extinguishers",,"Point Asset","Point","Tay, Bryan","926",,"401","13/05/2025 5:20 PM","20/05/2026 5:52 PM","Gunagi, Pooja"
"(S) Power Supply Unit","Yes","PSU","PSU","Yes","No","Model","ID","372","EF_70_30_45","Low-voltage electricity distribution","Ss_70_10","Electrical power generation systems","Pr_60_70","Power supply products","EF_70_30_45Ss_70_10Pr_60_70","3FC; 1FC; 2FC; 3SP; 3SF; 3SG; 2P","01.05 M&E","01.05.05.02.05.05 I/O Power Supplies<br>",,"Point Asset","Point","Basile, Rino",,,"3402","23/02/2026 8:05 AM","20/05/2026 5:53 PM","Gunagi, Pooja"
"(S) Pressure Reducing Valve - Fire","Yes","PRV","PRV","Yes","No","Model","FD","345","EF_55_30","Fire-extinguishing supply","Ss_55_30_98","Water fire suppression systems","Pr_65_54_95_66","Pressure-reducing valves","EF_55_30Ss_55_30_98Pr_65_54_95_66","3FC; 1FC; 2FC; 3SP; 3SF; 3SG; 2P","01.05 M&E","01.05.04.05.01 Valves & Actuators",,"Point Asset","Point","Tay, Bryan","927",,"402","13/05/2025 5:20 PM","21/05/2026 4:22 PM","Muhammad Abid-T2D"
"(S) Pressure Reducing Valve - Water Main","Yes","PRV","PRV","No","No","Model","HY","374","EF_50_30","Above-ground drainage collection","Ss_55_70_95","Water distribution network systems","Pr_65_54_95_66","Pressure-reducing valves","EF_50_30Ss_55_70_95Pr_65_54_95_66","3FC; 1FC; 2FC; 3SP; 3SF; 3SG; 2P","01.05 M&E","01.05.04.05.01 Valves & Actuators",,"Point Asset","Point","Tay, Bryan","928",,"403","13/05/2025 5:20 PM","21/05/2026 4:22 PM","Muhammad Abid-T2D"
"(S) Pressure Relief  Valve","Yes","PSV","PSV","No","No","N/A","FD","345","EF_55_30_98","Water fire suppression supply","Ss_55_30_98","Water fire suppression systems","Pr_65_54_95_65","Pressure relief valves","EF_55_30_98Ss_55_30_98Pr_65_54_95_65","3FC; 1FC; 2FC; 3SP; 3SF; 3SG; 2P","01.05 M&E","01.05.02.12.09 Deluge Pressure Relief Valve",,"Point Asset","Point","Tay, Bryan","929",,"404","13/05/2025 5:20 PM","25/05/2026 11:31 AM","Basile, Rino"
"(S) Pressure Relief Damper","Yes","PDR","PDR","Yes","Yes","Model","ME","370","EF_65","Ventilation and air conditioning functions","Ss_65","Ventilation and air conditioning systems","Pr_65_65_24_68","Pressure relief dampers","EF_65Ss_65Pr_65_65_24_68","3FC; 1FC; 2FC; 3SP; 3SF; 3SG; 2P","01.05 M&E","01.05.03.02.01 Motorised Relief Dampers",,"Point Asset","Point","Basile, Rino",,,"3322","28/01/2026 9:49 AM","30/06/2026 5:49 PM","Zheng, Zach"
"(S) Pressure Switch","Yes","PSW","PSW","No","No","Unsure","FD",,"EF_55_30","Fire-extinguishing supply","Ss_55_30","Fire-extinguishing systems","Pr_65_54_30","Firefighting valves and devices","EF_55_30Ss_55_30Pr_65_54_30",,"01.05 M&E","01.05.03.05.01 Differential Pressure Switch",,"Point Asset","Point","Basile, Rino",,,"3686","25/05/2026 11:27 AM","25/05/2026 11:29 AM","Basile, Rino"
"(S) Proposed ITS Trench Envelope","N/A","N/A",,"N/A","No","N/A","TT","255","N/A","N/A","N/A","N/A","N/A","N/A","N/AN/AN/A","3FC; 1FC; 2FC; 3SP; 3SF; 3SG; 2P","N/A","N/A",,,,"Tay, Bryan","771",,"245","13/05/2025 5:19 PM","20/05/2026 2:35 PM","Bird, Cheyne"
"(S) PTZ Camera","Yes","CAM","CAM","Yes","Yes","Model","ID","356","EF_75_40_53","Monitoring","Ss_75_40_53_86","Surveillance CCTV systems","Pr_60_75_86_65","Internet protocol (IP) high-speed pan-tilt-zoom (PTZ) cameras","EF_75_40_53Ss_75_40_53_86Pr_60_75_86_65","3FC; 1FC; 2FC; 3SP; 3SF; 3SG; 2P","01.05 M&E","01.05.05.01.10 Camera",,"Point Asset","Point","Tay, Bryan","847",,"322","13/05/2025 5:19 PM","20/05/2026 5:35 PM","Gunagi, Pooja"
"(S) PTZ Road Camera","Yes","CAM","CAM","Yes","Yes","Model","TT","251","EF_75_40_53","Monitoring","Ss_75_40_53_86","Surveillance CCTV systems","Pr_60_75_86_65","Internet protocol (IP) high-speed pan-tilt-zoom (PTZ) cameras","EF_75_40_53Ss_75_40_53_86Pr_60_75_86_65","1; 2; 3","01.05 M&E","01.05.05.01.10 Camera",,"Point Asset","Point","Tay, Bryan","754",,"228","13/05/2025 5:19 PM","1/06/2026 11:53 AM","Bird, Cheyne"
"(S) Push Button Door Release","Yes","EDS","EDS","Yes","No","Model","ID","372","EF_75_40_02","Access control","Ss_75_40_02","Access control systems","Pr_75_30_30_71","Request-to-exit buttons","EF_75_40_02Ss_75_40_02Pr_75_30_30_71","3FC; 1FC; 2FC; 3SP; 3SF; 3SG; 2P","01.05 M&E","01.05.05.04.01 Public Address System",,"Point Asset","Point","Tay, Bryan","867",,"342","13/05/2025 5:19 PM","21/05/2026 3:47 PM","Muhammad Abid-T2D"
"(S) Rainwater Outlet","No","N/A",,"N/A","No","N/A","HY","374","EF_50_30","Above-ground drainage collection","Ss_50_30_02","Rainwater drainage systems","Pr_65_50_35_37","Gravity rainwater outlets","EF_50_30Ss_50_30_02Pr_65_50_35_37","3FC; 1FC; 2FC; 3SP; 3SF; 3SG; 2P","N/A","N/A",,,,"Tay, Bryan","930",,"405","13/05/2025 5:20 PM","20/05/2026 3:52 PM","Muhammad Abid-T2D"
"(S) Ramp Control Sign (RC1)","Yes","RC1","RC1","Yes","No","Model","TT","250","EF_75_30_35","Road signals and controls","Ss_40_10_90_72","Road traffic signage systems","Pr_70_75_72_94","Variable message traffic signs","EF_75_30_35Ss_40_10_90_72Pr_70_75_72_94","3FC; 1FC; 2FC; 3SP; 3SF; 3SG; 2P","01.05 M&E","01.05.05.05.13 Ramp Control Sign",,"Point Asset","Point","Tay, Bryan","746",,"220","13/05/2025 5:19 PM","20/05/2026 5:51 PM","Gunagi, Pooja"
"(S) Ramp Control Sign (RC2)","Yes","RC2","RC2","Yes","No","Model","TT","250","EF_75_30_35","Road signals and controls","Ss_40_10_90_72","Road traffic signage systems","Pr_70_75_72_94","Variable message traffic signs","EF_75_30_35Ss_40_10_90_72Pr_70_75_72_94","1; 2; 3; 3FC; 1FC; 2FC; 3SP; 3SF; 3SG; 2P","01.05 M&E","01.05.05.05.13 Ramp Control Sign",,"Point Asset","Point","Tay, Bryan","746",,"3170","16/09/2025 4:17 PM","1/06/2026 1:23 PM","Long, Mike"
"(S) Ramp Control Sign (RC3)","Yes","RC3","RC3","Yes","No","Model","TT","250","EF_75_30_35","Road signals and controls","Ss_40_10_90_72","Road traffic signage systems","Pr_70_75_72_94","Variable message traffic signs","EF_75_30_35Ss_40_10_90_72Pr_70_75_72_94","3FC; 1FC; 2FC; 3SP; 3SF; 3SG; 2P","01.05 M&E","01.05.05.05.13 Ramp Control Sign",,"Point Asset","Point","Tay, Bryan","746",,"3172","16/09/2025 4:17 PM","20/05/2026 5:52 PM","Gunagi, Pooja"
"(S) Reduced Pressure Zone Device (RPZD)","Yes","VLV","VLV","No","No","Model","HY","345","EF_55_70","Water supply","Ss_55_70","Water distribution and supply systems","Pr_65_54_94_72","Reduced pressure zone valves","EF_55_70Ss_55_70Pr_65_54_94_72","3FC; 1FC; 2FC; 3SP; 3SF; 3SG; 2P","01.05 M&E","01.05.04.05.01 Valves",,"Point Asset","Point","Tay, Bryan","931",,"406","13/05/2025 5:20 PM","20/05/2026 5:58 PM","Gunagi, Pooja"
"(S) Reed Switch","Yes","EDS","EDS","Yes","No","Model","ID","372","EF_75_40_02","Access Control","Ss_75_40_02","Access control systems","Pr_75_51_17_50","Manual control switches","EF_75_40_02Ss_75_40_02Pr_75_51_17_50","3FC; 1FC; 2FC; 3SP; 3SF; 3SG; 2P","01.05 M&E","01.05.05.04.01 Public Address System",,"Point Asset","Point","Basile, Rino",,,"525","10/06/2025 11:06 AM","21/05/2026 3:47 PM","Muhammad Abid-T2D"
"(S) Relay","Yes","RLY","RLY","Yes","No","Model","FD","350","EF_75_30_35","Road signals and controls","Ss_75_30_35","Road signal and control systems","Pr_70_75_70_80","Signalling relays","EF_75_30_35Ss_75_30_35Pr_70_75_70_80","3FC; 1FC; 2FC; 3SP; 3SF; 3SG; 2P","01.05 M&E","01.05.05.02.08 Relay",,"Point Asset","Point","Basile, Rino",,,"3687","25/05/2026 11:30 AM","16/06/2026 1:10 PM","Basile, Rino"
"(S) Remote Display Unit","Yes","HMI","HMI","Yes","No","Model","ME","371","EF_40_40","Equipment","Ss_75_70","Control and management systems","Pr_75_50_18_41","Instrumetation, automation and control panels","EF_40_40Ss_75_70Pr_75_50_18_41","3FC; 1FC; 2FC; 3SP; 3SF; 3SG; 2P","01.05 M&E","01.05.05.02.06 Human Machine Interface",,"Point Asset","Point","Basile, Rino",,,"3602","30/04/2026 8:35 AM","20/05/2026 5:45 PM","Gunagi, Pooja"
"(S) Remote I/O Module","Yes","RIM","RIM","No","Yes","Register","LV",,"EF_40_40","Equipment","Ss_75_70","Control and management systems","Pr_75_50_20_43","Input and output modules","EF_40_40Ss_75_70Pr_75_50_20_43",,"01.05 M&E","01.05.05.02.05 PMCS I/O Hardware",,"Point Asset","Point","Bird, Cheyne",,,"3700","1/06/2026 1:51 PM","3/06/2026 12:21 PM","Basile, Rino"
"(S) Remote Test Drain","No","N/A",,"N/A","No","N/A","FD","346","EF_75_50_28","Fire and smoke detection and alarms","Ss_75_50_28_29","Fire detection and alarm systems","Pr_65_54_94","Water supply and wastewater valves","EF_75_50_28Ss_75_50_28_29Pr_65_54_94","3FC; 1FC; 2FC; 3SP; 3SF; 3SG; 2P","N/A","N/A",,,,"Tay, Bryan","932",,"407","13/05/2025 5:20 PM","20/05/2026 3:52 PM","Muhammad Abid-T2D"
"(S) Road Lighting Switchboard","Yes","SWB","SWB","Yes","No","Model","LT",,"EF_70_30_45","Low-voltage electricity distribution","Ss_70_30_45_45","Low-voltage distribution systems","Pr_60_70_22_46","Lighting distribution boxes","EF_70_30_45Ss_70_30_45_45Pr_60_70_22_46","3FC; 1FC; 2FC; 3SP; 3SF; 3SG; 2P","01.05 M&E","01.05.01.03.20 Main LV Switchboard",,"Point Asset","Point","Bird, Cheyne",,,"3121","9/09/2025 11:27 AM","20/05/2026 5:58 PM","Gunagi, Pooja"
"(S) Road Safety Camera","Yes","RSC","RSC","Yes","Yes","Model","TT","251","EF_75_40_53","Monitoring","Ss_75_40_53_86","Surveillance CCTV systems","Pr_60_75_86_30","Fixed cameras","EF_75_40_53Ss_75_40_53_86Pr_60_75_86_30","3FC; 1FC; 2FC; 3SP; 3SF; 3SG; 2P","01.05 M&E","01.05.05.01.10 Camera",,"Point Asset","Point","Tay, Bryan","753",,"227","13/05/2025 5:19 PM","20/05/2026 5:51 PM","Gunagi, Pooja"
"(S) Roof Intake/Discharge Cowl","Yes","VLU","VLU","Yes","Yes","Model","ME","369","EF_75_70_52","Mechanical engineering services control and management","Ss_65_40","Ventilation systems","Pr_70_65_04_77","Roof ventilator cowls","EF_75_70_52Ss_65_40Pr_70_65_04_77","3FC; 1FC; 2FC; 3SP; 3SF; 3SG; 2P","01.05 M&E","01.05.03.06.01 Ventilation Louvers",,"Point Asset","Point","Tay, Bryan","933",,"408","13/05/2025 5:20 PM","11/06/2026 2:20 PM","Bird, Cheyne"
"(S) Room Temperature Sensors","Yes","RTS","RTS","Yes","No","Model","ME","371","EF_65_80","Air conditioning","Ss_65_80","Air conditioning systems","Pr_75_50_76_03","Air temperature sensors","EF_65_80Ss_65_80Pr_75_50_76_03","3FC; 1FC; 2FC; 3SP; 3SF; 3SG; 2P","01.05 M&E","01.05.03.04.02 Room Temperature Sensors",,"Point Asset","Point","Basile, Rino",,,"3562","15/04/2026 2:24 PM","20/05/2026 5:53 PM","Gunagi, Pooja"
"(S) Security Enclosure/ External","Yes","SEE","SEE","Yes","No","Model","ID","372","EF_75_40_02","Access control","Ss_75_40_02","Access control systems","Pr_80_77_28","Equipment enclosures, cabinets, boxes and housings","EF_75_40_02Ss_75_40_02Pr_80_77_28","3FC; 1FC; 2FC; 3SP; 3SF; 3SG; 2P","01.05 M&E","01.05.01.03.06 Control Panel - Lighting",,"Point Asset","Point","Basile, Rino",,,"3118","2/09/2025 8:48 AM","20/05/2026 5:52 PM","Gunagi, Pooja"
"(S) Sensor","Yes","SEN","SEN","No","No","Register","HY",,"EF_55_70","Water supply","Ss_55_70","Water distribution and supply systems","Pr_75_50_76","Sensors and detectors","EF_55_70Ss_55_70Pr_75_50_76","3FC; 1FC; 2FC; 3SP; 3SF; 3SG; 2P","01.05 M&E","01.05.04.05.02 Sensors",,"Point Asset","Point","Basile, Rino",,,"3588","23/04/2026 4:46 PM","20/05/2026 4:10 PM","Gunagi, Pooja"
"(S) Server (Building Management System)","Yes","SRV","SRV","Yes","No","Model","EL","362","EF_75_70_52","Mechanical engineering services control and management","Ss_75_70_54_10","Building monitoring and management systems","Pr_75_50_18_41","Instrumentation, automation and control panels","EF_75_70_52Ss_75_70_54_10Pr_75_50_18_41","3FC; 1FC; 2FC; 3SP; 3SF; 3SG; 2P","01.05 M&E","01.05.01.03.13 Instrumentation & Meters (LV)",,"Point Asset","Point","Basile, Rino",,,"3239","18/11/2025 2:01 PM","20/05/2026 5:58 PM","Gunagi, Pooja"
"(S) Sewer Reflux Valve","No","N/A",,"N/A","No","N/A","HY","373","EF_50_30","Above-ground drainage collection","Ss_50_30_04","Above-ground wastewater drainage systems","Pr_65_54_94","Water supply and wastewater valves","EF_50_30Ss_50_30_04Pr_65_54_94","3FC; 1FC; 2FC; 3SP; 3SF; 3SG; 2P","N/A","N/A",,,,"Tay, Bryan","934",,"409","13/05/2025 5:20 PM","20/05/2026 3:52 PM","Muhammad Abid-T2D"
"(S) Sewer Vent Cowl","No","N/A",,"N/A","No","N/A","HY","373","EF_50_30","Above-ground drainage collection","Ss_50_30_04","Above-ground wastewater drainage systems","Pr_65_52_03","Above-ground drainage pipes and fittings","EF_50_30Ss_50_30_04Pr_65_52_03","3FC; 1FC; 2FC; 3SP; 3SF; 3SG; 2P","N/A","N/A",,,,"Tay, Bryan","935",,"410","13/05/2025 5:20 PM","20/05/2026 3:52 PM","Muhammad Abid-T2D"
"(S) SHCIE Panel","Yes","SFIP","SFIP","Yes","No","Model","FD","350","EF_75_50_28","Fire and smoke detection and alarms","Ss_75_50_28_29","Fire detection and alarm systems","Pr_75_80_30_29","Fire alarm panels","EF_75_50_28Ss_75_50_28_29Pr_75_80_30_29","3FC; 1FC; 2FC; 3SP; 3SF; 3SG; 2P","01.05 M&E","01.05.02.01.12 Fire Panel",,"Point Asset","Point","Basile, Rino",,,"3108","1/09/2025 9:51 AM","20/05/2026 5:52 PM","Gunagi, Pooja"
"(S) Solar - Inverter","Yes","INV","INV","Yes","No","Model","LV","361","EF_70_10_70","Renewable power generation","Ss_70_10_70","Renewable power generation systems","Pr_65_72_43_42","Inverters","EF_70_10_70Ss_70_10_70Pr_65_72_43_42","3FC; 1FC; 2FC; 3SP; 3SF; 3SG; 2P","01.05 M&E","01.05.01.03.13 Instrumentation & Meters (LV)",,"Point Asset","Point","Basile, Rino",,,"3220","28/10/2025 4:49 PM","20/05/2026 5:45 PM","Gunagi, Pooja"
"(S) Solar Panels","Yes","PAN","PAN","No","No","Model","LV","361","EF_70_10_70","Renewable power generation","Ss_70_10_70_35","Grid-connected photovoltaic systems","Pr_60_70_65_63","Photovoltaic modules","EF_70_10_70Ss_70_10_70_35Pr_60_70_65_63","3FC; 1FC; 2FC; 3SP; 3SF; 3SG; 2P","01.05 M&E","01.05.01.03.20 Main LV Switchboard",,"Point Asset","Point","Tay, Bryan","958",,"433","13/05/2025 5:47 PM","21/05/2026 4:22 PM","Muhammad Abid-T2D"
"(S) Solenoid Valve","Yes","SLV","SLV","No","No","Unsure","FD",,"EF_55_30","Fire-extinguishing supply","Ss_55_30","Fire-extinguishing systems","Pr_65_54_30_96","Fire suppression control valve sets","EF_55_30Ss_55_30Pr_65_54_30_96",,"01.05 M&E","01.05.04.05.01 Valves & Actuators",,"Point Asset",,"Basile, Rino",,,"3685","25/05/2026 11:24 AM","25/05/2026 11:25 AM","Basile, Rino"
"(S) Special Hazards Indication Panel","Yes","SHIP","SHIP","Yes","Yes","Model","FD","350","EF_75_50_28","Fire and smoke detection and alarms","Ss_75_50_28_29","Fire detection and alarm systems","Pr_75_50_18","Control and indicator panels","EF_75_50_28Ss_75_50_28_29Pr_75_50_18","3FC; 1FC; 2FC; 3SP; 3SF; 3SG; 2P","01.05 M&E","01.05.02.01.12 Fire Panel",,"Point Asset","Point","Basile, Rino",,,"3398","19/02/2026 12:29 PM","21/05/2026 4:22 PM","Muhammad Abid-T2D"
"(S) Spread Footing","No","N/A",,"N/A","No","N/A","TT","253","EF_75_30_35","Road signals and controls","Ss_37_17_50_72","Road mast systems","Pr_20_85_13_32","Concrete foundation pads","EF_75_30_35Ss_37_17_50_72Pr_20_85_13_32","3FC; 1FC; 2FC; 3SP; 3SF; 3SG; 2P","N/A","N/A",,,,"Tay, Bryan","762",,"236","13/05/2025 5:19 PM","20/05/2026 2:35 PM","Bird, Cheyne"
"(S) Stop Gas Switch","Yes","GRW","GRW","Yes","No","Model","FD","348","EF_55_30_35","Gaseous fire-extinguishing supply","Ss_55_30_35","Gaseous fire-extinguishing systems","Pr_75_50_33_26","Gas fire-suppression emergency abort devices","EF_55_30_35Ss_55_30_35Pr_75_50_33_26","3FC; 1FC; 2FC; 3SP; 3SF; 3SG; 2P","01.05 M&E","01.05.01.01.08 Switchboard and Cubicles (HV)",,"Point Asset","Point","Tay, Bryan","936",,"411","13/05/2025 5:20 PM","20/05/2026 5:45 PM","Gunagi, Pooja"
"(S) Strobe Light - Fire Detection","Yes","LST","LST","Yes","No","Model","FD","346","EF_75_50_28","Fire and smoke detection and alarms","Ss_75_50_28_29","Fire detection and alarm systems","Pr_75_80_30_97","Visual alarm signal devices","EF_75_50_28Ss_75_50_28_29Pr_75_80_30_97","3FC; 1FC; 2FC; 3SP; 3SF; 3SG; 2P","01.05 M&E","01.05.06.01.06 Strobe Light",,"Point Asset","Point","Tay, Bryan","937",,"412","13/05/2025 5:20 PM","20/05/2026 5:45 PM","Gunagi, Pooja"
"(S) Strobe Light - Security","Yes","LST","LST","Yes","No","Model","ID","368","EF_75_40","Security","Ss_75_40_53","Monitoring systems","Pr_75_80_30_97","Visual alarm signal devices","EF_75_40Ss_75_40_53Pr_75_80_30_97","3FC; 1FC; 2FC; 3SP; 3SF; 3SG; 2P","01.05 M&E","01.05.06.01.06 Strobe Light",,"Point Asset","Point","Tay, Bryan","864",,"339","13/05/2025 5:19 PM","20/05/2026 5:45 PM","Gunagi, Pooja"
"(S) Sub Fire Indication Panel","Yes","SFIP","SFIP","Yes","Yes","Model","FD","350","EF_75_50_28","Fire and smoke detection and alarms","Ss_75_50_28_29","Fire detection and alarm systems","Pr_75_50_18_31","Fire-suppression system indicator panels","EF_75_50_28Ss_75_50_28_29Pr_75_50_18_31","3FC; 1FC; 2FC; 3SP; 3SF; 3SG; 2P","01.05 M&E","01.05.02.01.12 Fire Panel",,"Point Asset","Point","Tay, Bryan","938",,"413","13/05/2025 5:20 PM","20/05/2026 5:52 PM","Gunagi, Pooja"
"(S) Suppressant gas release solenoid valve ","Yes","GSV","GSV","Yes","No","Model","FD","348","EF_55_30_35","Gaseous fire-extinguishing supply","Ss_55_30_35","Gaseous fire-extinguishing systems","Pr_65_54_33_38","Gas solenoid valves","EF_55_30_35Ss_55_30_35Pr_65_54_33_38","3FC; 1FC; 2FC; 3SP; 3SF; 3SG; 2P","01.05 M&E","01.05.02.07.03 Suppressant gas release solenoid valve ",,"Point Asset","Point","Tay, Bryan","939",,"414","13/05/2025 5:20 PM","20/05/2026 5:45 PM","Gunagi, Pooja"
"(S) Suppressant gas system - gas storage bottle","Yes","GSB","GSB","Yes","No","Model","FD","348","EF_55_30_35","Gaseous fire-extinguishing supply","Ss_55_30_35","Gaseous fire-extinguishing systems","Pr_60_50_33_48","Low-pressure fire-extinguishing gas storage cylinders","EF_55_30_35Ss_55_30_35Pr_60_50_33_48","3FC; 1FC; 2FC; 3SP; 3SF; 3SG; 2P","01.05 M&E","01.05.02.07.05 Suppressant gas system - gas storage bottle",,"Point Asset","Point","Tay, Bryan","940",,"415","13/05/2025 5:20 PM","20/05/2026 5:45 PM","Gunagi, Pooja"
"(S) Supressant gas release nozzole - general","Yes","GDN","GDN","Yes","No","Model","FD","348","EF_55_30_35","Gaseous fire-extinguishing supply","Ss_55_30_35","Gaseous fire-extinguishing systems","Pr_70_55_33_36","Halocarbons and inert gas fire-extinguishing nozzles","EF_55_30_35Ss_55_30_35Pr_70_55_33_36","3FC; 1FC; 2FC; 3SP; 3SF; 3SG; 2P","01.05 M&E","01.05.02.07.03 Suppressant gas release solenoid valve",,"Point Asset","Point","Tay, Bryan","941",,"416","13/05/2025 5:20 PM","21/05/2026 3:47 PM","Muhammad Abid-T2D"
"(S) Switchboard (LV) - Distribution Board (Essential)","Yes","EDB","EDB","Yes","Yes","Model","LV","362","EF_70_30_45","Low-voltage electricity distribution","Ss_70_30_45_45","Low-voltage distribution systems","Pr_60_70_22_79","Slave distribution boxes","EF_70_30_45Ss_70_30_45_45Pr_60_70_22_79","3FC; 1FC; 2FC; 3SP; 3SF; 3SG; 2P","01.05 M&E","01.05.01.03.09 Essential Electrical Distribution Board",,"Point Asset","Point","Tay, Bryan","858",,"333","13/05/2025 5:19 PM","20/05/2026 5:35 PM","Gunagi, Pooja"
"(S) Switchboard (LV) - Distribution Board (Essential-UPS)","Yes","UDB","UDB","Yes","Yes","Model","LV","362","EF_70_30_45","Low-voltage electricity distribution","Ss_70_30_45_92","Uninterruptible power supply systems","Pr_60_70_22_79","Slave distribution boxes","EF_70_30_45Ss_70_30_45_92Pr_60_70_22_79","3FC; 1FC; 2FC; 3SP; 3SF; 3SG; 2P","01.05 M&E","01.05.01.03.09 Essential Electrical Distribution Board",,"Point Asset","Point","Tay, Bryan","960",,"435","13/05/2025 5:47 PM","21/05/2026 4:22 PM","Muhammad Abid-T2D"
"(S) Switchboard (LV) - Distribution Board (Non-Essential)","Yes","NDB","NDB","Yes","Yes","Model","LV","362","EF_70_30_45","Low-voltage electricity distribution","Ss_70_30_45_45","Low-voltage distribution systems","Pr_60_70_22_22","Distribution boards","EF_70_30_45Ss_70_30_45_45Pr_60_70_22_22","3FC; 1FC; 2FC; 3SP; 3SF; 3SG; 2P","01.05 M&E","01.05.01.03.16 Non Essential Electrical Distribution Board",,"Point Asset","Point","Tay, Bryan","857",,"332","13/05/2025 5:19 PM","20/05/2026 5:45 PM","Gunagi, Pooja"
"(S) Switchboard (LV) - Main Distribution Board (MDB)","Yes","EDB","EDB","Yes","Yes","Model","LV","362","EF_70_30_45","Low-voltage electricity distribution","Ss_70_30_45_45","Low-voltage distribution systems","Pr_60_70_22_22","Distribution boards","EF_70_30_45Ss_70_30_45_45Pr_60_70_22_22","3FC; 1FC; 2FC; 3SP; 3SF; 3SG; 2P","01.05 M&E","01.05.01.03.09 Essential Electrical Distribution Board",,"Point Asset","Point","Tay, Bryan","856",,"331","13/05/2025 5:19 PM","20/05/2026 5:35 PM","Gunagi, Pooja"
"(S) Switchboard (LV) - Main Switchboard","Yes","MSB","MSB","Yes","Yes","Model","LV","362","EF_70_30_45","Low-voltage electricity distribution","Ss_70_30_45_45","Low-voltage distribution systems","Pr_60_70_22_50","Master distribution boxes","EF_70_30_45Ss_70_30_45_45Pr_60_70_22_50","3FC; 1FC; 2FC; 3SP; 3SF; 3SG; 2P","01.05 M&E","01.05.01.03.25Main Switchboard",,"Point Asset","Point","Tay, Bryan","855",,"330","13/05/2025 5:19 PM","20/05/2026 5:45 PM","Gunagi, Pooja"
"(S) Thermal Detectors","Yes","TID","TID","Yes","No","Model","FD","346","EF_75_50_28","Fire and smoke detection and alarms","Ss_75_50_28_29","Fire detection and alarm systems","Pr_75_80_30_64","Point heat detectors","EF_75_50_28Ss_75_50_28_29Pr_75_80_30_64","3FC; 1FC; 2FC; 3SP; 3SF; 3SG; 2P","01.05 M&E","01.05.05.05.20 Vehicle Detection System",,"Point Asset","Point","Basile, Rino",,,"571","19/06/2025 2:23 PM","20/05/2026 5:58 PM","Gunagi, Pooja"
"(S) Thermal ID Camera","Yes","CAM","CAM","Yes","Yes","Model","TT","251","EF_75_40_53","Monitoring","Ss_75_40_53_86","Surveillance CCTV systems","Pr_60_75_86","Surveillance cameras, monitors and ancillaries","EF_75_40_53Ss_75_40_53_86Pr_60_75_86","1; 2; 3","01.05 M&E","01.05.05.01.01 Automatic Vehicle Incident Detection Systems",,"Point Asset","Point","Tay, Bryan","752",,"226","13/05/2025 5:19 PM","1/06/2026 11:53 AM","Bird, Cheyne"
"(S) TIRTL Receiver","Yes","TLD","TLD","Yes","No","Model","TT","251","EF_75_30_35","Road signals and controls","Ss_75_70_90_96","Vehicle monitoring and management systems","Pr_70_75_72_01","Above-ground vehicle detection products","EF_75_30_35Ss_75_70_90_96Pr_70_75_72_01","3FC; 1FC; 2FC; 3SP; 3SF; 3SG; 2P","01.05 M&E","01.05.05.05.20 Vehicle Detection System",,"Point Asset","Point","Tay, Bryan","751",,"225","13/05/2025 5:19 PM","20/05/2026 5:57 PM","Gunagi, Pooja"
"(S) TIRTL Transmitter","Yes","TLD","TLD","Yes","No","Model","TT","251","EF_75_30_35","Road signals and controls","Ss_75_70_90_96","Vehicle monitoring and management systems","Pr_70_75_72_01","Above-ground vehicle detection products","EF_75_30_35Ss_75_70_90_96Pr_70_75_72_01","3FC; 1FC; 2FC; 3SP; 3SF; 3SG; 2P","01.05 M&E","01.05.05.05.20 Vehicle Detection System",,"Point Asset","Point","Tay, Bryan","750",,"224","13/05/2025 5:19 PM","20/05/2026 5:57 PM","Gunagi, Pooja"
"(S) TMV Wall Box (Thermostatic Mixing Valve)","Yes","PLB","TMV","No","No","Model","HY","374","EF_55_70","Water supply","Ss_55_70","Water distribution and supply systems","Pr_65_54_95_88","Thermostatic mixing valves","EF_55_70Ss_55_70Pr_65_54_95_88","3FC; 1FC; 2FC; 3SP; 3SF; 3SG; 2P","01.05 M&E","01.05.04.05.01 Valves",,"Point Asset","Point","Tay, Bryan","942",,"417","13/05/2025 5:20 PM","20/05/2026 5:52 PM","Gunagi, Pooja"
"(S) Tolling Sign","Yes","SGN","SGN","Yes","No","Model","TT","250","Signage","Road signals and controls","Ss_75_30_35_86","Toll systems","Pr_40_10_77_85","Street signs","SignageSs_75_30_35_86Pr_40_10_77_85","3FC; 1FC; 2FC; 3SP; 3SF; 3SG; 2P","01.01 Roads","01.01.02.01.03 Sign Face Plate",,"Point Asset","Point","Tay, Bryan","745",,"219","13/05/2025 5:19 PM","21/05/2026 10:14 AM","Muhammad Abid-T2D"
"(S) Trap Primer Valve","Yes","SLV","SLV","No","Yes","Model","HY","374","EF_55_70","Water supply","Ss_55_70","Water distribution and supply systems","Pr_65_54_95","Building services valves","EF_55_70Ss_55_70Pr_65_54_95","3FC; 1FC; 2FC; 3SP; 3SF; 3SG; 2P","01.05 M&E","01.05.04.05.01 Valves",,"Point Asset",,"Basile, Rino","901",,"3713","18/06/2026 10:20 AM","18/06/2026 10:30 AM","Basile, Rino"
"(S) Tundish","No","N/A",,"No","No","N/A","HY","373","EF_50_30","Above-ground drainage collection","Ss_50_30_04","Above-ground wastewater drainage systems","Pr_65_52_61_91","Tundishes","EF_50_30Ss_50_30_04Pr_65_52_61_91","3FC; 1FC; 2FC; 3SP; 3SF; 3SG; 2P","01.05 M&E","01.05.04.05.01 Valves",,,,"Tay, Bryan","943",,"418","13/05/2025 5:20 PM","20/05/2026 3:52 PM","Muhammad Abid-T2D"
"(S) UDB Switch Isolator/ Mech","Yes","USI","USI","Yes","No","Register","ME","371","EF_70_30_45","Low-voltage electricity distribution","Ss_70_30_45_45","Low-voltage distribution systems","Pr_60_70_48_47","Low-voltage switch-disconnectors","EF_70_30_45Ss_70_30_45_45Pr_60_70_48_47","3FC; 1FC; 2FC; 3SP; 3SF; 3SG; 2P","01.05 M&E","01.05.01.03.14 Isolation Breaker (LV)",,"Point Asset","Point","Bird, Cheyne",,,"3184","19/09/2025 4:00 PM","20/05/2026 4:10 PM","Gunagi, Pooja"
"(S) Variable Message Sign (VMS)","Yes","VMS","VMS","Yes","No","Model","TT","250","EF_75_30_35","Road signals and controls","Ss_75_30_35","Road signal and control systems","Pr_70_75_72_94","Variable message traffic signs","EF_75_30_35Ss_75_30_35Pr_70_75_72_94","1; 2; 2B; 3; 3FC; 1FC; 2FC; 3SP; 3SF; 3SG; 2P","01.05 M&E","01.05.05.05.09 Variable Message Signs (VMS)",,"Point Asset","Point","Tay, Bryan","744",,"218","13/05/2025 5:19 PM","29/06/2026 12:17 PM","Long, Mike"
"(S) Variable Speed Limit Sign (VSLS)","Yes","VSS","VSS","Yes","No","Model","TT","250","EF_75_30_35","Road signals and controls","Ss_75_30_35","Road signal and control systems","Pr_70_75_72","Road traffic and pedestrian control signals","EF_75_30_35Ss_75_30_35Pr_70_75_72","3FC; 1FC; 2FC; 3SP; 3SF; 3SG; 2P","01.05 M&E","01.05.05.05.11 Variable Speed Limit Signs",,"Point Asset","Point","Tay, Bryan","743",,"217","13/05/2025 5:19 PM","20/05/2026 5:57 PM","Gunagi, Pooja"
"(S) Visual Alarm Device","Yes","VAD","VAD","Yes","No","Model","FD","346","EF_75_50_28","Fire and smoke detection and alarms","Ss_75_50_28_29","Fire detection and alarm systems","Pr_75_80_30_97","Visual alarm signal devices","EF_75_50_28Ss_75_50_28_29Pr_75_80_30_97","3FC; 1FC; 2FC; 3SP; 3SF; 3SG; 2P","01.05 M&E","01.05.02.01.15 Alarm Signalling Equipment",,"Point Asset","Point","Basile, Rino",,,"3509","13/04/2026 10:25 AM","20/05/2026 5:58 PM","Gunagi, Pooja"
"(S) Volume Control Damper (VCD)","Yes","VCD","VCD","Yes","Yes","Unsure","ME","370","EF_75_70_52","Mechanical engineering services control and management","Ss_75_70_52","Mechanical engineering services control and management systems","Pr_65_65_24_95","Volume control dampers","EF_75_70_52Ss_75_70_52Pr_65_65_24_95","3FC; 1FC; 2FC; 3SP; 3SF; 3SG; 2P","01.05 M&E","01.05.03.02.01 Motorised Relief Dampers",,"Point Asset","Point","Tay, Bryan","944",,"419","13/05/2025 5:20 PM","30/06/2026 5:49 PM","Zheng, Zach"
"(S) VRF Branch Splitter Box","Yes","SVS","ACU","Yes","No","Model","ME","371","EF_75_70_52","Mechanical engineering services control and management","Ss_60_60_70_94","Variable refrigerant flow (VRF) systems","Pr_70_65_03_94","Variable refrigerant flow (VRF) units","EF_75_70_52Ss_60_60_70_94Pr_70_65_03_94","3FC; 1FC; 2FC; 3SP; 3SF; 3SG; 2P","01.05 M&E","01.05.01.03.15 Junction Box (LV)",,"Point Asset","Point","Tay, Bryan","945",,"420","13/05/2025 5:20 PM","20/05/2026 5:58 PM","Gunagi, Pooja"
"(S) Wall Light","Yes","GLT","GLT","Yes","No","Model","EL","368","EF_70_80","Lighting","Ss_70_80_33","General lighting systems","Pr_70_70_48_85","Surface luminaires","EF_70_80Ss_70_80_33Pr_70_70_48_85","3FC; 1FC; 2FC; 3SP; 3SF; 3SG; 2P","01.05 M&E","01.05.06.01.13 General Lighting",,"Point Asset","Point","Tay, Bryan","957",,"432","13/05/2025 5:46 PM","20/05/2026 5:45 PM","Gunagi, Pooja"
"(S) Wall Mounted Fancoil Unit","Yes","FCU","FCU","Yes","Yes","Model","ME","371","EF_75_70_52","Mechanical engineering services control and management","Ss_75_70_52","Mechanical engineering services control and management systems","Pr_70_65_03_86","Split coil room air conditioning units","EF_75_70_52Ss_75_70_52Pr_70_65_03_86","3FC; 1FC; 2FC; 3SP; 3SF; 3SG; 2P","01.04 Structures","01.04.04.02.04 HVAC & Exhaust Services",,"Point Asset","Point","Tay, Bryan","946",,"421","13/05/2025 5:20 PM","20/05/2026 5:35 PM","Gunagi, Pooja"
"(S) Water Meter","Yes","FMV","FMV","Yes","No","Model","HY","374","EF_55_70","Water supply","Ss_55_70","Water distribution and supply systems","Pr_80_51_51_97","Water meters","EF_55_70Ss_55_70Pr_80_51_51_97","3FC; 1FC; 2FC; 3SP; 3SF; 3SG; 2P","01.05 M&E","01.05.01.03.13 Instrumentation & Meters (LV)",,"Point Asset","Point","Tay, Bryan","947",,"422","13/05/2025 5:20 PM","20/05/2026 5:35 PM","Gunagi, Pooja"
"(S) Water Tank","Yes","TNK","TNK","No","No","Model","FS","374","EF_55_30_96","Water firefighting supply","Ss_55_30_96","Water firefighting systems","Pr_60_50_96","Water storage products","EF_55_30_96Ss_55_30_96Pr_60_50_96","3FC; 1FC; 2FC; 3SP; 3SF; 3SG; 2P","01.05 M&E","01.05.02.12.01 Fire water tank",,"Point Asset","Point","Basile, Rino",,,"3261","2/12/2025 8:20 AM","20/05/2026 5:58 PM","Gunagi, Pooja"
"(S) Water Tap","Yes","VLV","VLV","No","No","Model","HY","374","EF_55_70","Water supply","Ss_55_70","Water distribution and supply systems","Pr_40_20_87","Taps and water supply outlet fittings","EF_55_70Ss_55_70Pr_40_20_87","3FC; 1FC; 2FC; 3SP; 3SF; 3SG; 2P","01.05 M&E","01.05.04.05.01 Valves & Actuators",,"Point Asset","Point","Tay, Bryan","951",,"426","13/05/2025 5:46 PM","20/05/2026 5:58 PM","Gunagi, Pooja"
"2 WAY SPLITTER","Yes","TWS","TWS","Yes","No","Unsure","WF",,"EF_75_10_21","Data distribution and telecommunications","Ss_75_10_21_21","Data distribution systems","Pr_60_75_08_78","Splitters","EF_75_10_21Ss_75_10_21_21Pr_60_75_08_78",,"01.05 M&E","01.05.05.02.01 Data communications Network",,"Point Asset",,"Mazarei, Ashkan (DIT)",,,"3511","13/04/2026 11:23 AM","20/05/2026 5:22 PM","Gunagi, Pooja"
"3-Way Monitored Valve","Yes","TMV","LHD","Yes","No","Unsure","FS",,"EF_55_30","Fire-extinguishing supply","Ss_55_30","Fire-extinguishing systems","Pr_65_54_30","Firefighting valves and devices","EF_55_30Ss_55_30Pr_65_54_30",,"01.05 M&E","01.05.04.05.01 Valves & Actuators",,"Point Asset","Point","James McKinlay-T2D",,,"2723","25/07/2025 3:13 PM","20/05/2026 5:21 PM","Gunagi, Pooja"
"A/B Transfer Switch","Yes","TFS","TFS","Yes","No","Unsure","RR",,"EF_75_10_21","Data distribution and telecommunications","Ss_75_10_21_21","Data distribution systems","Pr_70_75_69","Radio communications products","EF_75_10_21Ss_75_10_21_21Pr_70_75_69",,"01.05 M&E","01.05.05.02.01 Data communications Network",,"Point Asset",,"Mazarei, Ashkan (DIT)",,,"3373","17/02/2026 8:48 AM","20/05/2026 5:22 PM","Gunagi, Pooja"
"A/C Control Panel","Yes","ACP","ACP","Yes","No","Model","EL",,"EF_65_80","Air conditioning","Ss_65_80","Air conditioning systems","Pr_75_50_18_51","Mechanical services control panels","EF_65_80Ss_65_80Pr_75_50_18_51",,"01.05 M&E","01.05.03.04.01 Cross Passage Equipment Room Air Conditioning Units",,"Point Asset","Point","James McKinlay-T2D",,,"2824","25/07/2025 3:15 PM","21/05/2026 3:42 PM","Muhammad Abid-T2D"
"Abutment","Yes","ABT","ABT","No","No","Model","BR","120","EF_20_50_01","Abutments","Ss_20_50_10","Abutment systems","Pr_20_93_71","Retaining wall units","EF_20_50_01Ss_20_50_10Pr_20_93_71","3BAB","01.04 Structures","01.04.01.01.02 Abutment Structure",,"Point Asset","Point","Tay, Bryan","580",,"53","13/05/2025 5:16 PM","20/05/2026 2:35 PM","Bird, Cheyne"
"Access Ladder","No","N/A",,"N/A","No","N/A","AR","329","EF_35","Stairs and ramps","Ss_35_10_30","Fixed utilitarian access systems","Pr_25_30_85_02","Access ladders","EF_35Ss_35_10_30Pr_25_30_85_02","3FC","N/A","N/A",,,,"Tay, Bryan","972",,"453","14/05/2025 6:33 PM","20/05/2026 3:52 PM","Muhammad Abid-T2D"
"Access Ladder DU","No","N/A",,"N/A","No","N/A","DU","381","EF_35","Stairs and ramps","Ss_35_10_30","Fixed utilitarian access systems","Pr_25_30_85_02","Access ladders","EF_35Ss_35_10_30Pr_25_30_85_02","3FC","N/A","N/A",,,,"Phelan, David","838",,"3125","9/09/2025 2:28 PM","20/05/2026 3:53 PM","Muhammad Abid-T2D"
"Access Ladders","Yes","MAC","MAC","No","No","Model","MS","145","EF_35","Stairs and ramps","Ss_35_10_30","Fixed utilitarian access systems","Pr_25_30_85_02","Access ladders","EF_35Ss_35_10_30Pr_25_30_85_02","2; 2B; 1; 3SP; 3; 2CA","01.04 Structures","01.04.03.02.05 Maintenance Access Structures and Hatches",,"Point Asset","Point","Bird, Cheyne",,,"526","10/06/2025 11:33 AM","24/06/2026 12:41 PM","Muhammad Abid-T2D"
"Access Ladders CC","Yes","MAC","MAC","No","No","Model","CC","102","EF_35","Stairs and ramps","Ss_35_10_30","Fixed utilitarian access systems","Pr_25_30_85_02","Access ladders","EF_35Ss_35_10_30Pr_25_30_85_02",,"01.04 Structures","01.04.03.02.05 Maintenance Access Structures and Hatches ",,"Point Asset","Point","Dela Cruz, Cyrel",,,"3725","23/06/2026 11:37 AM","30/06/2026 3:32 PM","Bird, Cheyne"
"Access Platform","Yes","MAC","MAC","Yes","No","Model","MS","145","EF_40_40","Equipment","Ss_35_10_30_95","Working platform and walkway systems","Pr_20_85_65","Platform products","EF_40_40Ss_35_10_30_95Pr_20_85_65","1; 2; 2B; 3; 3SP","01.04 Structures","01.04.04.01.02 Gantry Access Structures and Ladders",,"Point Asset","Point","Bird, Cheyne",,,"593","2/07/2025 4:51 PM","1/06/2026 2:15 PM","Long, Mike"
"Access Platform CC","Yes","MAC","MAC","No","No","Model","CC","102","EF_40_40","Equipment","Ss_35_10_30_95","Working platform and walkway systems","Pr_20_85_65","Platform products","EF_40_40Ss_35_10_30_95Pr_20_85_65",,"01.04 Structures","01.04.04.01.02 Gantry Access Structures and Ladders",,"Point Asset","Point","Dela Cruz, Cyrel",,,"3618","7/05/2026 7:22 PM","20/05/2026 5:45 PM","Gunagi, Pooja"
"Access Stairs","No","N/A",,"N/A","No","N/A","AR","334","EF_35_10","Stairs","Ss_35_10","Stair and ramp structure systems","Pr_25_30_85","Stair and ladder units","EF_35_10Ss_35_10Pr_25_30_85","3FC","N/A","N/A",,,,"Tay, Bryan","831",,"306","13/05/2025 5:19 PM","20/05/2026 3:52 PM","Muhammad Abid-T2D"
"Advanced Warning Signs","Yes","AWS","AWS","Yes","No","Model","TT",,"EF_40_10","Signage","Ss_75_30_35","Road signal and control systems","Pr_40_10_77_39","Illuminated warning signs","EF_40_10Ss_75_30_35Pr_40_10_77_39",,"01.05 M&E","01.05.05.05.15 Advanced Warning Signs",,"Point Asset","Point","James McKinlay-T2D",,,"2939","25/07/2025 3:16 PM","20/05/2026 5:36 PM","Gunagi, Pooja"
"AID VIDS / TIDS Camera","Yes","CAM","CAM","Yes","No","Model","TT",,"EF_75_40_53","Monitoring","Ss_75_40_53_86","Surveillance CCTV systems","Pr_60_75_86_30","Fixed cameras","EF_75_40_53Ss_75_40_53_86Pr_60_75_86_30","1; 2; 3","01.05 M&E","01.05.05.01.01 Automatic Vehicle Incident Detection Systems",,"Point Asset","Point","James McKinlay-T2D",,,"2931","25/07/2025 3:16 PM","20/05/2026 5:36 PM","Gunagi, Pooja"
"Air Circuit Breaker","No","ACB","ACB","No","No","Unsure","LV",,"EF_70_30_45","Low-voltage electricity distribution","Ss_70_30_25","Electrical protection systems","Pr_65_72_27_02","Air circuit breakers","EF_70_30_45Ss_70_30_25Pr_65_72_27_02",,"01.05 M&E","01.05.01.01.04 Circuit Breaker Incoming (HV)",,"Point Asset","Point","James McKinlay-T2D",,,"2630","25/07/2025 3:12 PM","20/05/2026 4:53 PM","Gunagi, Pooja"
"Air Compressor (WTP)","Yes","CPA","CPA","Yes","No","Unsure","HY",,"EF_55_15","Water extraction and treatment","Ss_55_15","Water extraction, treatment and storage systems","Pr_65_67_16_02","Air compressors","EF_55_15Ss_55_15Pr_65_67_16_02",,"01.05 M&E","01.05.04.10.01 Water Treatment Plant",,"Point Asset","Point","James McKinlay-T2D",,,"2904","25/07/2025 3:16 PM","20/05/2026 4:54 PM","Gunagi, Pooja"
"Air Conditioning Unit","Yes","ACU","ACU","Yes","No","Model","ME",,"EF_65_80","Air conditioning","Ss_65_80","Air conditioning systems","Pr_70_65_03","Air conditioning units","EF_65_80Ss_65_80Pr_70_65_03",,"01.05 M&E","01.05.03.04.01 Cross Passage Equipment Room Air Conditioning Units",,"Point Asset","Point","James McKinlay-T2D",,,"2825","25/07/2025 3:15 PM","20/05/2026 5:36 PM","Gunagi, Pooja"
"Air Dryer (WTP)","Yes","DRY","DRY","Yes","No","Unsure","HY",,"EF_55_15","Water extraction and treatment","Ss_55_15","Water extraction, treatment and storage systems","Pr_65_67_16","Compressed air products","EF_55_15Ss_55_15Pr_65_67_16",,"01.05 M&E","01.05.04.10.01 Water Treatment Plant",,"Point Asset","Point","James McKinlay-T2D",,,"2905","25/07/2025 3:16 PM","20/05/2026 4:54 PM","Gunagi, Pooja"
"Air Filter","Yes","AFR","AFR","Yes","No","Model","VA",,"EF_65_80","Air conditioning","Ss_65_80","Air conditioning systems","Pr_65_57_02","Air filters","EF_65_80Ss_65_80Pr_65_57_02",,"01.05 M&E","01.04.04.02.04.02 HVAC Filter (Mechanical)",,"Point Asset","Point","James McKinlay-T2D",,,"2826","25/07/2025 3:15 PM","21/05/2026 3:42 PM","Muhammad Abid-T2D"
"Air Humidity Sensor","No","AHS","AHS","No","No","Unsure","VA",,"EF_65_80","Air conditioning","Ss_65_80","Air conditioning systems","Pr_75_50_76_71","Relative humidity sensors","EF_65_80Ss_65_80Pr_75_50_76_71",,"01.05 M&E","01.05.03.04.02 Room Temperature Sensors",,"Point Asset","Point","James McKinlay-T2D",,,"2827","25/07/2025 3:15 PM","20/05/2026 4:54 PM","Gunagi, Pooja"
"Air Pressure Transducer","No","APT","APT","No","No","Unsure","VA",,"EF_65","Ventilation and air conditioning functions","Ss_65","Ventilation and air conditioning systems","Pr_75_50_76_68","Pressure sensors","EF_65Ss_65Pr_75_50_76_68",,"01.05 M&E","01.05.03.05.01 Differential Pressure Switch",,"Point Asset","Point","James McKinlay-T2D",,,"2828","25/07/2025 3:15 PM","20/05/2026 4:54 PM","Gunagi, Pooja"
"Air Quality Sensor","Yes","AQS","AQS","Yes","No","Model","TV",,"EF_65_40_94","Vehicular space ventilation","Ss_65_40_94","Vehicular space ventilation systems","Pr_75_50_76_02","Air quality sensors","EF_65_40_94Ss_65_40_94Pr_75_50_76_02",,"01.05 M&E","01.05.05.03.02 Tunnel Air Quality Monitoring Equipment",,"Point Asset","Point","James McKinlay-T2D",,,"2829","25/07/2025 3:15 PM","1/06/2026 10:42 AM","Mazarei, Ashkan (DIT)"
"Air Quality Sensor - VSO","Yes","VQS","VQS","Yes","No","Model","TV",,"EF_65_40_94","Vehicular space ventilation","Ss_65_40_94_90","Tunnel ventilation systems","Pr_75_50_76_02","Air quality sensors","EF_65_40_94Ss_65_40_94_90Pr_75_50_76_02",,"01.05 M&E","N/A",,"Point Asset","Point","Mazarei, Ashkan (DIT)",,,"3270","9/12/2025 8:36 AM","21/05/2026 5:01 PM","James McKinlay-T2D"
"Air Relief Valve","Yes","ARV","ARV","Yes","No","Model","HY",,"EF_55_70","Water supply","Ss_55_70","Water distribution and supply systems","Pr_65_54_95_65","Pressure relief valves","EF_55_70Ss_55_70Pr_65_54_95_65",,"01.05 M&E","01.05.02.12.09 Deluge Pressure Relief Valve",,"Point Asset",,"James McKinlay-T2D",,,"2906","25/07/2025 3:16 PM","21/05/2026 3:42 PM","Muhammad Abid-T2D"
"Air Temperature Sensor/Transducer","Yes","TTS","TTS","Yes","No","Model","VA",,"EF_65_80","Air conditioning","Ss_65_80","Air conditioning systems","Pr_75_50_76_03","Air temperature sensors","EF_65_80Ss_65_80Pr_75_50_76_03",,"01.05 M&E","01.05.03.04.02 Room Temperature Sensors",,"Point Asset","Point","James McKinlay-T2D",,,"2830","25/07/2025 3:15 PM","21/05/2026 4:22 PM","Muhammad Abid-T2D"
"Air Velocity Sensor","Yes","AVS","AVS","Yes","No","Model","TV",,"EF_65_40_94","Vehicular space ventilation","Ss_65_40_94","Vehicular space ventilation systems","Pr_75_50_76_05","Air velocity sensors","EF_65_40_94Ss_65_40_94Pr_75_50_76_05",,"01.05 M&E","01.05.05.03.02 Tunnel Air Velocity Monitoring Equipment",,"Point Asset","Point","James McKinlay-T2D",,,"2831","25/07/2025 3:15 PM","1/06/2026 10:41 AM","Mazarei, Ashkan (DIT)"
"Air Vent Valve","No","AVV","AVV","No","No","Model","FS",,"EF_55_30","Fire-extinguishing supply","Ss_55_30","Fire-extinguishing systems","Pr_65_54_30","Firefighting valves and devices","EF_55_30Ss_55_30Pr_65_54_30",,"01.05 M&E","01.05.04.05.01 Valves & Actuators",,"Point Asset","Point","James McKinlay-T2D",,,"2724","25/07/2025 3:13 PM","20/05/2026 5:36 PM","Gunagi, Pooja"
"Air-Cooled Condenser (Outdoor Unit)","Yes","ACC","ACC","Yes","No","Model","VA",,"EF_65_80","Air conditioning","Ss_65_80","Air conditioning systems","Pr_70_65_03_02","Air-cooled condensing units","EF_65_80Ss_65_80Pr_70_65_03_02",,"01.05 M&E","01.04.04.02.04 HVAC & Exhaust Services",,"Point Asset","Point","James McKinlay-T2D",,,"2810","25/07/2025 3:14 PM","20/05/2026 2:36 PM","Bird, Cheyne"
"Alarm Bell and Beacon","N/A","ALB","ALB","No","No","Model","FD",,"EF_75_50_28","Fire and smoke detection and alarms","Ss_75_50_28_29","Fire detection and alarm systems","Pr_75_80_30","Fire detection and alarm devices and control equipment","EF_75_50_28Ss_75_50_28_29Pr_75_80_30",,"01.05 M&E","01.05.02.01.07 Alarm Bell and Beacon",,"Point Asset","Point","James McKinlay-T2D",,,"2671","25/07/2025 3:13 PM","20/05/2026 5:35 PM","Gunagi, Pooja"
"Alarm Signalling Equipment","No","FNI","FNI","No","No","Model","FD",,"EF_75_50_28","Fire and smoke detection and alarms","Ss_75_50_28_29","Fire detection and alarm systems","Pr_75_80_30","Fire detection and alarm devices and control equipment","EF_75_50_28Ss_75_50_28_29Pr_75_80_30",,"01.05 M&E","01.05.02.01.15 Alarm Signalling Equipment",,"Point Asset","Point","James McKinlay-T2D",,,"2695","25/07/2025 3:13 PM","20/05/2026 5:36 PM","Gunagi, Pooja"
"AM BYPASS","Yes","ABP","ABP","Yes","No","Unsure","RR",,"EF_75_10_21","Data distribution and telecommunications","Ss_75_10_21_21","Data distribution systems","Pr_70_75_69","Radio communications products","EF_75_10_21Ss_75_10_21_21Pr_70_75_69",,"01.05 M&E","01.05.05.02.01 Data communications Network",,"Point Asset",,"Mazarei, Ashkan (DIT)",,,"3368","17/02/2026 8:48 AM","20/05/2026 4:54 PM","Gunagi, Pooja"
"AM COUPLER","Yes","AMC","AMC","Yes","No","Unsure","RR",,"EF_75_10_21","Data distribution and telecommunications","Ss_75_10_21_21","Data distribution systems","Pr_70_75_69","Radio communications products","EF_75_10_21Ss_75_10_21_21Pr_70_75_69",,"01.05 M&E","01.05.05.02.01 Data communications Network",,"Point Asset",,"Mazarei, Ashkan (DIT)",,,"3379","17/02/2026 8:48 AM","20/05/2026 4:54 PM","Gunagi, Pooja"
"AM HEADEND","Yes","AHE","AHE","Yes","No","Unsure","RR",,"EF_75_10_21","Data distribution and telecommunications","Ss_75_10_21_21","Data distribution systems","Pr_70_75_69","Radio communications products","EF_75_10_21Ss_75_10_21_21Pr_70_75_69",,"01.05 M&E","01.05.05.02.01 Data communications Network",,"Point Asset",,"Mazarei, Ashkan (DIT)",,,"3353","17/02/2026 8:46 AM","20/05/2026 4:54 PM","Gunagi, Pooja"
"AM POWER AMPLIFIER","Yes","APA","APA","Yes","No","Unsure","RR",,"EF_75_10_21","Data distribution and telecommunications","Ss_75_10_21_21","Data distribution systems","Pr_70_75_69","Radio communications products","EF_75_10_21Ss_75_10_21_21Pr_70_75_69",,"01.05 M&E","01.05.05.02.01 Data communications Network",,"Point Asset",,"Mazarei, Ashkan (DIT)",,,"3367","17/02/2026 8:48 AM","20/05/2026 4:54 PM","Gunagi, Pooja"
"AM Receiver Multicoupler","Yes","RMC","RMC","Yes","No","Unsure","RR",,"EF_75_10_21","Data distribution and telecommunications","Ss_75_10_21_21","Data distribution systems","Pr_70_75_69","Radio communications products","EF_75_10_21Ss_75_10_21_21Pr_70_75_69",,"01.05 M&E","01.05.05.02.01 Data communications Network",,"Point Asset",,"Mazarei, Ashkan (DIT)",,,"3361","17/02/2026 8:47 AM","20/05/2026 5:22 PM","Gunagi, Pooja"
"AMC-1 Coupler","Yes","AMS","AMS","Yes","No","Unsure","RR",,"EF_75_10_21","Data distribution and telecommunications","Ss_75_10_21_21","Data distribution systems","Pr_70_75_69","Radio communications products","EF_75_10_21Ss_75_10_21_21Pr_70_75_69",,"01.05 M&E","01.05.05.02.01 Data communications Network",,"Point Asset",,"Mazarei, Ashkan (DIT)",,,"3380","17/02/2026 8:48 AM","20/05/2026 4:54 PM","Gunagi, Pooja"
"Amplifier","Yes","AMP","AMP","Yes","No","Register","TT",,"EF_75_10_70","Radio and television distribution","Ss_75_10_70_70","Radio distribution systems","Pr_60_75_08","Audio and visual source products","EF_75_10_70Ss_75_10_70_70Pr_60_75_08",,"01.05 M&E","01.05.05.04.11 Amplifier",,"Point Asset","Point","James McKinlay-T2D",,,"2932","25/07/2025 3:16 PM","20/05/2026 3:59 PM","Muhammad Abid-T2D"
"Analogue Input card","Yes","CAI","CAI","Yes","No","Unsure","CP",,"EF_75_30_35","Road signals and controls","Ss_75_30_35","Road signal and control systems","Pr_75_50_20_40","Input cards","EF_75_30_35Ss_75_30_35Pr_75_50_20_40",,"01.05 M&E","01.05.05.02.02 PMCS Hardware",,"Point Asset","Point","James McKinlay-T2D",,,"3136","16/09/2025 9:56 AM","20/05/2026 4:54 PM","Gunagi, Pooja"
"Analogue Input RTD Card","Yes","CRI","CRI","Yes","No","Unsure","CP",,"EF_75_30_35","Road signals and controls","Ss_75_30_35","Road signal and control systems","Pr_75_50_20_40","Input cards","EF_75_30_35Ss_75_30_35Pr_75_50_20_40",,"01.05 M&E","01.05.05.02.02 PMCS Hardware",,"Point Asset","Point","James McKinlay-T2D",,,"3138","16/09/2025 9:56 AM","20/05/2026 4:54 PM","Gunagi, Pooja"
"Analogue Output card","Yes","CAO","CAO","Yes","No","Unsure","CP",,"EF_75_30_35","Road signals and controls","Ss_75_30_35","Road signal and control systems","Pr_75_50_20_58","Output cards","EF_75_30_35Ss_75_30_35Pr_75_50_20_58",,"01.05 M&E","01.05.05.02.02 PMCS Hardware",,"Point Asset","Point","James McKinlay-T2D",,,"3137","16/09/2025 9:56 AM","20/05/2026 4:54 PM","Gunagi, Pooja"
"Annubar System Pipework","No","ANP","ANP","No","No","Unsure","FS",,"EF_55_30","Fire-extinguishing supply","Ss_55_30","Fire-extinguishing systems","Pr_75_50_76_31","Flow-in pipe sensors","EF_55_30Ss_55_30Pr_75_50_76_31",,"01.05 M&E","01.05.04.10.06 Flow Indicating Transmitter",,"Point Asset",,"James McKinlay-T2D",,,"2725","25/07/2025 3:13 PM","20/05/2026 4:54 PM","Gunagi, Pooja"
"Antenna","Yes","ANT","ANT","Yes","No","Register","RR",,"EF_75_10_21","Data distribution and telecommunications","Ss_75_10_21_21","Data distribution systems","Pr_60_75_01","Antennas and satellite dishes","EF_75_10_21Ss_75_10_21_21Pr_60_75_01",,"01.05 M&E","01.05.05.04.12 Antenna",,"Point Asset","Point","James McKinlay-T2D",,,"2934","25/07/2025 3:16 PM","20/05/2026 3:59 PM","Muhammad Abid-T2D"
"Anti-climb Screens","Yes","RRS","RRS","No","No","Model","MS","141","EF_25_55_30","Fixed barriers","Ss_25_16_73","Road and rail barrier systems","Pr_20_85_07","Barrier rails","EF_25_55_30Ss_25_16_73Pr_20_85_07","2; 1; 3","Barrier rails","01.04.01.01.09 Rails and Screens",,"Point Asset","Line","Bird, Cheyne",,,"3523","13/04/2026 2:29 PM","20/05/2026 5:53 PM","Gunagi, Pooja"
"AQM Power Supply","No","APS","APS","No","No","Model","TT",,"EF_75_70_54","Metering, monitoring and management","Ss_75_70_54_05","Air Quality Monitoring Systems","Pr_75_50_76_02","Air quality sensors","EF_75_70_54Ss_75_70_54_05Pr_75_50_76_02",,"01.05 M&E","01.05.05.03.03",,"Point Asset","Point","James McKinlay-T2D",,,"2937","25/07/2025 3:16 PM","20/05/2026 5:36 PM","Gunagi, Pooja"
"Arc Flash Relay","No","AFL","AFL","No","No","Unsure","LV",,"EF_70_30_45","Low-voltage electricity distribution","Ss_70_30_25","Electrical protection systems","Pr_65_72_27_04","Arc fault detection devices","EF_70_30_45Ss_70_30_25Pr_65_72_27_04",,"01.05 M&E","01.05.01.01.07 Protection Relay (HV)",,"Point Asset","Point","James McKinlay-T2D",,,"2631","25/07/2025 3:12 PM","20/05/2026 4:53 PM","Gunagi, Pooja"
"Architectural & feature Lighting","Yes","LAR","LAR","Yes","No","Model","LT",,"EF_70_80","Lighting","Ss_70_80_33","General lighting systems","Pr_70_70_48_85","Surface luminaires","EF_70_80Ss_70_80_33Pr_70_70_48_85","2; 3","01.05 M&E","01.05.06.01.10 Architectural & feature Lighting",,"Point Asset","Point","James McKinlay-T2D",,,"3016","25/07/2025 3:19 PM","19/06/2026 1:02 PM","Taylor, Daniel"
"Architectural and Landscape Lighting (All types)","Yes","LGT","LGT","Yes","No","Model","DU","381","EF_70_80","Lighting","Ss_70_80_33","General lighting systems","Pr_70_70","Power and lighting outlet products","EF_70_80Ss_70_80_33Pr_70_70","2CA; 3BAP; 3BDE; 2P","01.05 M&E","01.05.06.01.07 LGT Light",,"Point Asset","Point","Tay, Bryan","963",,"444","14/05/2025 6:22 PM","30/06/2026 9:58 AM","Carson, Morgan"
"Architectural General Signage","No","N/A",,"N/A","No","N/A","AR","330","EF_40_10","Signage","Ss_40_10_40","Internal architectural signage systems","Pr_40_10_77","Signs and markers","EF_40_10Ss_40_10_40Pr_40_10_77","3FC","N/A","N/A",,,,"Tay, Bryan","826",,"301","13/05/2025 5:19 PM","20/05/2026 3:52 PM","Muhammad Abid-T2D"
"Architectural General Signage DU","No","N/A",,"N/A","No","N/A","DU","0","EF_40_10","Signage","Ss_40_10_40","Internal architectural signage systems","Pr_40_10_77","Signs and markers","EF_40_10Ss_40_10_40Pr_40_10_77",,"N/A","N/A",,,,"Bird, Cheyne",,,"3069","8/08/2025 1:21 PM","20/05/2026 3:53 PM","Muhammad Abid-T2D"
"Architectural Louvers","No","ALU","ALU","No","No","Model","VA",,"EF_65_40","Ventilation","Ss_65_40","Ventilation systems","Pr_70_65_04","Air terminals and diffusers","EF_65_40Ss_65_40Pr_70_65_04",,"01.05 M&E","01.05.03.06.02 Architectural Louvers",,"Point Asset","Point","James McKinlay-T2D",,,"2811","25/07/2025 3:14 PM","20/05/2026 5:36 PM","Gunagi, Pooja"
"Arrestor bed detector","Yes","ABD","ABD","Yes","No","Unsure","TT",,"EF_75_70_54","Metering, monitoring and management","Ss_25_16_94_95","Vehicle safety control systems","Pr_70_75_72_01","Above-ground vehicle detection products","EF_75_70_54Ss_25_16_94_95Pr_70_75_72_01",,"01.05 M&E","01.05.05.01.01 Automatic Vehicle Incident Detection System",,"Point Asset","Point","James McKinlay-T2D",,,"2928","25/07/2025 3:16 PM","20/05/2026 4:48 PM","Gunagi, Pooja"
"ASE Device","Yes","ASE","ASE","Yes","No","Model","ID",,"EF_75_50_28","Fire and smoke detection and alarms","Ss_75_50_28","Fire and smoke detection and alarm systems","Pr_75_80_30_28","Fire alarm input and output modules","EF_75_50_28Ss_75_50_28Pr_75_80_30_28",,"01.05 M&E","01.05.02.01.01 Fire Detection and Control System",,"Point Asset","Point","James McKinlay-T2D",,,"2673","25/07/2025 3:13 PM","20/05/2026 5:35 PM","Gunagi, Pooja"
"Aspect Cyclist Lantern (Single / Two / Three) ","Yes","TSL","TSL","Yes","No","Model","TF","245","EF_75_30_35","Road signals and controls","Ss_75_30_35_88","Traffic signal systems","Pr_70_75_72","Road traffic and pedestrian control signals","EF_75_30_35Ss_75_30_35_88Pr_70_75_72","2; 3","01.05 M&E","01.05.05.05.21 Fixed and Regulatory Signs",,"Point Asset","Point","Tay, Bryan","724",,"197","13/05/2025 5:19 PM","20/05/2026 5:57 PM","Gunagi, Pooja"
"Asphalt (Not Road Wearing Surface)","No","N/A",,"N/A","No","N/A","BR","121","EF_20_50_10","Bridge decks","Ss_30_14_05","Asphalt road and paving systems","Pr_35_31_05","Asphalt, bitumen and resin mixtures","EF_20_50_10Ss_30_14_05Pr_35_31_05","3BDE","N/A","N/A",,,,"Tay, Bryan","598",,"71","13/05/2025 5:16 PM","20/05/2026 2:34 PM","Bird, Cheyne"
"Asphalt Paving","No","N/A",,"N/A","No","N/A","LA","217","EF_30_60_60","Pedestrian pavements","Ss_30_14_05","Asphalt road and paving systems","Pr_35_31_05","Asphalt, bitumen and resin mixtures","EF_30_60_60Ss_30_14_05Pr_35_31_05","2CA","N/A","N/A",,,,"Bird, Cheyne","981",,"468","21/05/2025 10:57 AM","20/05/2026 3:52 PM","Muhammad Abid-T2D"
"Aspirating smoke detection System (VESDA)","Yes","ASD","ASD","Yes","No","Model","FD",,"EF_75_50_28","Fire and smoke detection and alarms","Ss_75_50_28_05","Aspirating smoke detector systems","Pr_75_80_30_03","Aspirating smoke detectors","EF_75_50_28Ss_75_50_28_05Pr_75_80_30_03",,"01.05 M&E","01.05.02.01.04 Aspirating smoke detection System (VESDA)",,"Point Asset","Point","James McKinlay-T2D",,,"2672","25/07/2025 3:13 PM","20/05/2026 5:35 PM","Gunagi, Pooja"
"Asset ID Tag","No","N/A",,"N/A","No","N/A","UW","330","EF_40_10","Signage","Ss_40_10","Signage systems","Pr_40_10","Signage products","EF_40_10Ss_40_10Pr_40_10","3FC","N/A","N/A",,,,"Bird, Cheyne",,,"3715","18/06/2026 12:09 PM","18/06/2026 12:12 PM","Bird, Cheyne"
"AUDIO MATRIX SWITCH","Yes","ASW","ASW","Yes","No","Unsure","RR",,"EF_75_10_21","Data distribution and telecommunications","Ss_75_10_21_21","Data distribution systems","Pr_70_75_69","Radio communications products","EF_75_10_21Ss_75_10_21_21Pr_70_75_69",,"01.05 M&E","01.05.05.02.01 Data communications Network",,"Point Asset",,"Mazarei, Ashkan (DIT)",,,"3354","17/02/2026 8:46 AM","20/05/2026 4:54 PM","Gunagi, Pooja"
"Automated pedestrian gates","Yes","APG","APG","Yes","No","Unsure","TT",,"EF_25_55","Barriers","Ss_25_16_73","Road and Rail Barrier Systems","Pr_30_59_34","Pedestrian crossing activation devices","EF_25_55Ss_25_16_73Pr_30_59_34",,"01.03 Roadside","01.03.02.02.01 Gates",,"Point Asset","Point","James McKinlay-T2D",,,"2935","25/07/2025 3:16 PM","20/05/2026 4:54 PM","Gunagi, Pooja"
"Automatic Number Plate Recognition","Yes","ANPR","ANPR","Yes","No","Model","TT",,"EF_75_40_53","Monitoring","Ss_75_40_53","Monitoring systems","Pr_60_75_86_01","Automatic number plate recognition (ANPR)","EF_75_40_53Ss_75_40_53Pr_60_75_86_01","1; 2; 3","01.05 M&E","01.05.05.01.01 Automatic Vehicle Incident Detection System",,"Point Asset","Point","James McKinlay-T2D",,,"2933","25/07/2025 3:16 PM","1/06/2026 1:57 PM","Long, Mike"
"Automatic Transfer Switch","Conditional","ATS","ATS","No","No","Unsure","LV",,"EF_70_30_45","Low-voltage electricity distribution","Ss_70_30_25","Electrical protection systems","Pr_60_70_48_05","Automatic transfer switching equipment","EF_70_30_45Ss_70_30_25Pr_60_70_48_05",,"01.05 M&E","01.05.01.01.08 Switchboard and Cubicles (HV)",,"Point Asset","Point","James McKinlay-T2D",,,"2632","25/07/2025 3:12 PM","20/05/2026 4:53 PM","Gunagi, Pooja"
"Automatic Vehicle Incident Detection System","Yes","VID","VID","Yes","No","Model","TT",,"EF_75_70_54","Metering, monitoring and management","Ss_25_16_94_95","Vehicle safety control systems","Pr_70_75_72_01","Above-ground vehicle detection products","EF_75_70_54Ss_25_16_94_95Pr_70_75_72_01",,"01.05 M&E","01.05.05.01.01 Automatic Vehicle Incident Detection Systems",,"Point Asset","Point","James McKinlay-T2D",,,"3004","25/07/2025 3:19 PM","20/05/2026 5:58 PM","Gunagi, Pooja"
"Axial Fans (AXF)","Yes","AXF","AXF","Yes","No","Model","TV",,"EF_65_40_94","Vehicular space ventilation","Ss_65_40_94","Vehicular space ventilation systems","Pr_65_67_29_05","Axial flow fans","EF_65_40_94Ss_65_40_94Pr_65_67_29_05",,"01.05 M&E","01.05.03.01.02 Axial Fans (AXF)",,"Point Asset","Point","James McKinlay-T2D",,,"2812","25/07/2025 3:14 PM","20/05/2026 5:36 PM","Gunagi, Pooja"
"Back Draft Damper","Yes","BDD","BDD","Yes","No","Unsure","VA",,"EF_65","Ventilation and air conditioning functions","Ss_65","Ventilation and air conditioning systems","Pr_65_65_24","Duct dampers","EF_65Ss_65Pr_65_65_24",,"01.05 M&E","01.05.03.02.01 Motorised Relief Dampers",,"Point Asset","Point","James McKinlay-T2D",,,"2832","25/07/2025 3:15 PM","20/05/2026 4:54 PM","Gunagi, Pooja"
"Backlit Directional Signs","Yes","BDS","BDS","Yes","No","Model","TT",,"EF_40_10","Signage","Ss_40_10_90_72","Road traffic signage systems","Pr_40_10_77_39","Illuminated warning signs","EF_40_10Ss_40_10_90_72Pr_40_10_77_39",,"01.05 M&E","01.05.05.05.16 Backlit Directional Signs",,"Point Asset","Point","James McKinlay-T2D",,,"2942","25/07/2025 3:16 PM","20/05/2026 5:36 PM","Gunagi, Pooja"
"Ball Float Valve","No","BFV","BFV","No","No","Model","FS",,"EF_55_30","Fire-extinguishing supply","Ss_55_30","Fire-extinguishing systems","Pr_65_54_30","Firefighting valves and devices","EF_55_30Ss_55_30Pr_65_54_30",,"01.05 M&E","01.05.04.05.01 Valves & Actuators",,"Point Asset","Point","James McKinlay-T2D",,,"2726","25/07/2025 3:13 PM","21/05/2026 3:42 PM","Muhammad Abid-T2D"
"Balustrade","Yes","RRS","RRS","No","No","Model","MS","145","EF_25_55_30","Fixed barriers","Ss_25_60_05","Balustrade and handrail systems","Pr_25_30_36","Handrails","EF_25_55_30Ss_25_60_05Pr_25_30_36","3CG; 2B; 2;1; 3SP; 2; 3; 2CA","01.04 Structures","01.04.01.01.09 Rails and Screens",,"Point Asset","Line","Bird, Cheyne","1,006",,"496","29/05/2025 12:29 PM","20/05/2026 5:52 PM","Gunagi, Pooja"
"Balustrade CC","Yes","RRS","RRS","No","No","Model","CC","102","EF_25_55_30","Fixed barriers","Ss_25_60_05","Balustrade and handrail systems","Pr_25_30_36","Handrails","EF_25_55_30Ss_25_60_05Pr_25_30_36",,"01.04 Structures","01.04.01.01.09 Rails and Screens",,"Point Asset","Line","Dela Cruz, Cyrel",,,"3726","23/06/2026 11:38 AM","24/06/2026 4:33 PM","Bird, Cheyne"
"Barrette Column","No","N/A",,"N/A","No","N/A","CC","102","EF_37_50_20","Cut-and-cover tunnels","Ss_20_60_30_70","Reinforced concrete diaphragm retaining wall systems","Pr_20_93_71_18","Concrete diaphragm wall units","EF_37_50_20Ss_20_60_30_70Pr_20_93_71_18","2P","N/A","N/A",,,,"Tay, Bryan","579",,"52","13/05/2025 5:16 PM","20/05/2026 2:34 PM","Bird, Cheyne"
"Barrier","No","N/A",,"N/A","No","N/A","CC","102","EF_25_55","Barriers","Ss_25_16_94_16","Concrete safety barrier (CSB) systems","Pr_25_71_57_18","Concrete safety barrier panels","EF_25_55Ss_25_16_94_16Pr_25_71_57_18","2P","N/A","N/A",,,,"Tay, Bryan","560",,"32","13/05/2025 5:15 PM","20/05/2026 2:34 PM","Bird, Cheyne"
"Barrier Start / End Terminal","Yes","SET","SET","No","No","Model","FN","248","EF_25_55","Barriers","Ss_25_16_94","Vehicle restraint systems","Pr_20_85_07_75","Safety barrier terminals","EF_25_55Ss_25_16_94Pr_20_85_07_75","2; 3","01.03 Roadside","01.03.03.01.02 Start / End Terminal",,"Point Asset","Point","Tay, Bryan","739",,"213","13/05/2025 5:19 PM","20/05/2026 5:51 PM","Gunagi, Pooja"
"Base","Yes","FPV","FPV","No","No","Model","PV","222","EF_30_60_95","Vehicular pavements","Ss_30_14_05","Asphalt road and paving systems","Pr_35_31_05_03","Asphalt concrete (AC) base courses","EF_30_60_95Ss_30_14_05Pr_35_31_05_03","1","01.01 Roads","01.01.01.01.01 Asphalt Sealed Pavements (Flexible sub-base)",,"Linear Feature","Polygon","Tay, Bryan","676",,"149","13/05/2025 5:18 PM","20/05/2026 5:35 PM","Gunagi, Pooja"
"Base Slab","No","N/A",,"N/A","No","N/A","RS","140","EF_20_05_30","Foundations","Ss_20_05_15","Concrete foundation systems","Pr_20_85_14_16","Concrete solid slabs","EF_20_05_30Ss_20_05_15Pr_20_85_14_16","2; 3","N/A","N/A",,,,"Tay, Bryan","621",,"94","13/05/2025 5:18 PM","20/05/2026 2:34 PM","Bird, Cheyne"
"Base Slab (Culvert)","Yes","CVS","CVS","No","No","Model","BR","120","EF_50_35","Below-ground drainage collection","Ss_50_70_45_20","Culvert land drainage systems","Pr_20_85_14","Concrete flooring and decking products","EF_50_35Ss_50_70_45_20Pr_20_85_14","3CC","01.04 Structures","01.04.01.01.07 Slab",,"Point Asset","Polygon","Tay, Bryan","578",,"51","13/05/2025 5:16 PM","20/05/2026 5:35 PM","Gunagi, Pooja"
"Base Slab (Motorway)","No","N/A",,"N/A","No","N/A","BR","120","EF_20_05_30","Foundations","Ss_20_05_15","Concrete foundation systems","Pr_20_85_14_16","Concrete solid slabs","EF_20_05_30Ss_20_05_15Pr_20_85_14_16",,"N/A","N/A",,,,"Griggs, Peter","1,008",,"498","30/05/2025 9:48 AM","20/05/2026 3:52 PM","Muhammad Abid-T2D"
"BaseUnit for Dual RIO Comms Adapters","Yes","PRA","PRA","Yes","No","Unsure","CP",,"EF_75_30_35","Road signals and controls","Ss_75_30_35","Road signal and control systems","Pr_70_75_20","Data communication products","EF_75_30_35Ss_75_30_35Pr_70_75_20",,"01.05 M&E","01.05.05.02.02 PMCS Hardware",,"Point Asset","Point","James McKinlay-T2D",,,"3132","16/09/2025 9:56 AM","20/05/2026 5:11 PM","Gunagi, Pooja"
"Basic Wall (Unreinforced)","No","N/A",,"N/A","No","N/A","CC","102","EF_37_50_20","Cut-and-cover tunnels","Ss_20_60_30_92","Unreinforced concrete diaphragm retaining wall systems","Pr_20_31_16_56","Normal-class concretes","EF_37_50_20Ss_20_60_30_92Pr_20_31_16_56","2P","N/A","N/A",,,,"Tay, Bryan","558",,"30","13/05/2025 5:15 PM","20/05/2026 2:34 PM","Bird, Cheyne"
"Battleship Barrier","Yes","SFB","SFB","No","No","Model","MS","145","EF_25_55","Barriers","Ss_25_16","Fixed traffic and protective barrier systems","Pr_25_71_57_18","Concrete safety barrier panels","EF_25_55Ss_25_16Pr_25_71_57_18","2; 1; 3","01.03 Roadside","01.03.03.01.01 Safety Barrier ",,"Linear Referenced Asset","Line","Bird, Cheyne",,,"3396","19/02/2026 10:18 AM","20/05/2026 5:53 PM","Gunagi, Pooja"
"Beams (All types)","Yes","GIR","GIR","No","No","Model","BR","121","EF_20_50_82","Spans","Ss_20_20_75_70","Reinforced concrete beam systems","Pr_20_85_08_15","Concrete beams","EF_20_50_82Ss_20_20_75_70Pr_20_85_08_15","3BSP","01.04 Structures","01.04.01.01.03 Girders (Span)",,"Point Asset","Line","Tay, Bryan","596",,"69","13/05/2025 5:16 PM","20/05/2026 5:35 PM","Gunagi, Pooja"
"Bearing Assembly","Yes","BRG","BRG","No","No","Model","BR","121","EF_20_50_07","Bearings","Ss_20_80_12","Bearing systems","Pr_20_85_10","Bridge bearings","EF_20_50_07Ss_20_80_12Pr_20_85_10","3BPI; 3BAB","01.04 Structures","01.04.01.01.10 Bridge Deck Bearings",,"Point Asset","Point","Tay, Bryan","595",,"68","13/05/2025 5:16 PM","20/05/2026 5:35 PM","Gunagi, Pooja"
"Bearing Pad","No","N/A",,"N/A","No","N/A","CC","102","EF_20_50_07","Bearings","Ss_20_80_12","Bearing systems","Pr_20_85_85_06","Bearing strips and mats","EF_20_50_07Ss_20_80_12Pr_20_85_85_06","2P","N/A","N/A",,,,"Tay, Bryan","557",,"29","13/05/2025 5:15 PM","20/05/2026 2:34 PM","Bird, Cheyne"
"Bearing Strip and Pad (Temporary)","No","N/A",,"N/A","No","N/A","BR","121","EF_20_50_07","Bearings","Ss_20_80_12","Bearing systems","Pr_20_85_85_06","Bearing strips and mats","EF_20_50_07Ss_20_80_12Pr_20_85_85_06","3BPI; 3BAB","N/A","N/A",,,,"Tay, Bryan","594",,"67","13/05/2025 5:16 PM","20/05/2026 2:34 PM","Bird, Cheyne"
"Bi-directional amplifier","No","BDA","BDA","No","No","Model","TT",,"EF_75_10_70","Radio and television distribution","Ss_75_10_70_70","Radio distribution systems","Pr_60_75_08","Audio and visual source products","EF_75_10_70Ss_75_10_70_70Pr_60_75_08",,"01.05 M&E","01.05.05.04.11 Amplifier",,"Point Asset","Point","James McKinlay-T2D",,,"2941","25/07/2025 3:16 PM","20/05/2026 5:36 PM","Gunagi, Pooja"
"Big Fan Damper","Yes","BFD","BFD","Yes","No","Unsure","TV",,"EF_65_40_94","Vehicular space ventilation","Ss_65_40_94","Vehicular space ventilation systems","Pr_65_65_24","Duct dampers","EF_65_40_94Ss_65_40_94Pr_65_65_24",,"01.05 M&E","01.05.03.02.02 Fan Dampers",,"Point Asset","Point","James McKinlay-T2D",,,"2833","25/07/2025 3:15 PM","20/05/2026 4:54 PM","Gunagi, Pooja"
"Bins","Yes","BIN","BIN","Yes","No","Model","FN","248","EF_40_40","Equipment","Ss_40_20_30_30","Fixed bin systems","Pr_40_50_07_96","Waste bins","EF_40_40Ss_40_20_30_30Pr_40_50_07_96","2; 3","01.03 Roadside","01.03.04.02.01 Bin",,"Point Asset","Point","Bird, Cheyne","1,005",,"495","28/05/2025 3:12 PM","20/05/2026 5:35 PM","Gunagi, Pooja"
"Bird Mesh","No","N/A",,"N/A","No","N/A","AR","328","EF_40_20","Fittings","Ss_45_10_10","Bird, insect and vermin control systems","Pr_30_59_57","Opening security and protection products","EF_40_20Ss_45_10_10Pr_30_59_57","3FC","N/A","N/A",,,,"Bird, Cheyne",,,"551","18/06/2025 3:34 PM","20/05/2026 3:52 PM","Muhammad Abid-T2D"
"Block Wall","No","N/A",,"N/A","No","N/A","CC","102","EF_25_10","Walls","Ss_25_11_16","Concrete wall systems","Pr_20_93_51_02","Aggregate concrete infill blocks","EF_25_10Ss_25_11_16Pr_20_93_51_02","2P","N/A","N/A",,,,"Tay, Bryan","556",,"28","13/05/2025 5:15 PM","20/05/2026 2:34 PM","Bird, Cheyne"
"Block Wall Structures","No","N/A",,"N/A","No","N/A","BS","322","EF_25","Wall and barrier elements","Ss_25_13_50","Masonry wall systems","Pr_20_93_52_01","Aggregate concrete blocks","EF_25Ss_25_13_50Pr_20_93_52_01","3FC","N/A","N/A",,,,"Tay, Bryan","612",,"85","13/05/2025 5:16 PM","20/05/2026 2:34 PM","Bird, Cheyne"
"Block Wall Structures (Non Load Bearing)","No","N/A",,"N/A","No","N/A","BS","322","EF_25_10","Walls","Ss_25_13_50","Masonry wall systems","Pr_20_93_52_01","Aggregate concrete blocks","EF_25_10Ss_25_13_50Pr_20_93_52_01","3FC","N/A","N/A",,,,"Bird, Cheyne","1,018",,"516","5/06/2025 1:18 PM","20/05/2026 3:52 PM","Muhammad Abid-T2D"
"Blockwork Bond Columns","No","N/A",,"N/A","No","N/A","BS","322","EF_20","Structural elements","Ss_20_30_75_50","Masonry column systems","Pr_20_93_52_01","Aggregate concrete blocks","EF_20Ss_20_30_75_50Pr_20_93_52_01","3FC","N/A","N/A",,,,"Tay, Bryan","611",,"84","13/05/2025 5:16 PM","20/05/2026 2:34 PM","Bird, Cheyne"
"Blowers (WTP)","Yes","BLW","BLW","Yes","No","Unsure","HY",,"EF_55_15","Water extraction and treatment","Ss_55_15","Water extraction, treatment and storage systems","Pr_60_45_03","Air blower products","EF_55_15Ss_55_15Pr_60_45_03",,"01.05 M&E","01.05.04.10.02 Dosing plant",,"Point Asset","Point","James McKinlay-T2D",,,"2907","25/07/2025 3:16 PM","20/05/2026 4:54 PM","Gunagi, Pooja"
"Bluetooth Data Collection Station","Yes","BT","BT","Yes","No","Register","TT",,"EF_75_30_35","Road signals and controls","Ss_75_30_35","Road signal and control systems","Pr_70_75_52","Computer network products","EF_75_30_35Ss_75_30_35Pr_70_75_52",,"01.05 M&E","01.05.05.05.08 Bluetooth Station",,"Point Asset","Point","James McKinlay-T2D",,,"2943","25/07/2025 3:17 PM","20/05/2026 4:00 PM","Muhammad Abid-T2D"
"BMS PLC Panel ","Yes","BMC","BMC","Yes","No","Unsure","CP",,"EF_75_30_35","Road signals and controls","Ss_75_30_35","Road signal and control systems","Pr_75_50_18_41","Instrumetation, automation and control panels","EF_75_30_35Ss_75_30_35Pr_75_50_18_41",,"01.05 M&E","01.05.05.02.02 PMCS Hardware",,"Point Asset",,"Mazarei, Ashkan (DIT)",,,"3410","3/03/2026 11:05 AM","20/05/2026 4:54 PM","Gunagi, Pooja"
"BMS RIO Panel","Yes","BMR","BMR","Yes","No","Unsure","CP",,"EF_75_30_35","Road signals and controls","Ss_75_30_35","Road signal and control systems","Pr_75_50_18_41","Instrumetation, automation and control panels","EF_75_30_35Ss_75_30_35Pr_75_50_18_41",,"01.05 M&E","01.05.05.02.02 PMCS Hardware",,"Point Asset",,"Mazarei, Ashkan (DIT)",,,"3411","3/03/2026 11:05 AM","20/05/2026 4:54 PM","Gunagi, Pooja"
"Boardwalk","No","N/A",,"N/A","No","N/A","LA","217","EF_30_60_60","Pedestrian pavements","Ss_30_20_30_10","Boardwalk systems","Pr_25_93_60	","Paving units","EF_30_60_60Ss_30_20_30_10Pr_25_93_60	","2CA","N/A","N/A",,,,"Bird, Cheyne",,,"3038","25/07/2025 5:00 PM","20/05/2026 3:52 PM","Muhammad Abid-T2D"
"Bollard","No","N/A",,"N/A","No","N/A","FN","248","EF_25_55","Barriers","Ss_25_16_94","Vehicle restraint systems","Pr_20_76_08","Bollards and impact protectors","EF_25_55Ss_25_16_94Pr_20_76_08","2; 3","N/A","N/A",,,,"Tay, Bryan","738",,"212","13/05/2025 5:19 PM","20/05/2026 2:35 PM","Bird, Cheyne"
"Bollards","No","N/A",,"N/A","No","N/A","AR","336","EF_25_55","Barriers","Ss_25_16_94","Vehicle restraint systems","Pr_20_76_08","Bollards and impact protectors","EF_25_55Ss_25_16_94Pr_20_76_08","3FC","N/A","N/A",,,,"Bird, Cheyne",,,"567","18/06/2025 4:03 PM","20/05/2026 3:52 PM","Muhammad Abid-T2D"
"Bollards DU","No","N/A",,"N/A","No","N/A","DU","381","EF_25_55","Barriers","Ss_25_16_94","Vehicle restraint systems","Pr_20_76_08","Bollards and impact protectors","EF_25_55Ss_25_16_94Pr_20_76_08",,"N/A","N/A",,,,"Bird, Cheyne",,,"3077","11/08/2025 5:13 PM","20/05/2026 3:53 PM","Muhammad Abid-T2D"
"Boom Barrier ","Yes","BB","BB","Yes","No","Model","TT",,"EF_75_30_35","Road signals and controls","Ss_75_30_35","Road signal and control systems","Pr_30_59_59_72","Rising arm vehicular barriers","EF_75_30_35Ss_75_30_35Pr_30_59_59_72",,"01.05 M&E","01.05.05.05.18 Tunnel closure system (Boom Gate System)",,"Point Asset","Point","James McKinlay-T2D",,,"2940","25/07/2025 3:16 PM","20/05/2026 5:36 PM","Gunagi, Pooja"
"Bore Tank Suction Valve","No","BSV","BSV","No","No","Model","FS",,"EF_55_30","Fire-extinguishing supply","Ss_55_30","Fire-extinguishing systems","Pr_65_54_30","Firefighting valves and devices","EF_55_30Ss_55_30Pr_65_54_30",,"01.05 M&E","01.05.04.05.01 Valves & Actuators",,"Point Asset","Point","James McKinlay-T2D",,,"2727","25/07/2025 3:13 PM","21/05/2026 3:42 PM","Muhammad Abid-T2D"
"Box Culvert","Yes","CVC","CVC","No","No","Model","MS","145","EF_50_35","Below-ground drainage collection","Ss_50_70_45_20","Culvert land drainage systems","Pr_65_52_20_16","Concrete box culverts","EF_50_35Ss_50_70_45_20Pr_65_52_20_16","3CC","01.04 Structures","01.04.01.01.07 Slab",,"Point Asset","Point","Tay, Bryan","634",,"107","13/05/2025 5:18 PM","20/05/2026 5:36 PM","Gunagi, Pooja"
"Box Culvert Headwall","Yes","HWL","HWL","Yes","No","Model","MS","145","EF_50_35","Below-ground drainage collection","Ss_20_60_40_20","Culvert headwall systems","Pr_20_93_37_65","Precast concrete headwall units","EF_50_35Ss_20_60_40_20Pr_20_93_37_65","3CG","01.05 M&E","01.05.04.07.03 Headwall",,"Point Asset","Point","Tay, Bryan","632",,"105","13/05/2025 5:18 PM","20/05/2026 5:45 PM","Gunagi, Pooja"
"Box Culvert Minor","Yes","CVM","CVM","No","No","Model","SD","261","EF_50_35","Below-ground drainage collection","Ss_50_70_45_20","Culvert land drainage systems","Pr_65_52_20_16","Concrete box culverts","EF_50_35Ss_50_70_45_20Pr_65_52_20_16","2; 3","01.04 Structures","01.04.01.01.07 Slab",,"Point Asset","Line","Muhammad Abid-T2D",,,"3494","8/04/2026 5:07 PM","20/05/2026 5:37 PM","Gunagi, Pooja"
"Box Girder","Yes","GIR","GIR","No","No","Model","BR","121","EF_20_50_82","Spans","Ss_20_50_25_08","Box girder bridge deck systems","Pr_20_85_08_15","Concrete beams","EF_20_50_82Ss_20_50_25_08Pr_20_85_08_15","3BSP","01.04 Structures","01.04.01.01.03 Girders (Span)",,"Point Asset","Line","Tay, Bryan","593",,"66","13/05/2025 5:16 PM","20/05/2026 5:35 PM","Gunagi, Pooja"
"Bracket","No","N/A",,"N/A","No","N/A","CC","102","EF_40_20","Fittings","Ss_20_10_75","Structural framing systems","Pr_20_29_34_16","Cast brass glass fixing brackets","EF_40_20Ss_20_10_75Pr_20_29_34_16",,"N/A","N/A",,,,"Vaz, Alex",,,"533","11/06/2025 4:20 PM","20/05/2026 3:52 PM","Muhammad Abid-T2D"
"Bracket (RS)","No","N/A",,"N/A","No","N/A","RS",,"EF_40_20","Fittings","Ss_20_10_75","Structural framing systems","Pr_20_29_34_16","Cast brass glass fixing brackets","EF_40_20Ss_20_10_75Pr_20_29_34_16",,"N/A","N/A",,,,"Bird, Cheyne",,,"3260","28/11/2025 12:56 PM","20/05/2026 3:53 PM","Muhammad Abid-T2D"
"Bracket (TT)","No","N/A",,"N/A","No","N/A","TT",,"EF_40_20","Fittings","Ss_20_10_75","Structural framing systems","Pr_20_29_34_16","Cast brass glass fixing brackets","EF_40_20Ss_20_10_75Pr_20_29_34_16",,"N/A","N/A",,,,"Bird, Cheyne",,,"3634","15/05/2026 12:26 PM","20/05/2026 3:53 PM","Muhammad Abid-T2D"
"Bridge Capping Beam","Yes","PHS","PHS","No","No","Model","BR","120","EF_20_50_64","Piers","Ss_20_50_30_11","Capping beam systems","Pr_20_85_08","Beams and joists","EF_20_50_64Ss_20_50_30_11Pr_20_85_08","3BPI; 3BAB","01.04 Structures","01.04.01.01.05 Pier and Headstock",,"Point Asset","Point","Tay, Bryan","575",,"48","13/05/2025 5:16 PM","20/05/2026 5:51 PM","Gunagi, Pooja"
"Bridge Cladding","Yes","WPN","WPN","No","No","Model","BR","121","EF_25_10","Walls","Ss_25_20","Wall cladding systems","Pr_25_71_14","Cladding and lining panels","EF_25_10Ss_25_20Pr_25_71_14","3BDE","01.04 Structures","01.04.03.06.03 Wall Panels",,"Point Asset","Line","Dela Cruz, Cyrel",,,"3051","30/07/2025 8:34 PM","20/05/2026 5:58 PM","Gunagi, Pooja"
"Bridge Culvert Cell","Yes","CVC","CVC","No","No","Model","BR","120","EF_50_35","Below-ground drainage collection","Ss_50_70_45_20","Culvert land drainage systems","Pr_65_52_20_19","Concrete pipe culverts","EF_50_35Ss_50_70_45_20Pr_65_52_20_19","3CC","01.04 Structures","01.04.01.01.07 Slab",,"Point Asset","Point","Tay, Bryan","576",,"49","13/05/2025 5:16 PM","20/05/2026 5:35 PM","Gunagi, Pooja"
"Bridge decks","Yes","OFU","OFU","Yes","No","Model","LA","217","EF_20_50_10","Bridge decks","Ss_20_50_25","Bridge deck systems","Pr_20_85_18","Bridge deck products","EF_20_50_10Ss_20_50_25Pr_20_85_18","2CA","01.03 Roadside","01.03.01.01.02 Vegetation and Landscape",,"Point Asset","Point","Bird, Cheyne","983",,"470","21/05/2025 11:07 AM","20/05/2026 5:52 PM","Gunagi, Pooja"
"Bridge Drainage Pipes & Fittings","Yes","SRP","SRP","No","No","Model","BR","121","EF_50_30","Above-ground drainage collection","Ss_50_30_04","Above-ground wastewater drainage systems","Pr_65_52_63","Pipes and fittings","EF_50_30Ss_50_30_04Pr_65_52_63","3BAP; 3BDE; 3BAB; 3BSP; 3BPI","01.05 M&E","01.05.04.03.01 Surface Road Drainage pipe",,"Point Asset","Line","Dela Cruz, Cyrel",,,"3177","17/09/2025 5:43 PM","20/05/2026 5:52 PM","Gunagi, Pooja"
"Bridge Expansion Joint","Yes","EXJ","EXJ","No","No","Model","BR","120","EF_20_50_10","Bridge decks","Ss_20_50_40","Bridge expansion and movement joint systems","Pr_35_90_09","Bridge expansion and movement joints","EF_20_50_10Ss_20_50_40Pr_35_90_09","3BDE","01.04 Structures","01.04.01.01.08 Expansion Joint",,"Point Asset","Point","Bird, Cheyne",,,"580","26/06/2025 2:42 PM","20/05/2026 5:35 PM","Gunagi, Pooja"
"Bridge Handrails","Yes","RRS","RRS","No","No","Model","BR","121","EF_25_55_30","Fixed barriers","Ss_25_60_05","Balustrade and handrail systems","Pr_25_30_36","Handrails","EF_25_55_30Ss_25_60_05Pr_25_30_36","3BDE","01.04 Structures","01.04.01.01.09 Rails and Screens",,"Point Asset","Line","Tay, Bryan","589",,"62","13/05/2025 5:16 PM","20/05/2026 5:51 PM","Gunagi, Pooja"
"Bridge Pile","Yes","PIL","PIL","No","No","Model","BR","120","EF_20_05_30","Foundations","Ss_20_05_15","Concrete foundation systems","Pr_20_85_62_18","Concrete piles","EF_20_05_30Ss_20_05_15Pr_20_85_62_18","3BPI; 3BAB","01.04 Structures","01.04.01.01.06 Piles",,"Point Asset","Point","Tay, Bryan","567",,"39","13/05/2025 5:16 PM","20/05/2026 5:51 PM","Gunagi, Pooja"
"Bridge Pile Cap","Yes","PCA","PCA","No","No","Model","BR","120","EF_20_05_30","Foundations","Ss_20_05_15","Concrete foundation systems","Pr_20_85_62_19","Concrete pile caps","EF_20_05_30Ss_20_05_15Pr_20_85_62_19","3BPI; 3BAB","01.04 Structures","01.04.01.01.06 Piles",,"Point Asset","Point","Tay, Bryan","566",,"38","13/05/2025 5:15 PM","20/05/2026 5:51 PM","Gunagi, Pooja"
"Bridge Ramp","Yes","STR","STR","No","No","Model","BR","121","EF_35","Stairs and ramps","Ss_35_10_25","External stair and ramp systems","Pr_30_59_01","Access ramps","EF_35Ss_35_10_25Pr_30_59_01","3BAB","01.04 Structures","01.04.01.01.02 Abutment Structure",,"Point Asset","Point","Tay, Bryan","587",,"60","13/05/2025 5:16 PM","20/05/2026 5:57 PM","Gunagi, Pooja"
"Bridge Stairs","Yes","STR","STR","No","No","Model","BR","121","EF_35","Stairs and ramps","Ss_35_10_25","External stair and ramp systems","Pr_25_30_85","Stair and ladder units","EF_35Ss_35_10_25Pr_25_30_85","3BAB","01.04 Structures","01.04.01.01.02 Abutment Structure",,"Point Asset","Point","Tay, Bryan","582",,"55","13/05/2025 5:16 PM","20/05/2026 5:57 PM","Gunagi, Pooja"
"Bus Lantern","Yes","TSL","TSL","Yes","No","Model","TF","245","EF_75_30_35","Road signals and controls","Ss_75_30_35_88","Traffic signal systems","Pr_70_75_72_96","Vehicular traffic signals","EF_75_30_35Ss_75_30_35_88Pr_70_75_72_96","2; 3","01.05 M&E","01.05.05.05.21 Fixed and Regulatory Signs",,"Point Asset","Point","Tay, Bryan","723",,"196","13/05/2025 5:19 PM","2/06/2026 3:40 PM","Mazarei, Ashkan (DIT)"
"Bus Shelter","Yes","BSH","BSH","Yes","No","Model","FN","248","EF_40_30","Furnishings","Ss_25_50_75_10","Canopy systems","Pr_20_65_78","Shelter structures","EF_40_30Ss_25_50_75_10Pr_20_65_78","2; 3","01.03 Roadside","01.03.04.01.01 Bus shelter",,"Point Asset","Point","Bird, Cheyne","1,004",,"494","28/05/2025 2:58 PM","20/05/2026 5:35 PM","Gunagi, Pooja"
"Bus-tie (HV)","Conditional","HST","HST","No","No","Model","HV",,"EF_70_30_35","High-voltage electricity distribution","Ss_70_30_35_35","High-voltage distribution systems","Pr_60_70_36_08","High-voltage busbars","EF_70_30_35Ss_70_30_35_35Pr_60_70_36_08",,"01.05 M&E","01.05.01.01.01 Bus-tie (HV)",,"Point Asset","Line","James McKinlay-T2D",,,"2602","25/07/2025 3:11 PM","20/05/2026 5:45 PM","Gunagi, Pooja"
"Bus-tie (LV)","No","LBT","LBT","No","No","Model","LV",,"EF_70_30_45","Low-voltage electricity distribution","Ss_70_30_45_45","Low-voltage distribution systems","Pr_60_70_48_66","Power busbar trunking","EF_70_30_45Ss_70_30_45_45Pr_60_70_48_66",,"01.05 M&E","01.05.01.03.01 Bus-tie (LV)",,"Point Asset","Point","James McKinlay-T2D",,,"2605","25/07/2025 3:11 PM","20/05/2026 5:45 PM","Gunagi, Pooja"
"Cabinet - UPS","Yes","UPS","UPS","Yes","No","Model","TF","245","EF_70_30_45","Low-voltage electricity distribution","Ss_70_30_45_92","Uninterruptible power supply systems","Pr_60_70_64_93","Uninterruptible power supply (UPS) units","EF_70_30_45Ss_70_30_45_92Pr_60_70_64_93","2; 3","01.05 M&E","01.05.01.05.01 Uninterruptible Power Supplies",,"Point Asset","Point","Tay, Bryan","722",,"195","13/05/2025 5:19 PM","20/05/2026 5:57 PM","Gunagi, Pooja"
"Cable Ladder - Comms","No","CLD","CLD","No","No","Model","LV",,"EF_70_30_45","Low-voltage electricity distribution","Ss_70_30_45","Low-voltage systems","Pr_65_70_11_14","Cable ladders","EF_70_30_45Ss_70_30_45Pr_65_70_11_14",,"01.05 M&E","01.05.01.03.02 Cable Ladders and Ducts (LV)",,"Point Asset","Line","James McKinlay-T2D",,,"2634","25/07/2025 3:12 PM","21/05/2026 3:42 PM","Muhammad Abid-T2D"
"Cable Ladder - Elec & Comms Combined","No","ECL","ECL","No","No","Model","LV",,"EF_70_30_45","Low-voltage electricity distribution","Ss_70_30_45","Low-voltage systems","Pr_65_70_11_14","Cable ladders","EF_70_30_45Ss_70_30_45Pr_65_70_11_14",,"01.05 M&E","01.05.01.03.02 Cable Ladders and Ducts (LV)",,"Point Asset","Line","James McKinlay-T2D",,,"2635","25/07/2025 3:12 PM","20/05/2026 5:35 PM","Gunagi, Pooja"
"Cable Ladder - Electrical (HV)","No","EHD","EHD","No","No","Unsure","HV",,,,,,,,,,,"N/A",,"Point Asset","Line","James McKinlay-T2D",,,"3569","15/04/2026 4:39 PM","21/05/2026 5:01 PM","James McKinlay-T2D"
"Cable Ladder - Electrical (LV)","No","ELD","ELD","No","No","Model","LV",,"EF_70_30_45","Low-voltage electricity distribution","Ss_70_30_45","Low-voltage systems","Pr_65_70_11_14","Cable ladders","EF_70_30_45Ss_70_30_45Pr_65_70_11_14",,"01.05 M&E","01.05.01.03.02 Cable Ladders and Ducts (LV)",,"Point Asset","Line","James McKinlay-T2D",,,"2636","25/07/2025 3:12 PM","21/05/2026 3:47 PM","Muhammad Abid-T2D"
"Cable Tray - Comms","No","CTR","CTR","No","No","Model","LV",,"EF_70_30_45","Low-voltage electricity distribution","Ss_70_30_45","Low-voltage systems","Pr_65_70_11_17","Cable trays","EF_70_30_45Ss_70_30_45Pr_65_70_11_17",,"01.05 M&E","01.05.01.03.02 Cable Ladders and Ducts (LV)",,"Point Asset","Line","James McKinlay-T2D",,,"2637","25/07/2025 3:12 PM","21/05/2026 3:42 PM","Muhammad Abid-T2D"
"Cable Tray - Elec & Comms Combined","No","ECT","ECT","No","No","Model","LV",,"EF_70_30_45","Low-voltage electricity distribution","Ss_70_30_45","Low-voltage systems","Pr_65_70_11_17","Cable trays","EF_70_30_45Ss_70_30_45Pr_65_70_11_17",,"01.05 M&E","01.05.01.03.02 Cable Ladders and Ducts (LV)",,"Point Asset","Line","James McKinlay-T2D",,,"2638","25/07/2025 3:12 PM","21/05/2026 3:47 PM","Muhammad Abid-T2D"
"Cable Tray - Electrical","No","ETR","ETR","No","No","Model","LV",,"EF_70_30_45","Low-voltage electricity distribution","Ss_70_30_45","Low-voltage systems","Pr_65_70_11_17","Cable trays","EF_70_30_45Ss_70_30_45Pr_65_70_11_17","2; 3","01.05 M&E","01.05.01.03.02 Cable Ladders and Ducts (LV)",,"Point Asset","Line","James McKinlay-T2D",,,"2639","25/07/2025 3:12 PM","19/06/2026 1:04 PM","Taylor, Daniel"
"Camera","Yes","CAM","CAM","Yes","No","Model","TT",,"EF_75_40_53","Monitoring","Ss_75_40_53_86","Surveillance CCTV systems","Pr_60_75_86_30","Fixed cameras","EF_75_40_53Ss_75_40_53_86Pr_60_75_86_30",,"01.05 M&E","01.05.05.01.10 Camera",,"Point Asset","Point","James McKinlay-T2D",,,"2945","25/07/2025 3:17 PM","20/05/2026 5:36 PM","Gunagi, Pooja"
"Camera DU","Yes","CAM","CAM","Yes","No","Model","DU","381","EF_75_40_53","Monitoring","Ss_75_40_53_86","Surveillance CCTV systems","Pr_60_75_86_30","Fixed cameras","EF_75_40_53Ss_75_40_53_86Pr_60_75_86_30","2CA; 3BAP; 3BDE","01.05 M&E","01.05.05.01.10 Camera",,"Point Asset","Point","Bird, Cheyne",,,"3084","11/08/2025 5:26 PM","20/05/2026 5:37 PM","Gunagi, Pooja"
"Capping Beam","No","N/A",,"N/A","No","N/A","RS","140","EF_25_10","Walls","Ss_20_60_30_15","Contiguous pile retaining wall systems","Pr_20_85_08_15","Concrete beams","EF_25_10Ss_20_60_30_15Pr_20_85_08_15","2; 3","N/A","N/A",,,,"Tay, Bryan","623",,"96","13/05/2025 5:18 PM","20/05/2026 2:34 PM","Bird, Cheyne"
"Capping Beams","No","N/A",,"N/A","No","N/A","MS","142","EF_25_10","Walls","Ss_20_60_30_15","Contiguous pile retaining wall systems","Pr_20_85_08_15","Concrete beams","EF_25_10Ss_20_60_30_15Pr_20_85_08_15","2;1; 2CA","N/A","N/A",,,,"Bird, Cheyne",,,"3208","9/10/2025 2:50 PM","20/05/2026 3:53 PM","Muhammad Abid-T2D"
"Casework","No","N/A",,"N/A","No","N/A","AR","336","EF_40_30","Furnishings","Ss_40_15_35_80","Shelving, storage and enclosures systems","Pr_40_30_87","Storage units and cupboards","EF_40_30Ss_40_15_35_80Pr_40_30_87","3FC","N/A","N/A",,,,"Tay, Bryan","834",,"309","13/05/2025 5:19 PM","20/05/2026 3:52 PM","Muhammad Abid-T2D"
"CCTV Pole (Bridge)","Yes","TS","TS","Yes","No","Model","BR","121","EF_75_30_35","Road signals and controls","Ss_37_17_50","Mast and pole systems","Pr_20_85_50","Masts and poles","EF_75_30_35Ss_37_17_50Pr_20_85_50","3BAP; 3BDE; 3BAB; 3BSP; 3BPI","01.05 M&E","01.05.05.05.21 Fixed and Regulatory Signs",,"Point Asset","Point","Dela Cruz, Cyrel",,,"3176","17/09/2025 5:32 PM","20/05/2026 5:58 PM","Gunagi, Pooja"
"CDN Cabinet ","Yes","CDC","CDC","Yes","No","Unsure","CD",,"EF_75_30_35","Road signals and controls","Ss_75_30_35","Road signal and control systems","Pr_75_50_18_41","Instrumetation, automation and control panels","EF_75_30_35Ss_75_30_35Pr_75_50_18_41",,"01.05 M&E","01.05.05.02.02 PMCS Hardware",,"Point Asset","Point","James McKinlay-T2D",,,"3173","16/09/2025 4:53 PM","20/05/2026 4:54 PM","Gunagi, Pooja"
"Ceilings","No","N/A",,"N/A","No","N/A","AR","331","EF_30_25","Ceilings and soffits","Ss_30_25","Ceiling and soffit systems","Pr_35_93_13","Ceiling infill units","EF_30_25Ss_30_25Pr_35_93_13","3FC","N/A","N/A",,,,"Tay, Bryan","827",,"302","13/05/2025 5:19 PM","20/05/2026 3:52 PM","Muhammad Abid-T2D"
"Changeable Message Signs","Yes","CMS","CMS","Yes","No","Model","TT",,"EF_40_10","Signage","Ss_40_10_90_72","Road traffic signage systems","Pr_70_75_72_94","Variable message traffic signs","EF_40_10Ss_40_10_90_72Pr_70_75_72_94",,"01.05 M&E","01.05.05.05.14 Changeable Message Signs",,"Point Asset","Point","James McKinlay-T2D",,,"2947","25/07/2025 3:17 PM","20/05/2026 5:36 PM","Gunagi, Pooja"
"Check Meter (HV)","Conditional","CKM","CKM","No","No","Unsure","HV",,"EF_70_30_35","High-voltage electricity distribution","Ss_70_30_35_35","High-voltage distribution systems","Pr_80_51_51_63","Power factor meters","EF_70_30_35Ss_70_30_35_35Pr_80_51_51_63",,"01.05 M&E","01.05.01.01.05 Instrumentation & Meters (HV)",,"Point Asset","Point","Mazarei, Ashkan (DIT)",,,"3247","20/11/2025 11:43 AM","20/05/2026 4:54 PM","Gunagi, Pooja"
"Check Valve","Yes","CKV","CKV","Yes","No","Model","HY",,"EF_55_70","Water supply","Ss_55_70","Water distribution and supply systems","Pr_65_54_95_83","Steel globe stop and check valves","EF_55_70Ss_55_70Pr_65_54_95_83",,"01.05 M&E","01.05.04.05.01 Valves",,"Point Asset","Point","James McKinlay-T2D",,,"2908","25/07/2025 3:16 PM","21/05/2026 3:42 PM","Muhammad Abid-T2D"
"Chevrons","Yes","PSY","PSY","No","No","Model","GD",,"EF_40_10","Signage","Ss_40_10_90","Traffic signage and marking systems","Pr_35_31_85_90","Thermoplastic road markings","EF_40_10Ss_40_10_90Pr_35_31_85_90","1","01.01 Roads","01.01.03.02.01 Pavement Symbols",,"Linear Feature","Polygon","Tay, Bryan","729",,"202","13/05/2025 5:19 PM","20/05/2026 5:51 PM","Gunagi, Pooja"
"Circuit Breaker (LV)","Conditional","LQF","LQF","No","No","Register","LV",,"EF_70_30_45","Low-voltage electricity distribution","Ss_70_30_25","Electrical protection systems","Pr_65_72_27","Electrical protective devices","EF_70_30_45Ss_70_30_25Pr_65_72_27",,"01.05 M&E","01.05.01.03.05 Circuit Breaker (LV)",,"Point Asset","Point","James McKinlay-T2D",,,"2609","25/07/2025 3:11 PM","20/05/2026 4:09 PM","Gunagi, Pooja"
"Circuit Breaker Incoming (HV)","Conditional","HQI","HQI","No","No","Unsure","HV",,"EF_70_30_35","High-voltage electricity distribution","Ss_70_20_60","High-voltage control and protection systems","Pr_60_70_38_12","High-voltage circuit breakers","EF_70_30_35Ss_70_20_60Pr_60_70_38_12",,"01.05 M&E","01.05.01.01.04 Circuit Breaker Incoming (HV)",,"Point Asset","Point","James McKinlay-T2D",,,"2601","25/07/2025 3:11 PM","20/05/2026 5:03 PM","Gunagi, Pooja"
"Cladding","No","N/A",,"N/A","No","N/A","AR","326","EF_25_10","Walls","Ss_25_10_30","Cladding systems","Pr_25_93_10","Cladding panels","EF_25_10Ss_25_10_30Pr_25_93_10","3FC","N/A","N/A",,,,"Tay, Bryan","821",,"296","13/05/2025 5:19 PM","20/05/2026 3:52 PM","Muhammad Abid-T2D"
"Cladding DU","No","N/A",,"N/A","No","N/A","DU","382","EF_25_10","Walls","Ss_25_10_30","Cladding systems","Pr_25_93_10","Cladding panels","EF_25_10Ss_25_10_30Pr_25_93_10","2; 2CA","N/A","N/A",,,,"Bird, Cheyne",,,"3066","8/08/2025 1:02 PM","20/05/2026 3:52 PM","Muhammad Abid-T2D"
"Closure Boom Gate","Yes","BB","BB","Yes","No","Model","TT",,"EF_75_30_35","Road signals and controls","Ss_75_30_35","Road signal and control systems","Pr_30_59_59_72","Rising arm vehicular barriers","EF_75_30_35Ss_75_30_35Pr_30_59_59_72",,"01.05 M&E","01.05.05.05.18 Tunnel closure system (Boom Gate System)",,"Point Asset","Point","Mazarei, Ashkan (DIT)",,,"3597","29/04/2026 10:07 AM","20/05/2026 5:37 PM","Gunagi, Pooja"
"CLSM Backfill","No","N/A",,"N/A","No","N/A","BR","120","EF_15","Earthworks and remediation","Ss_15_10_30_05","Backfill systems","Pr_20","Structure and general products","EF_15Ss_15_10_30_05Pr_20",,"N/A","N/A",,,,"Griggs, Peter","1,010",,"500","30/05/2025 5:06 PM","20/05/2026 3:52 PM","Muhammad Abid-T2D"
"CLSM Backfill CC","No","N/A",,"N/A","No","N/A","CC","101","EF_15","Earthworks and remediation","Ss_15_10_30_05","Backfill systems","Pr_20","Structure and general products","EF_15Ss_15_10_30_05Pr_20",,"N/A","N/A",,,,"Dela Cruz, Cyrel",,,"3599","29/04/2026 10:57 AM","20/05/2026 3:53 PM","Muhammad Abid-T2D"
"CO / NO Chemilumenescent Analyser","Yes","ACO","ACO","Yes","No","Model","TT",,"EF_75_70_54","Metering, monitoring and management","Ss_75_70_54_05","Air Quality Monitoring Systems","Pr_75_50_50","Measuring and monitoring products","EF_75_70_54Ss_75_70_54_05Pr_75_50_50",,"01.05 M&E","01.05.05.03.04 Ventilation Outlet Emissions Monitoring Equipment ",,"Point Asset","Point","James McKinlay-T2D",,,"2929","25/07/2025 3:16 PM","20/05/2026 5:36 PM","Gunagi, Pooja"
"CO/NO/Vis Instrument","Yes","AQD","AQD","Yes","No","Model","TT",,"EF_75_70_54","Metering, monitoring and management","Ss_75_70_54_05","Air Quality Monitoring Systems","Pr_75_50_76_02","Air quality sensors","EF_75_70_54Ss_75_70_54_05Pr_75_50_76_02",,"01.05 M&E","01.05.05.03.02 Tunnel Air Quality Monitoring Equipment",,"Point Asset","Point","James McKinlay-T2D",,,"2938","25/07/2025 3:16 PM","20/05/2026 5:36 PM","Gunagi, Pooja"
"COAX SYNCHRO","Yes","SYC","SYC","Yes","No","Unsure","WF",,"EF_75_10_21","Data distribution and telecommunications","Ss_75_10_21_21","Data distribution systems","Pr_70_75_20","Data communication products","EF_75_10_21Ss_75_10_21_21Pr_70_75_20",,"01.05 M&E","01.05.05.02.01 Data communications Network",,"Point Asset",,"Mazarei, Ashkan (DIT)",,,"3512","13/04/2026 11:23 AM","20/05/2026 5:22 PM","Gunagi, Pooja"
"Column","Yes","PHS","PHS","No","No","Model","BR","120","EF_20_50_64","Piers","Ss_20_50_20_70","Reinforced concrete bridge pier systems","Pr_20_85_16_15","Concrete columns","EF_20_50_64Ss_20_50_20_70Pr_20_85_16_15","3BPI","01.04 Structures","01.04.01.01.05 Pier and Headstock",,"Point Asset","Point","Tay, Bryan","574",,"46","13/05/2025 5:16 PM","20/05/2026 5:51 PM","Gunagi, Pooja"
"Column Encasement","No","N/A",,"N/A","No","N/A","MS","145","EF_20","Structural elements","Ss_20_30","Structural columns","Pr_25_71_14_16","Column casings","EF_20Ss_20_30Pr_25_71_14_16","2; 2CA","N/A","N/A",,,,"Bird, Cheyne",,,"3246","20/11/2025 9:29 AM","20/05/2026 3:53 PM","Muhammad Abid-T2D"
"Combined Exit/ Strobe/ Downlight","Yes","LST","LST","Yes","No","Model","LE",,"EF_70_80","Lighting","Ss_70_80_33_78","Self-contained emergency lighting systems","Pr_40_10_57_30","Externally illuminated emergency exit signs","EF_70_80Ss_70_80_33_78Pr_40_10_57_30",,"01.05 M&E","01.05.06.01.06 Strobe Light",,"Point Asset","Point","James McKinlay-T2D",,,"3022","25/07/2025 3:19 PM","20/05/2026 5:45 PM","Gunagi, Pooja"
"Combined Sounder Strobe","N/A","CSS","PU","No","No","Unsure","FD",,"EF_75_50_28","Fire and smoke detection and alarms","Ss_75_50_28_29","Fire detection and alarm systems","Pr_75_80_30","Fire detection and alarm devices and control equipment","EF_75_50_28Ss_75_50_28_29Pr_75_80_30",,"01.05 M&E","01.05.02.01.07 Alarm Bell and Beacon",,"Point Asset","Point","James McKinlay-T2D",,,"2728","25/07/2025 3:13 PM","20/05/2026 4:54 PM","Gunagi, Pooja"
"Communication Cable Pit","Yes","IPC","IPC","Yes","No","Model","TT",,"EF_75_10","Communication","Ss_75_40_53","Monitoring systems","Pr_65_52_25_15","Concrete catch pits","EF_75_10Ss_75_40_53Pr_65_52_25_15",,"01.05 M&E","01.05.05.05.22 ITS Cable Pit (Communication Cable Pit)",,"Point Asset",,"James McKinlay-T2D",,,"2948","25/07/2025 3:17 PM","20/05/2026 5:45 PM","Gunagi, Pooja"
"Concrete Barrier","Yes","SFB","SFB","No","No","Model","RS","141","EF_25_55","Barriers","Ss_25_16_94","Vehicle restraint systems","Pr_25_71_57_18","Concrete safety barrier panels","EF_25_55Ss_25_16_94Pr_25_71_57_18","2; 3","01.03 Roadside","01.03.03.01.01 Safety Barrier ",,"Linear Referenced Asset","Line","Tay, Bryan","817",,"292","13/05/2025 5:19 PM","20/05/2026 5:51 PM","Gunagi, Pooja"
"Concrete Barrier Assembly","Yes","PPT","PPT","No","No","Model","BR","121","EF_25_55","Barriers","Ss_25_16_94","Vehicle restraint systems","Pr_25_71_57_18","Concrete safety barrier panels","EF_25_55Ss_25_16_94Pr_25_71_57_18","3BDE; 3CD ;3BAP","01.04 Structures","01.04.01.01.04 Parapets",,"Point Asset","Line","Tay, Bryan","597",,"70","13/05/2025 5:16 PM","20/05/2026 5:51 PM","Gunagi, Pooja"
"Concrete Barrier Assembly (MS)","Yes","PPT","PPT","No","No","Model","MS","145","EF_25_55","Barriers","Ss_25_16_94","Vehicle restraint systems","Pr_25_71_57_18","Concrete safety barrier panels","EF_25_55Ss_25_16_94Pr_25_71_57_18","1; 2; 3","01.04 Structures","01.04.01.01.04 Parapets",,"Point Asset","Line","Long, Mike",,,"3711","15/06/2026 3:19 PM","15/06/2026 3:27 PM","Long, Mike"
"Concrete Beams","No","N/A",,"N/A","No","N/A","BS","322","EF_20","Structural elements","Ss_20_20_75","Structural beam systems","Pr_20_85_08_15","Concrete beams","EF_20Ss_20_20_75Pr_20_85_08_15","3FC","N/A","N/A",,,,"Tay, Bryan","609",,"82","13/05/2025 5:16 PM","20/05/2026 2:34 PM","Bird, Cheyne"
"Concrete Columns","No","N/A",,"N/A","No","N/A","BS","322","EF_20","Structural elements","Ss_20_30","Structural columns","Pr_20_85_16_15","Concrete columns","EF_20Ss_20_30Pr_20_85_16_15","3FC","N/A","N/A",,,,"Tay, Bryan","610",,"83","13/05/2025 5:16 PM","20/05/2026 2:34 PM","Bird, Cheyne"
"Concrete Facial Wall Panels","Yes","WPN","WPN","Yes","No","Model","CC","102","EF_25_10","Walls","Ss_25_12_15","Concrete panel wall systems","Pr_20_93_71_17","Concrete panels","EF_25_10Ss_25_12_15Pr_20_93_71_17","2P","01.04 Structures","01.04.03.06.03 Wall Panels",,"Point Asset","Line","Tay, Bryan","629",,"102","13/05/2025 5:18 PM","20/05/2026 5:57 PM","Gunagi, Pooja"
"Concrete Facial Wall Panels (Bridges)","Yes","WPN","WPN","No","No","Model","BR","120","EF_25_10","Walls","Ss_25_12_15","Concrete panel wall systems","Pr_20_93_71_17","Concrete panels","EF_25_10Ss_25_12_15Pr_20_93_71_17","3BAB","01.04 Structures","01.04.03.06.03 Wall Panels",,"Point Asset","Line","Griggs, Peter",,,"1682","10/07/2025 1:33 PM","20/05/2026 5:58 PM","Gunagi, Pooja"
"Concrete Kerbs","No","N/A",,"N/A","No","N/A","LA","217","EF_25_55","Barriers","Ss_30_60_45_15","Concrete kerb systems","Pr_25_93_45_18","Concrete kerbs","EF_25_55Ss_30_60_45_15Pr_25_93_45_18","2CA","N/A","N/A",,,,"Bird, Cheyne","986",,"473","21/05/2025 11:15 AM","20/05/2026 3:52 PM","Muhammad Abid-T2D"
"Concrete Paving","No","N/A",,"N/A","No","N/A","LA","217","EF_30_60_60","Pedestrian pavements","Ss_30_14_15_16","Concrete paving systems","Pr_20_31_16","Concretes","EF_30_60_60Ss_30_14_15_16Pr_20_31_16","2CA","N/A","N/A",,,,"Bird, Cheyne","976",,"463","21/05/2025 10:43 AM","20/05/2026 3:52 PM","Muhammad Abid-T2D"
"Concrete Pile","No","N/A",,"N/A","No","N/A","BS","321","EF_20_05","Substructure","Ss_20_05_15","Concrete foundation systems","Pr_20_85_62_18","Concrete piles","EF_20_05Ss_20_05_15Pr_20_85_62_18","3FC","N/A","N/A",,,,"Tay, Bryan","602",,"75","13/05/2025 5:16 PM","20/05/2026 2:34 PM","Bird, Cheyne"
"Concrete Piles","No","N/A",,"N/A","No","N/A","RS","140","EF_25_10","Walls","Ss_20_60_30_15","Contiguous pile retaining wall systems","Pr_20_85_62_18","Concrete piles","EF_25_10Ss_20_60_30_15Pr_20_85_62_18","2; 3","N/A","N/A",,,,"Tay, Bryan","622",,"95","13/05/2025 5:18 PM","20/05/2026 2:34 PM","Bird, Cheyne"
"Concrete Plinth CC","No","N/A",,"N/A","No","Model","CC","101","EF_20_05_30","Foundations","Ss_20_05_50_65","Precast concrete foundation and plinth systems","Pr_20","Structure and general products","EF_20_05_30Ss_20_05_50_65Pr_20",,"N/A","N/A",,,,"Dela Cruz, Cyrel",,,"3708","5/06/2026 10:36 AM","15/06/2026 3:34 PM","Bird, Cheyne"
"Concrete Slab","No","N/A",,"N/A","No","N/A","MS","145","EF_20_05_30","Foundations","Ss_20_05_15","Concrete foundation systems","Pr_20_85_14_16","Concrete solid slabs","EF_20_05_30Ss_20_05_15Pr_20_85_14_16","2; 3; 2CA","N/A","N/A",,,,"Bird, Cheyne",,,"3209","9/10/2025 2:51 PM","20/05/2026 3:53 PM","Muhammad Abid-T2D"
"Concrete Slab CC","No","N/A",,"N/A","No","N/A","CC","101","EF_20_05_30","Foundations","Ss_20_05_15","Concrete foundation systems","Pr_20_85_14_16","Concrete solid slabs","EF_20_05_30Ss_20_05_15Pr_20_85_14_16",,"N/A","N/A",,,,"Dela Cruz, Cyrel",,,"3707","5/06/2026 10:34 AM","15/06/2026 3:33 PM","Bird, Cheyne"
"Concrete Stairs","No","N/A",,"N/A","No","N/A","MS","142","EF_35","Stairs and ramps","Ss_35_10","Stair and ramp structure systems","Pr_25_30_85","Stair and ladder units","EF_35Ss_35_10Pr_25_30_85","1; 2; 3","N/A","N/A",,,,"Bird, Cheyne",,,"3219","27/10/2025 2:20 PM","20/05/2026 3:53 PM","Muhammad Abid-T2D"
"Concrete Vehicle Barrier","Yes","SFB","SFB","No","No","Model","FN","248","EF_25_55","Barriers","Ss_25_16_94","Vehicle restraint systems","Pr_25_71_57_18","Concrete safety barrier panels","EF_25_55Ss_25_16_94Pr_25_71_57_18","2; 3","01.03 Roadside","01.03.03.01.01 Safety Barrier ",,"Linear Referenced Asset","Line","Tay, Bryan","737",,"211","13/05/2025 5:19 PM","20/05/2026 5:51 PM","Gunagi, Pooja"
"Concrete Vehicle Protection Barrier","Yes","SFB","SFB","No","No","Model","MS","145","EF_25_55","Barriers","Ss_25_16_94","Vehicle restraint systems","Pr_25_71_57_18","Concrete safety barrier panels","EF_25_55Ss_25_16_94Pr_25_71_57_18","2; 1; 3","01.03 Roadside","01.03.03.01.01 Safety Barrier ",,"Linear Referenced Asset","Line","Bird, Cheyne",,,"3201","7/10/2025 12:16 PM","20/05/2026 5:52 PM","Gunagi, Pooja"
"Concrete Wall","No","N/A",,"N/A","No","N/A","LA","217","EF_25_10_25","External walls","Ss_25_11_16","Concrete wall systems","Pr_20_31_16","Concretes","EF_25_10_25Ss_25_11_16Pr_20_31_16","2CA","N/A","N/A",,,,"Bird, Cheyne","985",,"472","21/05/2025 11:12 AM","20/05/2026 3:52 PM","Muhammad Abid-T2D"
"Concrete Wall (Bridge Deck)","Yes","RWL","RWL","No","No","Model","BR","120","EF_25_10","Walls","Ss_25_11_16","Concrete wall systems","Pr_20_31_16","Concretes","EF_25_10Ss_25_11_16Pr_20_31_16","3BDE","01.04 Structures","01.04.01.01.11 Bridge Deck",,"Linear Referenced Asset","Line","Griggs, Peter","1,009",,"499","30/05/2025 11:26 AM","20/05/2026 2:33 PM","Bird, Cheyne"
"Concrete Walls","No","N/A",,"N/A","No","N/A","BS","322","EF_20","Structural elements","Ss_25_11_16","Concrete wall systems","Pr_20_31_16","Concretes","EF_20Ss_25_11_16Pr_20_31_16","3FC","N/A","N/A",,,,"Tay, Bryan","608",,"81","13/05/2025 5:16 PM","20/05/2026 2:34 PM","Bird, Cheyne"
"Condensate Drain Pump","Yes","PU","PU","Yes","No","Model","VA",,"EF_65_80","Air conditioning","Ss_65_80","Air conditioning systems","Pr_65_53_24","Drainage pumps","EF_65_80Ss_65_80Pr_65_53_24",,"01.05 M&E","01.05.04.04.01 Drainage Pumps",,"Point Asset","Point","James McKinlay-T2D",,,"2834","25/07/2025 3:15 PM","20/05/2026 5:52 PM","Gunagi, Pooja"
"Conduit - Comms","No","CCD","CCD","No","No","Model","LV",,"EF_70_30_45","Low-voltage electricity distribution","Ss_70_30_45_45","Low-voltage distribution systems","Pr_65_70_11_71","Rigid conduit","EF_70_30_45Ss_70_30_45_45Pr_65_70_11_71",,"01.05 M&E","01.05.01.03.04 Cables (LV)",,"Point Asset",,"James McKinlay-T2D",,,"2640","25/07/2025 3:13 PM","21/05/2026 3:42 PM","Muhammad Abid-T2D"
"Conduit - Communications","Conditional","CCD","CCD","No","No","Model","LV",,"EF_70_30_45","Low-voltage electricity distribution","Ss_70_30_45_45","Low-voltage distribution systems","Pr_65_70_11_71","Rigid conduit","EF_70_30_45Ss_70_30_45_45Pr_65_70_11_71",,"01.05 M&E","01.05.01.03.04 Cables (LV)",,"Point Asset",,"Bird, Cheyne",,,"3525","13/04/2026 3:04 PM","21/05/2026 3:42 PM","Muhammad Abid-T2D"
"Conduit - Communications UC","Conditional","CCD","CCD","No","No","Model","UC",,"EF_70_30_45","Low-voltage electricity distribution","Ss_70_30_45_45","Low-voltage distribution systems","Pr_65_70_11_71","Rigid conduit","EF_70_30_45Ss_70_30_45_45Pr_65_70_11_71",,"01.05 M&E","01.05.01.03.04 Cables (LV)",,"Point Asset",,"Bird, Cheyne",,,"3550","13/04/2026 5:45 PM","21/05/2026 3:42 PM","Muhammad Abid-T2D"
"Conduit - Electrical (HV)","No","HCD","HCD","No","No","Model","HV",,"EF_70_30_35","High-voltage electricity distribution","Ss_70_30_35_35","High-voltage distribution systems","Pr_65_70_11_09","Rigid conduit","EF_70_30_35Ss_70_30_35_35Pr_65_70_11_09","2; 3","01.05 M&E","01.05.01.03.04 Cables (LV)<br>",,"Point Asset","Line","James McKinlay-T2D",,,"3575","20/04/2026 10:17 AM","21/05/2026 3:47 PM","Muhammad Abid-T2D"
"Conduit - Electrical (LV)","No","ECD","ECD","No","No","Model","LV",,"EF_70_30_45","Low-voltage electricity distribution","Ss_70_30_45_45","Low-voltage distribution systems","Pr_65_70_11_71","Rigid conduit","EF_70_30_45Ss_70_30_45_45Pr_65_70_11_71",,"01.05 M&E","01.05.01.03.04 Cables (LV)
",,"Point Asset","Line","James McKinlay-T2D",,,"2641","25/07/2025 3:13 PM","21/05/2026 3:42 PM","Muhammad Abid-T2D"
"Contactor","No","CON","CON","No","No","Model","HV",,"EF_70_30_35","High-voltage electricity distribution","Ss_70_20_60","High-voltage control and protection systems","Pr_75_51_52_26","Electromechanical contactors","EF_70_30_35Ss_70_20_60Pr_75_51_52_26",,"01.05 M&E","01.05.01.07.03 Phase inversion / reversing contactor",,"Point Asset","Point","James McKinlay-T2D",,,"2642","25/07/2025 3:13 PM","21/05/2026 3:42 PM","Muhammad Abid-T2D"
"Contra Flow Lane Use Management Sign","Yes","CLUS","CLUS","Yes","No","Model","TT",,"EF_40_10","Signage","Ss_40_10_90_72","Road traffic signage systems","Pr_70_75_72_50","Motorway lane signals","EF_40_10Ss_40_10_90_72Pr_70_75_72_50",,"01.05 M&E","01.05.05.05.10 Lane Use Management Signs",,"Point Asset","Point","James McKinlay-T2D",,,"2946","25/07/2025 3:17 PM","20/05/2026 5:36 PM","Gunagi, Pooja"
"Control Panel - High Voltage","Yes","CHV","CHV","Yes","No","Model","HV",,"EF_70_30_35","High-voltage electricity distribution","Ss_70_30_35_35","High-voltage distribution systems","Pr_60_70_22_19","Cubicle switchboards","EF_70_30_35Ss_70_30_35_35Pr_60_70_22_19",,"01.05 M&E","01.05.01.01.09 Switching Battery and Charger",,"Point Asset","Point","James McKinlay-T2D",,,"2633","25/07/2025 3:12 PM","21/05/2026 3:42 PM","Muhammad Abid-T2D"
"Control Panel - Lighting","Yes","LCP","LCP","Yes","No","Model","LV",,"EF_70_30_45","Low-voltage electricity distribution","Ss_70_30_45_45","Low-voltage distribution systems","Pr_75_50_18_93","Utility supply control panels","EF_70_30_45Ss_70_30_45_45Pr_75_50_18_93",,"01.05 M&E","01.05.01.03.06 Control Panel - Lighting",,"Point Asset","Point","James McKinlay-T2D",,,"2584","25/07/2025 3:11 PM","20/05/2026 5:45 PM","Gunagi, Pooja"
"Control Panel - Pumps","Yes","PCP","PCP","Yes","No","Model","HY",,"EF_55_30_98","Water fire suppression supply","Ss_55_70","Water distribution and supply systems","Pr_75_50_18_51","Mechanical services control panels","EF_55_30_98Ss_55_70Pr_75_50_18_51",,"01.05 M&E","01.05.01.03.07 Control Panel - Pumps",,"Point Asset","Point","James McKinlay-T2D",,,"2585","25/07/2025 3:11 PM","20/05/2026 5:52 PM","Gunagi, Pooja"
"Control Panel - Ventilation","Yes","CPV","CPV","Yes","No","Unsure","TV",,"EF_65_40_94","Vehicular space ventilation","Ss_65_40_94","Vehicular space ventilation systems","Pr_75_50_18_51","Mechanical services control panels","EF_65_40_94Ss_65_40_94Pr_75_50_18_51",,"01.05 M&E","01.05.01.03.08 Control Panel - Ventilation",,"Point Asset","Point","James McKinlay-T2D",,,"2586","25/07/2025 3:11 PM","20/05/2026 4:53 PM","Gunagi, Pooja"
"Controller","Yes","CTL","CTL","Yes","No","Register","TT",,"EF_75_30_35","Road signals and controls","Ss_75_30_35","Road signal and control systems","Pr_75_50_20","Controllers and control components","EF_75_30_35Ss_75_30_35Pr_75_50_20",,"01.05 M&E","01.05.05.05.25 Controller",,"Point Asset","Point","James McKinlay-T2D",,,"2949","25/07/2025 3:17 PM","20/05/2026 4:10 PM","Gunagi, Pooja"
"Controller (ID)","Yes","CTL","CTL","Yes","No","Register","ID",,"EF_40_40","Equipment","Ss_75_40_02","Access control systems","Pr_75_30_30","Electronic access control and recording products","EF_40_40Ss_75_40_02Pr_75_30_30",,"01.05 M&E","01.05.05.05.25 Controller",,"Point Asset","Point","Bird, Cheyne",,,"3655","18/05/2026 9:55 AM","20/05/2026 4:10 PM","Gunagi, Pooja"
"Corner Guard","No","N/A",,"No","No","N/A","AR",,"EF_25_55","Barriers","SS_25_60","Wall and barrier accessory systems","Pr_35_90_43_15","Corner guards","EF_25_55SS_25_60Pr_35_90_43_15",,"N/A","N/A",,,,"Phelan, David",,,"3565","15/04/2026 2:38 PM","20/05/2026 3:53 PM","Muhammad Abid-T2D"
"Cross Passage - Conduit - Comms","Conditional","CCD","CCD","No","No","Model","TU","308","EF_70_30_45","Low-voltage electricity distribution","Ss_70_30_45_45","Low-voltage distribution systems","Pr_65_70_11_71","Rigid conduit","EF_70_30_45Ss_70_30_45_45Pr_65_70_11_71","3XP","01.05 M&E","01.05.01.03.04 Cables (LV)",,"Point Asset",,"Ryan, Xavier",,,"3408","26/02/2026 2:23 PM","21/05/2026 3:42 PM","Muhammad Abid-T2D"
"Cross Passage - Conduit - Electrical","Conditional","ECD","ECD","No","No","Model","TU","308","EF_70_30_45","Low-voltage electricity distribution","Ss_70_30_45_45","Low-voltage distribution systems","Pr_65_70_11_71","Rigid conduit","EF_70_30_45Ss_70_30_45_45Pr_65_70_11_71","3XP","01.05 M&E","01.05.01.03.04 Cables (LV)",,"Point Asset","Line","Ryan, Xavier",,,"3409","26/02/2026 2:26 PM","21/05/2026 3:42 PM","Muhammad Abid-T2D"
"Cross Passage - Excavation - Check with CNOP","N/A","N/A",,"N/A","No","N/A","TU","306","N/A","N/A","N/A","N/A","N/A","N/A","N/AN/AN/A","N/A","N/A","N/A",,,,"Tay, Bryan","791",,"265","13/05/2025 5:19 PM","20/05/2026 2:35 PM","Bird, Cheyne"
"Cross Passage Doors","Yes","CPD","CPD","Yes","No","Model","TU",,"EF_25_30_25","Doors","Ss_25_30_20_22","Door assembly systems","Pr_30_59_24","Doorsets","EF_25_30_25Ss_25_30_20_22Pr_30_59_24",,"01.05 M&E","01.05.02.08.01 Cross Passage Doors",,"Point Asset","Point","James McKinlay-T2D",,,"2675","25/07/2025 3:13 PM","20/05/2026 5:35 PM","Gunagi, Pooja"
"Cross Passage Earth Bar","No","XEB","XEB","No","No","Unsure","LV",,"EF_70_30_45","Low-voltage electricity distribution","Ss_70_30_25_25","Earthing and bonding systems","Pr_65_70_46_24","Earth bars","EF_70_30_45Ss_70_30_25_25Pr_65_70_46_24",,"01.05 M&E","01.05.01.01.15 Earth Marshalling Bar",,"Point Asset","Point","Mazarei, Ashkan (DIT)",,,"3229","11/11/2025 1:42 PM","20/05/2026 5:22 PM","Gunagi, Pooja"
"Cross Passage Fire Doors c/w actuator","Yes","FDR","FDR","Yes","No","Model","AR",,"EF_75_50","Safety and protection","Ss_75_50","Safety and protection systems","Pr_75_50_02","Actuators","EF_75_50Ss_75_50Pr_75_50_02",,"01.05 M&E","01.05.02.08.03 Building Fire Doors",,"Point Asset","Point","James McKinlay-T2D",,,"2691","25/07/2025 3:13 PM","20/05/2026 5:36 PM","Gunagi, Pooja"
"Cross Passage In-Tunnel Structures - Concrete Beam","No","N/A",,"N/A","No","N/A","TU","308","EF_37_50","Tunnels and shafts","Ss_20_20_75","Structural beam systems","Pr_20_85_08_15","Concrete beams","EF_37_50Ss_20_20_75Pr_20_85_08_15","3XP","N/A","N/A",,,,"Ryan, Xavier",,,"520","6/06/2025 7:35 AM","20/05/2026 3:52 PM","Muhammad Abid-T2D"
"Cross Passage In-Tunnel Structures - Concrete Floor","No","N/A",,"N/A","No","N/A","TU","308","EF_30_20","Floors","Ss_30_12_85","Structural deck systems","Pr_20_85_65_15","Concrete platform slabs","EF_30_20Ss_30_12_85Pr_20_85_65_15","3XP","N/A","N/A",,,,"Tay, Bryan","802",,"276","13/05/2025 5:19 PM","20/05/2026 2:35 PM","Bird, Cheyne"
"Cross Passage In-Tunnel Structures - Doors (Egress)","Yes","CPD","CPD","Yes","No","Model","TU","308","EF_25_30_25","Doors","Ss_25_30_20_22","Door assembly systems","Pr_30_59_24","Doorsets","EF_25_30_25Ss_25_30_20_22Pr_30_59_24","3XP","01.05 M&E","01.05.02.08.01 Cross Passage Doors",,"Point Asset","Point","Tay, Bryan",,,"569","18/06/2025 4:56 PM","20/05/2026 5:35 PM","Gunagi, Pooja"
"Cross Passage In-Tunnel Structures - Doors (Fire)","Yes","DRS","FDR","Yes","No","Model","TU","308","EF_25_30_25","Doors","Ss_25_30_20_22","Door assembly systems","Pr_30_59","Openings and opening component products","EF_25_30_25Ss_25_30_20_22Pr_30_59","3XP","01.05 M&E","01.05.02.08.03 Building Fire Doors",,"Point Asset","Point","Tay, Bryan","803",,"277","13/05/2025 5:19 PM","20/05/2026 5:35 PM","Gunagi, Pooja"
"Cross Passage In-Tunnel Structures - Steel Beam","No","N/A",,"N/A","No","N/A","TU","308","EF_37_50","Tunnels and shafts","Ss_20_20_75","Structural beam systems","Pr_20_85_08_11","Carbon steel beams","EF_37_50Ss_20_20_75Pr_20_85_08_11","3XP","N/A","N/A","N/A",,,"Ryan, Xavier",,,"3423","5/03/2026 3:44 PM","20/05/2026 3:53 PM","Muhammad Abid-T2D"
"Cross Passage In-Tunnel Structures - Steel Grated Floor","No","N/A",,"N/A","No","N/A","TU","308","EF_30_20","Floors","Ss_30_12_85","Structural deck systems","Pr_25_96_30","Gratings","EF_30_20Ss_30_12_85Pr_25_96_30","3XP","N/A","N/A",,,,"Tay, Bryan","795",,"269","13/05/2025 5:19 PM","20/05/2026 2:35 PM","Bird, Cheyne"
"Cross Passage In-Tunnel Structures - Wall (All types)","No","N/A",,"N/A","No","N/A","TU","308","EF_25_10_40","Internal walls","Ss_25_11_16","Concrete wall systems","Pr_20_93_85_14","Concrete solid wall and composite wall units","EF_25_10_40Ss_25_11_16Pr_20_93_85_14","3XP","N/A","N/A",,,,"Tay, Bryan","801",,"275","13/05/2025 5:19 PM","20/05/2026 2:35 PM","Bird, Cheyne"
"Cross Passage Lining - Precast Pipe Jack Segments","No","N/A",,"N/A","No","N/A","TU","307","EF_37_50_07","Bored tunnels","Ss_37_50_92_90","Unit lined tunnel systems","Pr_20_93_90_15","Concrete tunnel-lining segments","EF_37_50_07Ss_37_50_92_90Pr_20_93_90_15","3XP","N/A","N/A",,,,"Tay, Bryan","796",,"270","13/05/2025 5:19 PM","20/05/2026 2:35 PM","Bird, Cheyne"
"Cross Passage Openings - Tympanum and Concrete Encasement","No","N/A",,"N/A","No","N/A","TU","307","EF_37_50","Tunnels and shafts","Ss_37_60_90","Tunnel and shaft waterproofing systems","Pr_20_93_90","Tunnel-lining products","EF_37_50Ss_37_60_90Pr_20_93_90","3XP","N/A","N/A",,,,"Tay, Bryan","794",,"268","13/05/2025 5:19 PM","20/05/2026 2:35 PM","Bird, Cheyne"
"Cross Passage Spaceproofing - MEP Envelope","N/A","N/A",,"N/A","No","N/A","TU","304","N/A","N/A","N/A","N/A","N/A","N/A","N/AN/AN/A","N/A","N/A","N/A",,,,"Tay, Bryan","788",,"262","13/05/2025 5:19 PM","20/05/2026 2:35 PM","Bird, Cheyne"
"Cross Passage Speaker","Yes","PAX","PAX","Yes","No","Unsure","PA",,"EF_75_10_68","Public communications","Ss_75_10_68_68","Public address systems","Pr_70_75_06_50","Loudspeakers","EF_75_10_68Ss_75_10_68_68Pr_70_75_06_50",,"01.05 M&E","01.05.05.04.09 Loudspeakers (Speaker)",,"Point Asset",,"Mazarei, Ashkan (DIT)",,,"3384","17/02/2026 8:48 AM","20/05/2026 5:12 PM","Gunagi, Pooja"
"Cubicles","No","N/A",,"N/A","No","N/A","AR","326","EF_25_10_40","Internal walls","Ss_25_12_60","Panel enclosure systems","Pr_40_20_76","Sanitary accessories","EF_25_10_40Ss_25_12_60Pr_40_20_76","3FC","N/A","N/A",,,,"Bird, Cheyne",,,"564","18/06/2025 4:03 PM","20/05/2026 3:52 PM","Muhammad Abid-T2D"
"Culvert Headwall","Yes","HWL","HWL","Yes","No","Model","SD","261","EF_50_35","Below-ground drainage collection","Ss_20_60_40_20","Culvert headwall systems","Pr_20_93_37_65","Precast concrete headwall units","EF_50_35Ss_20_60_40_20Pr_20_93_37_65","3CG","01.05 M&E","01.05.04.07.03 Headwall",,"Point Asset","Point","Tay, Bryan","780",,"254","13/05/2025 5:19 PM","20/05/2026 5:45 PM","Gunagi, Pooja"
"Culvert Headwall (Minor)","Yes","HWL","HWL","Yes","No","Model","SD","145","EF_50_35","Below-ground drainage collection","Ss_20_60_40_20","Culvert headwall systems","Pr_20_93_37_65","Precast concrete headwall units","EF_50_35Ss_20_60_40_20Pr_20_93_37_65","3CG","01.05 M&E","01.05.04.07.03 Headwall",,"Point Asset","Point","Cini, Craig","632",,"3504","9/04/2026 11:36 AM","20/05/2026 5:45 PM","Gunagi, Pooja"
"Culvert Slab","Yes","CVS","CVS","No","No","Model","MS","145","EF_50_35","Below-ground drainage collection","Ss_50_70_45_20","Culvert land drainage systems","Pr_20_85_14","Concrete flooring and decking products","EF_50_35Ss_50_70_45_20Pr_20_85_14","2; 3CC; 3CG","01.04 Structures","01.04.01.01.07 Slab",,"Point Asset","Polygon","Tay, Bryan","633",,"106","13/05/2025 5:18 PM","20/05/2026 5:35 PM","Gunagi, Pooja"
"Culverts & Base Slab","Yes","SRP","SRP","No","No","Model","SD","262","EF_50_35","Below-ground drainage collection","Ss_50_70_45_20","Culvert land drainage systems","Pr_65_52_20_16","Concrete box culverts","EF_50_35Ss_50_70_45_20Pr_65_52_20_16","2; 3","01.04 Structures","01.04.01.01.07 Slab",,"Point Asset","Line","Tay, Bryan","784",,"258","13/05/2025 5:19 PM","20/05/2026 5:51 PM","Gunagi, Pooja"
"Culverts & Base Slab (nonbridge size)","No","N/A",,"No","No","N/A","MS","145","EF_50_35","Below-ground drainage collection","Ss_50_70_45_20","Culvert land drainage systems","Pr_65_52_20_16","Concrete box culverts","EF_50_35Ss_50_70_45_20Pr_65_52_20_16","2; 2CA","01.04 Structures","01.04.01.01.07 Slab",,,,"Tay, Bryan",,,"3096","20/08/2025 11:58 AM","20/05/2026 3:53 PM","Muhammad Abid-T2D"
"Curtain Wall","Yes","WPN","WPN","No","No","Model","BR","120","EF_25_10","Walls","Ss_25_12_15","Concrete panel wall systems","Pr_20_93_71_17","Concrete panels","EF_25_10Ss_25_12_15Pr_20_93_71_17","3BPI; 3BAB","01.04 Structures","01.04.03.06.03 Wall Panels",,"Point Asset","Line","Tay, Bryan","573",,"45","13/05/2025 5:16 PM","20/05/2026 5:57 PM","Gunagi, Pooja"
"Custom Drainage Pit","Yes","SPT","SPT","Yes","No","Model","MS","145","EF_50_35","Below-ground drainage collection","Ss_50_35_08","Below-ground gravity drainage systems","Pr_65_52_01_16","Concrete inspection chamber sections","EF_50_35Ss_50_35_08Pr_65_52_01_16","2; 2CA","01.05 M&E","01.05.04.01.03 Stormwater pit",,"Point Asset","Point","Tay, Bryan","627",,"100","13/05/2025 5:18 PM","20/05/2026 5:51 PM","Gunagi, Pooja"
"Cycle Parking","No","N/A",,"No","No","N/A","DU",,"EF_40_20","Fittings","Ss_40_85_72_20","Cycle parking equipment systems","Pr_40_30_21","Cycle stands and lockers","EF_40_20Ss_40_85_72_20Pr_40_30_21",,"N/A","N/A",,,,"Phelan, David",,,"3566","15/04/2026 2:39 PM","20/05/2026 3:53 PM","Muhammad Abid-T2D"
"Cyclist push button","Yes","PBT","PBT","Yes","No","Model","TF","245","EF_75_30_35","Road signals and controls","Ss_40_10_90_20","Cycle traffic signage systems","Pr_75_51_17_66","Push-button switches","EF_75_30_35Ss_40_10_90_20Pr_75_51_17_66","2; 3","01.05 M&E","01.05.05.05.21.01 Traffic Signal Lantern",,"Point Asset","Point","Tay, Bryan","721",,"194","13/05/2025 5:19 PM","20/05/2026 5:51 PM","Gunagi, Pooja"
"Cylinder Weight Sensor","No","CWS","MSV","No","No","Unsure","FD",,"EF_55_30_35","Gaseous fire-extinguishing supply","Ss_55_30_35","Gaseous fire-extinguishing systems","Pr_75_50_76","Sensors and detectors","EF_55_30_35Ss_55_30_35Pr_75_50_76",,"01.05 M&E","01.05.04.05.02.01 Sensors",,"Point Asset","Point","James McKinlay-T2D",,,"2729","25/07/2025 3:13 PM","20/05/2026 4:54 PM","Gunagi, Pooja"
"Dali Interface Card","Yes","CDA","CDA","Yes","No","Unsure","CP",,"EF_75_30_35","Road signals and controls","Ss_75_30_35","Road signal and control systems","Pr_75_50_20","Controllers and control components","EF_75_30_35Ss_75_30_35Pr_75_50_20",,"01.05 M&E","01.05.05.02.02 PMCS Hardware",,"Point Asset","Point","James McKinlay-T2D",,,"3139","16/09/2025 9:56 AM","20/05/2026 4:54 PM","Gunagi, Pooja"
"Damper Control Panel","Yes","DCP","DCP","Yes","No","Model","LV",,"EF_70_30_45","Low-voltage electricity distribution","Ss_70_30_45_45","Low-voltage distribution systems","Pr_75_50_18_51","Mechanical services control panels","EF_70_30_45Ss_70_30_45_45Pr_75_50_18_51",,"01.05 M&E","01.05.03.02.01 Motorised Relief Dampers",,"Point Asset","Point","James McKinlay-T2D",,,"2643","25/07/2025 3:13 PM","21/05/2026 3:42 PM","Muhammad Abid-T2D"
"Dampers","Yes","DWM","DWM","Yes","No","Model","TV",,"EF_75_70_52","Mechanical engineering services control and management","Ss_65","Ventilation and air conditioning systems","Pr_65_65_24","Duct dampers","EF_75_70_52Ss_65Pr_65_65_24",,"01.05 M&E","01.05.03.02.02 Fan Dampers",,"Point Asset","Point","James McKinlay-T2D",,,"2815","25/07/2025 3:14 PM","20/05/2026 5:36 PM","Gunagi, Pooja"
"Data Gathering Unit","Yes","DGU","DGU","Yes","No","Model","FD",,"EF_75_50_28","Fire and smoke detection and alarms","Ss_75_50_28","Fire and smoke detection and alarm systems","Pr_75_80_30","Fire detection and alarm devices and control equipment","EF_75_50_28Ss_75_50_28Pr_75_80_30",,"01.05 M&E","01.05.02.01.12 Fire Panel",,"Point Asset","Point","James McKinlay-T2D",,,"2677","25/07/2025 3:13 PM","20/05/2026 5:35 PM","Gunagi, Pooja"
"Data Marshalling Panel","Yes","DMP","DMP","Yes","No","Model","FD",,"EF_75_50_28","Fire and smoke detection and alarms","Ss_75_50_28","Fire and smoke detection and alarm systems","Pr_75_80_30","Fire detection and alarm devices and control equipment","EF_75_50_28Ss_75_50_28Pr_75_80_30",,"01.05 M&E","01.05.02.01.12 Fire Panel",,"Point Asset","Point","James McKinlay-T2D",,,"2681","25/07/2025 3:13 PM","20/05/2026 5:36 PM","Gunagi, Pooja"
"DC DISTRIBUTION DIN RAIL","Yes","DIN","DIN","Yes","No","Unsure","WF",,"EF_75_10_21","Data distribution and telecommunications","Ss_75_10_21_21","Data distribution systems","Pr_70_75_20","Data communication products","EF_75_10_21Ss_75_10_21_21Pr_70_75_20",,"01.05 M&E","01.05.05.02.01 Data communications Network",,"Point Asset",,"Mazarei, Ashkan (DIT)",,,"3637","15/05/2026 2:24 PM","20/05/2026 4:54 PM","Gunagi, Pooja"
"DCCTV Server Computers","Yes","DCS","DCS","Yes","No","Model","TT",,"EF_75_30_35","Road signals and controls","Ss_75_40_53_86","Surveillance CCTV systems","Pr_70_75_15_80","Servers","EF_75_30_35Ss_75_40_53_86Pr_70_75_15_80",,"01.05 M&E","01.05.05.01.07 CCTV System ",,"Point Asset","Point","James McKinlay-T2D",,,"2950","25/07/2025 3:17 PM","20/05/2026 5:36 PM","Gunagi, Pooja"
"Deck","Yes","BDK","BDK","No","No","Model","BR","121","EF_20_50_10","Bridge decks","Ss_20_50_25","Bridge deck systems","Pr_20_85_14","Concrete flooring and decking products","EF_20_50_10Ss_20_50_25Pr_20_85_14","3BDE","01.04 Structures","01.04.01.01.11 Bridge Deck ",,"Point Asset","Polygon","Tay, Bryan","592",,"65","13/05/2025 5:16 PM","20/05/2026 5:35 PM","Gunagi, Pooja"
"Decontactor Junction Box","Yes","DJB","DJB","No","No","Unsure","LV",,"EF_70_30_45","Low-voltage electricity distribution","Ss_70_30_45_45","Low-voltage distribution systems","Pr_80_77_28_08","Cable junction boxes","EF_70_30_45Ss_70_30_45_45Pr_80_77_28_08",,"01.05 M&E","01.05.01.03.15 Junction Box (LV)",,"Point Asset","Point","Mazarei, Ashkan (DIT)",,,"3303","14/01/2026 12:32 PM","20/05/2026 4:54 PM","Gunagi, Pooja"
"Deluge Main Section Isolation Valve","N/A","DIV","DIV","No","No","Model","HY",,"EF_55_30_98","Water fire suppression supply","Ss_55_30_98_21","Deluge systems","Pr_65_54_30_22","Deluge valves","EF_55_30_98Ss_55_30_98_21Pr_65_54_30_22",,"01.05 M&E","01.05.02.12.08 Deluge Main Section Isolation Valve",,"Point Asset","Point","James McKinlay-T2D",,,"2678","25/07/2025 3:13 PM","20/05/2026 5:35 PM","Gunagi, Pooja"
"Deluge Pump manifold","N/A","DPM","DPM","No","No","Model","FS",,"EF_55_30_98","Water fire suppression supply","Ss_55_30_98_21","Deluge systems","Pr_65_54_30","Firefighting valves and devices","EF_55_30_98Ss_55_30_98_21Pr_65_54_30",,"01.05 M&E","01.05.02.12.05  Deluge Pump manifold",,"Point Asset","Point","James McKinlay-T2D",,,"2682","25/07/2025 3:13 PM","20/05/2026 5:36 PM","Gunagi, Pooja"
"Deluge Release Valve","N/A","DLV","DLV","No","No","Model","FS",,"EF_55_30_98","Water fire suppression supply","Ss_55_30_98_21","Deluge systems","Pr_65_54_30_22","Deluge valves","EF_55_30_98Ss_55_30_98_21Pr_65_54_30_22",,"01.05 M&E","01.05.02.12.07 Deluge Release Valve",,"Point Asset","Point","James McKinlay-T2D",,,"2680","25/07/2025 3:13 PM","20/05/2026 5:36 PM","Gunagi, Pooja"
"Deluge Valve","N/A","DVL","DVL","No","No","Model","FS",,"EF_55_30_98","Water fire suppression supply","Ss_55_30_98_21","Deluge systems","Pr_65_54_30_22","Deluge valves","EF_55_30_98Ss_55_30_98_21Pr_65_54_30_22",,"01.05 M&E","01.05.02.12.02 Deluge valve",,"Point Asset","Point","James McKinlay-T2D",,,"2684","25/07/2025 3:13 PM","20/05/2026 5:36 PM","Gunagi, Pooja"
"Deluge Valve Manifold","N/A","DVM","DVM","No","No","Model","FS",,"EF_55_30_98","Water fire suppression supply","Ss_55_30_98_21","Deluge systems","Pr_65_54_30_22","Deluge valves","EF_55_30_98Ss_55_30_98_21Pr_65_54_30_22",,"01.05 M&E","01.05.02.12.06 Deluge Valve Manifold",,"Point Asset","Point","James McKinlay-T2D",,,"2685","25/07/2025 3:13 PM","20/05/2026 5:36 PM","Gunagi, Pooja"
"Detection Head and Base","No","FDH","FDH","No","No","Model","FD",,"EF_75_50_28","Fire and smoke detection and alarms","Ss_75_50_28","Fire and smoke detection and alarm systems","Pr_75_80_30_27","Fire and smoke detector bases","EF_75_50_28Ss_75_50_28Pr_75_80_30_27",,"01.05 M&E","01.05.02.01.09 Detection Head and Base ",,"Point Asset","Point","James McKinlay-T2D",,,"2690","25/07/2025 3:13 PM","20/05/2026 5:36 PM","Gunagi, Pooja"
"Detector loops","Yes","VDL","VDL","No","No","Model","TF","245","EF_75_30_35","Road signals and controls","Ss_75_30_35_88","Traffic signal systems","Pr_70_75_72_22","Detector loops","EF_75_30_35Ss_75_30_35_88Pr_70_75_72_22","2; 3","01.05 M&E","01.05.05.05.20 Vehicle Detection System",,"Point Asset","Point","Tay, Bryan","704",,"177","13/05/2025 5:19 PM","21/05/2026 4:22 PM","Muhammad Abid-T2D"
"Detention Tanks","Yes","SDT","SDT","Yes","No","Model","SD","261","EF_50_35","Below-ground drainage collection","Ss_50_70_80_72","Rigid attenuation or storage tank for storm water flood attenuation systems","Pr_60_50_96","Water storage products","EF_50_35Ss_50_70_80_72Pr_60_50_96","2; 3","01.05 M&E","01.05.04.01.01 Stormwater detention tank",,"Point Asset","Point","Tay, Bryan","782",,"256","13/05/2025 5:19 PM","21/05/2026 4:22 PM","Muhammad Abid-T2D"
"Diaphragm Wall","No","N/A",,"N/A","No","N/A","RS","141","EF_25_10","Walls","Ss_20_60_30_70","Reinforced concrete diaphragm retaining wall systems","Pr_20_93_71_18","Concrete diaphragm wall units","EF_25_10Ss_20_60_30_70Pr_20_93_71_18","2; 3","N/A","N/A",,,,"Tay, Bryan","815",,"290","13/05/2025 5:19 PM","20/05/2026 2:34 PM","Bird, Cheyne"
"Diesel Deluge Pump","N/A","PU","PU","No","No","Model","FS",,"EF_55_30_98","Water fire suppression supply","Ss_55_30_98_21","Deluge systems","Pr_65_53_86_22","Diesel engine-driven pumps","EF_55_30_98Ss_55_30_98_21Pr_65_53_86_22",,"01.05 M&E","01.05.02.12.04 Diesel Deluge Pump",,"Point Asset","Point","James McKinlay-T2D",,,"2676","25/07/2025 3:13 PM","20/05/2026 5:52 PM","Gunagi, Pooja"
"Diesel Driven Standby Generators","Yes","GEN","GEN","Yes","No","Model","LV",,"EF_70_10_30","Fossil fuel power generation","Ss_70_10_30","Fossil fuel power generation systems","Pr_60_70_65","Power generators, engines and packaged combined heat and power (CHP) units","EF_70_10_30Ss_70_10_30Pr_60_70_65",,"01.05 M&E","01.05.01.04.01 Diesel Driven Standby Generators",,"Point Asset","Point","James McKinlay-T2D",,,"2597","25/07/2025 3:11 PM","20/05/2026 5:35 PM","Gunagi, Pooja"
"Differential pressure gauges","Yes","DPG","DPG","Yes","No","Model","FS",,"EF_55_30","Fire-extinguishing supply","Ss_55_30","Fire-extinguishing systems","Pr_65_52_34_22","Differential pressure gauges","EF_55_30Ss_55_30Pr_65_52_34_22",,"01.05 M&E","01.05.03.05.03 Differential pressure gauges",,"Point Asset","Point","James McKinlay-T2D",,,"2813","25/07/2025 3:14 PM","20/05/2026 5:36 PM","Gunagi, Pooja"
"Differential Pressure Sensor","Yes","DPS","DPS","Yes","No","Model","TV",,"EF_65","Ventilation and air conditioning functions","Ss_65","Ventilation and air conditioning systems","Pr_75_50_20_22","Differential pressure switches","EF_65Ss_65Pr_75_50_20_22",,"01.05 M&E","01.05.03.05.01 Differential Pressure Switch",,"Point Asset","Point","James McKinlay-T2D",,,"2814","25/07/2025 3:14 PM","20/05/2026 5:36 PM","Gunagi, Pooja"
"Differential Pressure Transducer","No","DPT","DPT","No","No","Unsure","VA",,"EF_65","Ventilation and air conditioning functions","Ss_65","Ventilation and air conditioning systems","Pr_75_50_76_68","Pressure sensors","EF_65Ss_65Pr_75_50_76_68",,"01.05 M&E","01.05.03.05.01 Differential Pressure Switch",,"Point Asset","Point","James McKinlay-T2D",,,"2835","25/07/2025 3:15 PM","20/05/2026 4:54 PM","Gunagi, Pooja"
"Digital Input card","Yes","CDI","CDI","Yes","No","Unsure","CP",,"EF_75_30_35","Road signals and controls","Ss_75_30_35","Road signal and control systems","Pr_75_50_20_40","Input cards","EF_75_30_35Ss_75_30_35Pr_75_50_20_40",,"01.05 M&E","01.05.05.02.02 PMCS Hardware",,"Point Asset","Point","James McKinlay-T2D",,,"3134","16/09/2025 9:56 AM","20/05/2026 4:54 PM","Gunagi, Pooja"
"Digital Output card","Yes","CDO","CDO","Yes","No","Unsure","CP",,"EF_75_30_35","Road signals and controls","Ss_75_30_35","Road signal and control systems","Pr_75_50_20_58","Output cards","EF_75_30_35Ss_75_30_35Pr_75_50_20_58",,"01.05 M&E","01.05.05.02.02 PMCS Hardware",,"Point Asset","Point","James McKinlay-T2D",,,"3135","16/09/2025 9:56 AM","20/05/2026 4:54 PM","Gunagi, Pooja"
"Digital Signal Processor","Yes","DSP","DSP","Yes","No","Model","TT",,"EF_75_30_35","Road signals and controls","Ss_75_30_35","Road signal and control systems","Pr_75_50_20_12","Central processor units","EF_75_30_35Ss_75_30_35Pr_75_50_20_12",,"01.05 M&E","01.05.05.02.07 Digital Signal Processor",,"Point Asset","Point","James McKinlay-T2D",,,"2951","25/07/2025 3:17 PM","20/05/2026 5:37 PM","Gunagi, Pooja"
"Directional Exit Sign","Yes","DES","DES","Yes","No","Model","LE",,"EF_70_80","Lighting","Ss_40_10_30_25","Evacuation and safe condition signage systems","Pr_40_10_57_30","Externally illuminated emergency exit signs","EF_70_80Ss_40_10_30_25Pr_40_10_57_30",,"01.05 M&E","01.05.06.01.04 Directional Exit Lighting",,"Point Asset","Point","James McKinlay-T2D",,,"3015","25/07/2025 3:19 PM","20/05/2026 5:37 PM","Gunagi, Pooja"
"DIRECTIONAL GNSS ANTENNA","Yes","DGA","DGA","Yes","No","Unsure","WF",,"EF_75_10_21","Data distribution and telecommunications","Ss_75_10_21_21","Data distribution systems","Pr_60_75_01","Antennas and satellite dishes","EF_75_10_21Ss_75_10_21_21Pr_60_75_01",,"01.05 M&E","01.05.05.04.12 Antenna",,"Point Asset",,"Mazarei, Ashkan (DIT)",,,"3518","13/04/2026 11:23 AM","20/05/2026 4:54 PM","Gunagi, Pooja"
"Distinctive Coloured Pavement Areas","No","N/A",,"N/A","No","N/A","LA","217","EF_30_60_60","Pedestrian pavements","Ss_30_14_90","Unit paving systems","Pr_25_93_60","Paving units","EF_30_60_60Ss_30_14_90Pr_25_93_60","2CA","N/A","N/A",,,,"Tay, Bryan","664",,"137","13/05/2025 5:18 PM","20/05/2026 2:35 PM","Bird, Cheyne"
"Door Frame Structure - Pile","No","N/A",,"N/A","No","N/A","TU","310","EF_37_50","Tunnels and shafts","Ss_37_50_92","Tunnel structure systems","Pr_20_85_62_18","Concrete piles","EF_37_50Ss_37_50_92Pr_20_85_62_18","2T","N/A","N/A",,,,"Tay, Bryan","805",,"279","13/05/2025 5:19 PM","20/05/2026 3:52 PM","Muhammad Abid-T2D"
"Door Frame Structure - Slab","No","N/A",,"N/A","No","N/A","TU","310","EF_37_50","Tunnels and shafts","Ss_37_50_92","Tunnel structure systems","Pr_20_85_14_16","Concrete solid slabs","EF_37_50Ss_37_50_92Pr_20_85_14_16","2T","N/A","N/A",,,,"Tay, Bryan","804",,"278","13/05/2025 5:19 PM","20/05/2026 2:35 PM","Bird, Cheyne"
"Door Switch","Yes","DSW","DSW","Yes","No","Model","MC",,"EF_75_30_35","Road signals and controls","Ss_75_30_35","Road signal and control systems","Pr_75_30_27","Electric door-locking hardware","EF_75_30_35Ss_75_30_35Pr_75_30_27",,"01.05 M&E","N/A",,"Point Asset","Point","Mazarei, Ashkan (DIT)",,,"3295","19/12/2025 8:46 AM","21/05/2026 5:01 PM","James McKinlay-T2D"
"Doors","No","N/A",,"N/A","No","N/A","AR","332","EF_25_30_25","Doors","Ss_25_30_20_22","Door assembly systems","Pr_30_59_24","Doorsets","EF_25_30_25Ss_25_30_20_22Pr_30_59_24","3FC; 3SG","N/A","N/A",,,,"Tay, Bryan","828",,"303","13/05/2025 5:19 PM","20/05/2026 3:52 PM","Muhammad Abid-T2D"
"Doors DU","No","N/A",,"N/A","No","N/A","DU","381","EF_25_30_25","Doors","Ss_25_30_20_22","Door assembly systems","Pr_30_59_24","Doorsets","EF_25_30_25Ss_25_30_20_22Pr_30_59_24","3FC","N/A","N/A",,,,"Phelan, David",,,"3281","12/12/2025 4:20 PM","20/05/2026 3:53 PM","Muhammad Abid-T2D"
"Dosing plant","Yes","WDP","WDP","Yes","No","Register","HY",,"EF_55_15","Water extraction and treatment","Ss_55_15","Water extraction, treatment and storage systems","Pr_60_55_97_63","pH control dosing units","EF_55_15Ss_55_15Pr_60_55_97_63",,"01.05 M&E","01.05.04.10.02 Dosing plant",,"Point Asset","Point","James McKinlay-T2D",,,"2900","25/07/2025 3:16 PM","20/05/2026 4:10 PM","Gunagi, Pooja"
"Drainage Monitored Valve","No","DMV","DMV","No","No","Unsure","FS",,"EF_55_30","Fire-extinguishing supply","Ss_55_30","Fire-extinguishing systems","Pr_65_54_30_23","Drain and test valves","EF_55_30Ss_55_30Pr_65_54_30_23",,"01.05 M&E","01.05.04.05.01 Valves & Actuators",,"Point Asset","Point","James McKinlay-T2D",,,"2730","25/07/2025 3:13 PM","20/05/2026 4:54 PM","Gunagi, Pooja"
"Drainage Pipes & Fittings CC","No","N/A",,"No","No","N/A","CC","102","EF_50_35","Below-ground drainage collection","Ss_37_16_10_92","Tunnel drainage sump systems","Pr_65_52_63","Pipes and fittings","EF_50_35Ss_37_16_10_92Pr_65_52_63",,"N/A","N/A",,,,"Dela Cruz, Cyrel",,,"3256","26/11/2025 9:25 PM","20/05/2026 3:53 PM","Muhammad Abid-T2D"
"Drainage Pumps","Yes","PU","PU","Yes","No","Model","HY",,"EF_50_70","Drainage treatment and disposal","Ss_50_70_24","Drainage disposal systems","Pr_65_53_24","Drainage pumps","EF_50_70Ss_50_70_24Pr_65_53_24",,"01.05 M&E","01.05.04.04.01 Drainage Pumps",,"Point Asset","Point","James McKinlay-T2D",,,"2874","25/07/2025 3:15 PM","20/05/2026 5:52 PM","Gunagi, Pooja"
"Drainage Side Entry Pits","Yes","SEP","SEP","Yes","No","Model","SD",,"EF_50_70","Drainage treatment and disposal","Ss_50_30_02","Rainwater drainage systems","Pr_65_52_24","Drainage gullies and channels","EF_50_70Ss_50_30_02Pr_65_52_24",,"01.05 M&E","01.05.04.03.03 Side Entry Pits ",,"Point Asset","Point","Cini, Craig",,,"3506","9/04/2026 11:47 AM","20/05/2026 5:37 PM","Gunagi, Pooja"
"Drainage Trench","Yes","DTR","DTR","No","No","Model","PV","225","EF_37_16","Vessels and trenches","Ss_30_75_40","Surface drainage channel systems","Pr_65_52_24","Drainage gullies and channels","EF_37_16Ss_30_75_40Pr_65_52_24","2;3CW","01.02 Drainage","01.02.04.01.01 Drainage Trench",,"Point Asset","Line","Tay, Bryan","682",,"155","13/05/2025 5:19 PM","20/05/2026 5:35 PM","Gunagi, Pooja"
"Dry Type Transformer","Yes","DTT","DTT","Yes","No","Model","HV",,"EF_70_30_50","Medium-voltage electricity distribution","Ss_70_30_50_55","Medium-voltage distribution systems","Pr_60_70_50_24","Medium-voltage dry-type transformers","EF_70_30_50Ss_70_30_50_55Pr_60_70_50_24",,"01.05 M&E","01.05.01.02.02 Dry Type Transformer",,"Point Asset","Point","James McKinlay-T2D",,,"2590","25/07/2025 3:11 PM","20/05/2026 5:35 PM","Gunagi, Pooja"
"Duplexer","Yes","DUP","DUP","Yes","No","Model","TT",,"EF_75_30_35","Road signals and controls","Ss_75_30_35","Road signal and control systems","Pr_75_50_18_41","Instrumetation, automation and control panels","EF_75_30_35Ss_75_30_35Pr_75_50_18_41",,"01.05 M&E","01.05.05.05.27 Duplexer",,"Point Asset","Point","James McKinlay-T2D",,,"2952","25/07/2025 3:17 PM","20/05/2026 5:37 PM","Gunagi, Pooja"
"Earth Bonding & down conductors","No","EBC","EBC","No","No","Model","EB",,"EF_70_30_45","Low-voltage electricity distribution","Ss_70_30_25_25","Earthing and bonding systems","Pr_65_70_46_30","Earthing conductors","EF_70_30_45Ss_70_30_25_25Pr_65_70_46_30",,"01.05 M&E","01.05.01.01.16 Earth Bonding & down conductors",,"Point Asset","Point","James McKinlay-T2D",,,"2591","25/07/2025 3:11 PM","20/05/2026 5:35 PM","Gunagi, Pooja"
"Earth Marshalling Bar","No","EMB","EMB","No","No","Model","EB",,"EF_70_30_45","Low-voltage electricity distribution","Ss_70_30_25_25","Earthing and bonding systems","Pr_65_70_46_24","Earth bars","EF_70_30_45Ss_70_30_25_25Pr_65_70_46_24",,"01.05 M&E","01.05.01.01.15 Earth Marshalling Bar",,"Point Asset","Point","James McKinlay-T2D",,,"2594","25/07/2025 3:11 PM","20/05/2026 5:35 PM","Gunagi, Pooja"
"Earthing Electrode","No","EEL","EEL","No","No","Model","EB",,"EF_70_30_45","Low-voltage electricity distribution","Ss_70_30_25_25","Earthing and bonding systems","Pr_65_70_46_27","Earth rods","EF_70_30_45Ss_70_30_25_25Pr_65_70_46_27",,"01.05 M&E","01.05.01.01.14 Earthing Electrode",,"Point Asset","Point","James McKinlay-T2D",,,"2593","25/07/2025 3:11 PM","20/05/2026 5:35 PM","Gunagi, Pooja"
"Earthing switch","Conditional","HIS","HIS","No","No","Model","HV",,"EF_70_30_50","Medium-voltage electricity distribution","Ss_70_30_50_55","Medium-voltage distribution systems","Pr_60_70_50_26","Medium-voltage earthing switches","EF_70_30_50Ss_70_30_50_55Pr_60_70_50_26",,"01.05 M&E","01.05.01.01.10 Earthing switch",,"Point Asset","Point","James McKinlay-T2D",,,"2599","25/07/2025 3:11 PM","20/05/2026 5:45 PM","Gunagi, Pooja"
"Earthworks (Cut & Fill)","N/A","N/A",,"N/A","No","N/A","RW","225","EF_15_10","Groundworks and earthworks","Ss_15_10_30_27","Earthworks filling systems","Pr_15_31_26_26","Earth","EF_15_10Ss_15_10_30_27Pr_15_31_26_26","2; 3","N/A","N/A",,,,"Tay, Bryan","681",,"154","13/05/2025 5:19 PM","20/05/2026 2:35 PM","Bird, Cheyne"
"Edges","No","N/A",,"N/A","No","N/A","LA","217","EF_25_55","Wall and barrier elements","Ss_45_10_95_80","Selective vegetation control systems","Pr_35_90_22","Dividing and edge strips","EF_25_55Ss_45_10_95_80Pr_35_90_22","3BDE","N/A","N/A",,,,"Bird, Cheyne",,,"3093","15/08/2025 3:22 PM","20/05/2026 3:53 PM","Muhammad Abid-T2D"
"Effluent storage lagoons","No","WTL","WTL","No","No","Model","HY",,"EF_50_75","Wastewater treatment and disposal","Ss_50_75_82","Wastewater lagoon systems","Pr_70_55_76","Sewage treatment plant","EF_50_75Ss_50_75_82Pr_70_55_76",,"01.05 M&E","01.05.04.10.05 Effluent storage lagoons",,"Point Asset","Point","James McKinlay-T2D",,,"2901","25/07/2025 3:16 PM","20/05/2026 5:58 PM","Gunagi, Pooja"
"Egress door emergency down-lighting","Yes","DLT","DLT","Yes","No","Model","FD",,"EF_70_80","Lighting","Ss_70_80_33_78","Self-contained emergency lighting systems","Pr_70_70_48_24","Downlights","EF_70_80Ss_70_80_33_78Pr_70_70_48_24",,"01.05 M&E","01.05.02.11.01 Egress door emergency down-lighting",,"Point Asset","Point","James McKinlay-T2D",,,"2679","25/07/2025 3:13 PM","20/05/2026 5:36 PM","Gunagi, Pooja"
"Egress door signage (non-ill)","No","DRS","DRS","No","No","Model","FS","332","EF_40_10","Signage","Ss_40_10_30_25","Evacuation and safe condition signage systems","Pr_40_10_77_27","Evacuation signs","EF_40_10Ss_40_10_30_25Pr_40_10_77_27",,"01.05 M&E","01.05.02.08.04 Egress door signage (non-ill)",,"Point Asset","Point","James McKinlay-T2D",,,"2683","25/07/2025 3:13 PM","20/05/2026 5:36 PM","Gunagi, Pooja"
"Egress door signage (non-ill) (AR)","Yes","DRS","DRS","No","No","Model","AR",,"EF_40_10","Signage","Ss_40_10_30_25","Evacuation and safe condition signage systems","Pr_40_10_77_27","Evacuation signs","EF_40_10Ss_40_10_30_25Pr_40_10_77_27","3XP; 3CW","01.05 M&E","01.05.02.08.04 Egress door signage (non-ill)",,"Point Asset","Point","Bird, Cheyne",,,"3315","22/01/2026 3:44 PM","20/05/2026 5:37 PM","Gunagi, Pooja"
"Egress Passage Pressurisation Fan","Yes","PSF","PSF","Yes","No","Model","VA",,"EF_65_40_94","Vehicular space ventilation","Ss_65_40_94","Vehicular space ventilation systems","Pr_65_67_29","Fans","EF_65_40_94Ss_65_40_94Pr_65_67_29",,"01.05 M&E","01.05.03.05.02 Egress Pressurisation Fan",,"Point Asset","Point","James McKinlay-T2D",,,"2836","25/07/2025 3:15 PM","20/05/2026 5:52 PM","Gunagi, Pooja"
"Elastomeric Bearing Pad","Yes","BRG","BRG","No","No","Model","BR","120","EF_20_50_07","Bearings","Ss_20_80_12","Bearing systems","Pr_35_90_09_28","Elastomeric pads","EF_20_50_07Ss_20_80_12Pr_35_90_09_28",,"N/A","N/A",,"Point Asset","Point","Vaz, Alex",,,"538","11/06/2025 4:25 PM","20/05/2026 5:35 PM","Gunagi, Pooja"
"Electric Actuator","Yes","EAV","EAV","Yes","No","Unsure","TV",,"EF_65_40_94","Vehicular space ventilation","Ss_65_40_94_90","Tunnel ventilation systems","Pr_75_50_02","Actuators","EF_65_40_94Ss_65_40_94_90Pr_75_50_02",,"01.05 M&E","01.05.04.05.01 Valves & Actuators",,"Point Asset","Point","Mazarei, Ashkan (DIT)",,,"3657","19/05/2026 9:10 AM","20/05/2026 5:05 PM","Gunagi, Pooja"
"Electric Deluge Pump","N/A","PU","PU","No","No","Model","FS",,"EF_55_30_98","Water fire suppression supply","Ss_55_30_98_21","Deluge systems","Pr_65_53_86","Supply and exhaust pumps","EF_55_30_98Ss_55_30_98_21Pr_65_53_86",,"01.05 M&E","01.05.02.12.03 Electric Deluge Pump",,"Point Asset","Point","James McKinlay-T2D",,,"2686","25/07/2025 3:13 PM","20/05/2026 5:52 PM","Gunagi, Pooja"
"Electrical Hydrant Pump","Yes","PU","OSD","Yes","No","Model","UE",,"EF_55_30_96","Water firefighting supply","Ss_55_30_96_30","Fire hydrant systems","Pr_65_53_86","Supply and exhaust pumps","EF_55_30_96Ss_55_30_96_30Pr_65_53_86",,"01.05 M&E","01.05.02.12.03 Electric Deluge Pump
",,"Point Asset","Point","James McKinlay-T2D",,,"2731","25/07/2025 3:13 PM","20/05/2026 5:52 PM","Gunagi, Pooja"
"Electrical Mist Pump","Yes","PU","PFE","Yes","No","Model","FS",,"EF_55_30_98","Water fire suppression supply","Ss_55_30_98_96","Water mist systems","Pr_65_53_86","Supply and exhaust pumps","EF_55_30_98Ss_55_30_98_96Pr_65_53_86",,"01.05 M&E","01.05.02.09.03 Misting system pump",,"Point Asset","Point","James McKinlay-T2D",,,"2732","25/07/2025 3:13 PM","20/05/2026 5:52 PM","Gunagi, Pooja"
"Electromagnetic Flow Meter","Yes","FLM","FLM","Yes","No","Model","HY",,"EF_55_70","Water supply","Ss_55_70","Water distribution and supply systems","Pr_80_51_46_27","Electromagnetic flowmeters","EF_55_70Ss_55_70Pr_80_51_46_27",,"01.05 M&E","01.05.04.10.06 Flow Indicating Transmitter",,"Point Asset","Point","James McKinlay-T2D",,,"2910","25/07/2025 3:16 PM","21/05/2026 4:25 PM","Muhammad Abid-T2D"
"ELV Cable Pit","Yes","EVP","EVP","Yes","No","Model","LV",,"EF_70_30_45","Low-voltage electricity distribution","Ss_70_30_45_28","Extra-low-voltage distribution systems","Pr_65_70_11_21","Cable access chambers","EF_70_30_45Ss_70_30_45_28Pr_65_70_11_21",,"01.05 M&E","01.05.01.01.03 Cable Pits (HV)",,"Point Asset","Point","James McKinlay-T2D",,,"2595","25/07/2025 3:11 PM","20/05/2026 5:35 PM","Gunagi, Pooja"
"Emergency Equipment Cabinet","Yes","EEC","EEC","Yes","No","Model","FS",,"EF_75_50","Safety and protection","Ss_75_50","Safety and protection systems","Pr_40_30_87","Storage units and cupboards","EF_75_50Ss_75_50Pr_40_30_87",,"01.05 M&E","01.05.02.10.03 Fire Brigade Booster Cabinet",,"Point Asset","Point","James McKinlay-T2D",,,"2733","25/07/2025 3:13 PM","21/05/2026 3:47 PM","Muhammad Abid-T2D"
"Emergency Light","Yes","LTE","LTE","Yes","No","Model","LE",,"EF_70_80","Lighting","Ss_70_80_33_78","Self-contained emergency lighting systems","Pr_70_70_48_25","Emergency luminaires","EF_70_80Ss_70_80_33_78Pr_70_70_48_25",,"01.05 M&E","01.05.06.01.02 Tunnel Lighting",,"Point Asset","Point","James McKinlay-T2D",,,"3029","25/07/2025 3:19 PM","20/05/2026 5:45 PM","Gunagi, Pooja"
"Emergency Lighting Junction Box","No","LJB","LJB","No","No","Model","LE",,"EF_70_80","Lighting","Ss_70_80","Lighting systems","Pr_80_77_28_08","Cable junction boxes","EF_70_80Ss_70_80Pr_80_77_28_08",,"01.05 M&E","01.05.06.01.15 Lighting Junction Box",,"Point Asset","Point","Mazarei, Ashkan (DIT)",,,"3399","20/02/2026 11:08 AM","20/05/2026 5:45 PM","Gunagi, Pooja"
"Emergency signal","Yes","ES","ES","Yes","No","Model","TT",,"EF_40_10","Signage","Ss_40_10_90_72","Road traffic signage systems","Pr_40_10_77_97","Warning signs","EF_40_10Ss_40_10_90_72Pr_40_10_77_97",,"01.05 M&E","01.05.02.01.15 Alarm Signalling Equipment
",,"Point Asset","Point","James McKinlay-T2D",,,"2954","25/07/2025 3:17 PM","20/05/2026 5:37 PM","Gunagi, Pooja"
"End of Line Resistor","No","EOL","EOL","No","No","Unsure","FD",,"EF_75_50_28","Fire and smoke detection and alarms","Ss_75_50_28","Fire and smoke detection and alarm systems","Pr_65_72_27","Electrical protective devices","EF_75_50_28Ss_75_50_28Pr_65_72_27",,"01.05 M&E","01.05.02.01.02 MCP Manual Call Points",,"Point Asset","Point","James McKinlay-T2D",,,"2734","25/07/2025 3:13 PM","20/05/2026 5:03 PM","Gunagi, Pooja"
"Equipment","No","N/A",,"N/A","No","N/A","AR","337","EF_40_40","Equipment","Ss_40_15","General fittings, furnishings and equipment (FF&E) systems","Pr_40_70","Equipment","EF_40_40Ss_40_15Pr_40_70","3FC","N/A","N/A",,,,"Tay, Bryan","835",,"310","13/05/2025 5:19 PM","20/05/2026 3:52 PM","Muhammad Abid-T2D"
"Equipment Cabinet ","Yes","EQC","EQC","Yes","No","Unsure","CP",,"EF_75_30_35","Road signals and controls","Ss_75_30_35","Road signal and control systems","Pr_80_77_28","Equipment enclosures, cabinets, boxes and housings","EF_75_30_35Ss_75_30_35Pr_80_77_28",,"01.05 M&E","N/A",,"Point Asset","Point","Mazarei, Ashkan (DIT)",,,"3290","19/12/2025 8:46 AM","21/05/2026 5:01 PM","James McKinlay-T2D"
"Equipment Room Cooling Systems","Yes","CRC","CRC","Yes","No","Model","LV",,"EF_65_80","Air conditioning","Ss_65_80","Air conditioning systems","Pr_70_65_03","Air conditioning units","EF_65_80Ss_65_80Pr_70_65_03",,"01.05 M&E","01.05.01.03.02 Cable Ladders and Ducts (LV)",,"Point Asset","Point","James McKinlay-T2D",,,"2587","25/07/2025 3:11 PM","20/05/2026 5:35 PM","Gunagi, Pooja"
"ESIP (Emergency Services Information Panel)","Yes","ESC","ESC","Yes","No","Unsure","MC",,"EF_75_30_35","Road signals and controls","Ss_75_30_35","Road signal and control systems","Pr_75_50_18_41","Instrumetation, automation and control panels","EF_75_30_35Ss_75_30_35Pr_75_50_18_41",,"01.05 M&E","01.05.05.02.02 PMCS Hardware",,"Point Asset","Point","James McKinlay-T2D",,,"3174","16/09/2025 4:53 PM","20/05/2026 5:04 PM","Gunagi, Pooja"
"Essential Electrical Distribution Board","Yes","EDB","EDB","Yes","No","Model","LV",,"EF_70_30_45","Low-voltage electricity distribution","Ss_70_30_45_45","Low-voltage distribution systems","Pr_60_70_22_22","Distribution boards","EF_70_30_45Ss_70_30_45_45Pr_60_70_22_22",,"01.05 M&E","01.05.01.03.09 Essential Electrical Distribution Board",,"Point Asset","Point","James McKinlay-T2D",,,"2592","25/07/2025 3:11 PM","20/05/2026 5:35 PM","Gunagi, Pooja"
"Ethernet network switch","Yes","NWK","NWK","Yes","No","Model","TT",,"EF_75_10_21","Data distribution and telecommunications","Ss_75_10_21","Data distribution and telecommunications systems","Pr_70_75_20","Data communication products","EF_75_10_21Ss_75_10_21Pr_70_75_20",,"01.05 M&E","01.05.05.02.01 Data communications Network",,"Point Asset","Point","James McKinlay-T2D",,,"2965","25/07/2025 3:17 PM","20/05/2026 5:52 PM","Gunagi, Pooja"
"EWIS Panel","No","EWS","EWS","No","No","Model","FD",,"EF_75_50_28","Fire and smoke detection and alarms","Ss_75_50_28","Fire and smoke detection and alarm systems","Pr_75_80_30","Fire detection and alarm devices and control equipment","EF_75_50_28Ss_75_50_28Pr_75_80_30",,"01.05 M&E","01.05.02.01.11 EWIS ",,"Point Asset","Point","James McKinlay-T2D",,,"2687","25/07/2025 3:13 PM","20/05/2026 5:36 PM","Gunagi, Pooja"
"Exhaust Air Duct","No","DEA","DEA","No","No","Model","VA",,"EF_65_80","Air conditioning","Ss_65_80","Air conditioning systems","Pr_65_65_25","Ductwork and fittings","EF_65_80Ss_65_80Pr_65_65_25",,"01.04 Structures","01.04.04.02.04 HVAC & Exhaust Services",,"Point Asset","Line","James McKinlay-T2D",,,"2837","25/07/2025 3:15 PM","21/05/2026 3:42 PM","Muhammad Abid-T2D"
"Exhaust Air Fan","Yes","EAF","EAF","Yes","No","Model","TV",,"EF_65_40_94","Vehicular space ventilation","Ss_65_40_94","Vehicular space ventilation systems","Pr_65_67_29","Fans","EF_65_40_94Ss_65_40_94Pr_65_67_29",,"01.04 Structures","01.04.04.02.04 HVAC & Exhaust Services",,"Point Asset","Point","James McKinlay-T2D",,,"2838","25/07/2025 3:15 PM","21/05/2026 3:42 PM","Muhammad Abid-T2D"
"Exhaust Air Grille","No","EAG","EAG","No","No","Model","VA",,"EF_65_40_94","Vehicular space ventilation","Ss_65_40_94","Vehicular space ventilation systems","Pr_70_65_04","Air terminals and diffusers","EF_65_40_94Ss_65_40_94Pr_70_65_04",,"01.05 M&E","01.05.03.06.01 Ventilation Louvers",,"Point Asset","Point","James McKinlay-T2D",,,"2839","25/07/2025 3:15 PM","21/05/2026 3:42 PM","Muhammad Abid-T2D"
"Expressway Close Signal","Yes","EC","EC","Yes","No","Unsure","TT",,"EF_40_10","Signage","Ss_40_10_90_72","Road traffic signage systems","Pr_40_10_77_97","Warning signs","EF_40_10Ss_40_10_90_72Pr_40_10_77_97",,"01.05 M&E","01.05.02.01.15 Alarm Signalling Equipment",,"Point Asset","Point","James McKinlay-T2D",,,"2953","25/07/2025 3:17 PM","20/05/2026 5:04 PM","Gunagi, Pooja"
"Facial Wall Panels","Yes","WPN","WPN","No","No","Model","RS","141","EF_25_10","Walls","Ss_25_12_15","Concrete panel wall systems","Pr_20_93_71_17","Concrete panels","EF_25_10Ss_25_12_15Pr_20_93_71_17","2;3","01.04 Structures","01.04.03.06.03 Wall Panels",,"Point Asset","Line","Tay, Bryan","818",,"293","13/05/2025 5:19 PM","20/05/2026 5:57 PM","Gunagi, Pooja"
"Fan Coil Unit (Mechanical)","Yes","FCU","FCU","Yes","No","Model","ME",,"EF_75_70_52","Mechanical engineering services control and management","Ss_75_70_52","Mechanical engineering services control and management systems","Pr_70_65_03_29","Fan coil units","EF_75_70_52Ss_75_70_52Pr_70_65_03_29",,"01.05 M&E","01.04.04.02.04 HVAC & Exhaust Services",,"Point Asset","Point","James McKinlay-T2D",,,"2818","25/07/2025 3:15 PM","20/05/2026 5:36 PM","Gunagi, Pooja"
"Fan Condition Monitoring System","Yes","FCM","FCM","Yes","No","Unsure","TV",,"EF_65_40_94","Vehicular space ventilation","Ss_65_40_94_90","Tunnel ventilation systems","PR_75_80_50    ","Monitoring system control products","EF_65_40_94Ss_65_40_94_90PR_75_80_50    ",,"01.05 M&E","01.05.03.01.01 Jet Fans (JTF)",,"Point Asset","Point","James McKinlay-T2D",,,"3037","25/07/2025 3:19 PM","20/05/2026 5:04 PM","Gunagi, Pooja"
"Fan Condition Monitoring System Cabinet","Yes","FCC","FCC","Yes","No","Unsure","CN",,"EF_65_40_94","Vehicular space ventilation","Ss_65_40_94_90","Tunnel ventilation systems","PR_75_80_50    ","Monitoring system control products","EF_65_40_94Ss_65_40_94_90PR_75_80_50    ",,"01.05 M&E","01.05.05.02.02 PMCS Hardware",,"Point Asset",,"Mazarei, Ashkan (DIT)",,,"3692","29/05/2026 9:16 AM","29/05/2026 9:20 AM","Mazarei, Ashkan (DIT)"
"Fan Isolation Damper","Yes","FID","FID","Yes","No","Model","TV",,"EF_65_40_94","Vehicular space ventilation","Ss_65_40_94","Vehicular space ventilation systems","Pr_65_65_24","Duct dampers","EF_65_40_94Ss_65_40_94Pr_65_65_24",,"01.05 M&E","01.05.03.02.01 Motorised Relief Dampers",,"Point Asset","Point","James McKinlay-T2D",,,"2840","25/07/2025 3:15 PM","21/05/2026 3:47 PM","Muhammad Abid-T2D"
"Fan other (building ventilation)","Yes","FAN","FAN","Yes","No","Model","TV",,"EF_65_40_94","Vehicular space ventilation","Ss_65","Ventilation and air conditioning systems","Pr_65_67_29","Fans","EF_65_40_94Ss_65Pr_65_67_29",,"01.05 M&E","01.05.03.01.03 Fan other (building ventilation)",,"Point Asset","Point","James McKinlay-T2D",,,"2817","25/07/2025 3:14 PM","20/05/2026 5:36 PM","Gunagi, Pooja"
"Fascia panels Relief Pattern","No","N/A",,"No","No","N/A","DU",,"EF_25_10","Walls","Ss_25_12_15","Concrete panel wall systems","Pr_20_93_71_17","Concrete panels","EF_25_10Ss_25_12_15Pr_20_93_71_17",,"N/A","N/A",,,,"Tay, Bryan","966",,"447","14/05/2025 6:22 PM","20/05/2026 3:52 PM","Muhammad Abid-T2D"
"Fatality free day sign","No","FFS","FFS","No","No","Model","TT",,"EF_40_10","Signage","Ss_40_10_90_72","Road traffic signage systems","Pr_40_10_77","Signs and markers","EF_40_10Ss_40_10_90_72Pr_40_10_77",,"01.05 M&E","01.05.05.05.14 Changeable Message Signs",,"Point Asset","Point","James McKinlay-T2D",,,"2956","25/07/2025 3:17 PM","20/05/2026 5:37 PM","Gunagi, Pooja"
"Fence","No","N/A",,"N/A","No","N/A","AR","326","EF_25_55_28","Fences","Ss_25_14","Fence systems","Pr_20_93_96","Walling units","EF_25_55_28Ss_25_14Pr_20_93_96","3FC; 3SG","N/A","N/A",,,,"Bird, Cheyne",,,"550","18/06/2025 3:33 PM","20/05/2026 3:52 PM","Muhammad Abid-T2D"
"Fence BR","No","N/A",,"N/A","No","N/A","BR","121","EF_25_55_28","Fences","Ss_25_14","Fence systems","Pr_20_93_96","Walling units","EF_25_55_28Ss_25_14Pr_20_93_96",,"N/A","N/A",,,,"Bird, Cheyne",,,"3341","3/02/2026 12:02 PM","20/05/2026 3:53 PM","Muhammad Abid-T2D"
"Fence DU","No","N/A",,"N/A","No","N/A","DU","382","EF_25_55_28","Fences","Ss_25_14","Fence systems","Pr_20_93_96","Walling units","EF_25_55_28Ss_25_14Pr_20_93_96","3FC","N/A","N/A",,,,"Phelan, David",,,"3282","12/12/2025 4:20 PM","20/05/2026 3:53 PM","Muhammad Abid-T2D"
"Fences ","Yes","FGS","FGS","No","No","Model","FN","248","EF_25_55","Barriers","Ss_25_14","Fence systems","Pr_20_85_07_11","Carbon steel fencing and barrier rails","EF_25_55Ss_25_14Pr_20_85_07_11","2; 3","01.03 Roadside","01.03.02.01.01 Fence",,"Point Asset","Line","Tay, Bryan","736",,"210","13/05/2025 5:19 PM","20/05/2026 5:35 PM","Gunagi, Pooja"
"Fences_LA","No","N/A",,"N/A","No","N/A","LA","217","EF_25_55_28","Fences","Ss_25_14","Fence Systems","Pr_20_93_96","Walling units","EF_25_55_28Ss_25_14Pr_20_93_96","2CA","N/A","N/A",,,,"Bird, Cheyne",,,"3041","25/07/2025 5:01 PM","20/05/2026 3:52 PM","Muhammad Abid-T2D"
"FIBER BREAKOUT TRAY FOBOT","Yes","FOB","FOB","Yes","No","Unsure","WF",,"EF_75_10_21","Data distribution and telecommunications","Ss_75_10_21_21","Data distribution systems","Pr_70_75","Communications products","EF_75_10_21Ss_75_10_21_21Pr_70_75",,"01.05 M&E","01.05.05.02.01 Data communications Network",,"Point Asset",,"Mazarei, Ashkan (DIT)",,,"3516","13/04/2026 11:23 AM","20/05/2026 5:05 PM","Gunagi, Pooja"
"Fibre Optic Break Out Box - High Voltage SAS Network","No","HFB","HFB","No","No","Register","HV",,"EF_70_30_35","High-voltage electricity distribution","Ss_70_30_35_35","High-voltage distribution systems","Pr_65_70_15_62","Optical fibre splice boxes","EF_70_30_35Ss_70_30_35_35Pr_65_70_15_62",,"01.05 M&E","01.05.05.05.28 Fibre optic breakout termination box",,"Point Asset","Point","James McKinlay-T2D",,,"3104","27/08/2025 2:11 PM","20/05/2026 4:10 PM","Gunagi, Pooja"
"Fibre optic breakout termination box","No","FBT","FBT","No","No","Register","TT",,"EF_75_30_35","Road signals and controls","Ss_75_30_35","Road signal and control systems","Pr_65_70_15_63","Optical fibre cable terminations","EF_75_30_35Ss_75_30_35Pr_65_70_15_63",,"01.05 M&E","01.05.05.05.28 Fibre optic breakout termination box",,"Point Asset","Point","James McKinlay-T2D",,,"2955","25/07/2025 3:17 PM","20/05/2026 4:10 PM","Gunagi, Pooja"
"Fibre Optical Tray","Yes","FOQ","FOQ","Yes","No","Unsure","MP",,"EF_75_10_21","Data distribution and telecommunications","Ss_75_10_21_52","Mobile telecommunications systems","Pr_70_75_88","Telecoms equipment","EF_75_10_21Ss_75_10_21_52Pr_70_75_88",,"01.05 M&E","01.05.05.02.01 Data communications Network",,"Point Asset",,"Mazarei, Ashkan (DIT)",,,"3438","19/03/2026 10:26 AM","20/05/2026 5:05 PM","Gunagi, Pooja"
"FIBRE SPLICE JOINT","Yes","FSJ","FSJ","Yes","No","Unsure","CD",,"EF_75_30_35","Road signals and controls","Ss_75_30_35","Road signal and control systems","Pr_70_75_20","Data communication products","EF_75_30_35Ss_75_30_35Pr_70_75_20",,"01.05 M&E","01.05.05.02.01 Data communications Network",,"Point Asset",,"Mazarei, Ashkan (DIT)",,,"3750","8/07/2026 2:43 PM","8/07/2026 2:44 PM","Mazarei, Ashkan (DIT)"
"Field Access Switch","Yes","FAS","FAS","Yes","No","Unsure","MC",,"EF_75_30_35","Road signals and controls","Ss_75_30_35","Road signal and control systems","Pr_70_75_52_64","Power over ethernet (POE) network switches","EF_75_30_35Ss_75_30_35Pr_70_75_52_64",,"01.05 M&E","01.05.05.02.02 PMCS Hardware",,"Point Asset","Point","James McKinlay-T2D",,,"3157","16/09/2025 9:57 AM","20/05/2026 5:04 PM","Gunagi, Pooja"
"Field Junction Box","Yes","FJB","FJB","No","No","Model","FS",,"EF_70_30_45","Low-voltage electricity distribution","Ss_70_30_45_45","Low-voltage distribution systems","Pr_80_77_28_08","Cable junction boxes","EF_70_30_45Ss_70_30_45_45Pr_80_77_28_08",,"01.05 M&E","01.05.01.03.15 Junction Box (LV)",,"Point Asset","Point","Mazarei, Ashkan (DIT)",,,"3325","28/01/2026 3:09 PM","21/05/2026 3:47 PM","Muhammad Abid-T2D"
"Filter Press (WTP)","Yes","FPR","FPR","Yes","No","Model","HY",,"EF_55_15","Water extraction and treatment","Ss_55_15","Water extraction, treatment and storage systems","Pr_65_57_95","Water feature filters and strainers","EF_55_15Ss_55_15Pr_65_57_95",,"01.05 M&E","01.05.04.10.01 Water Treatment Plant",,"Point Asset","Point","James McKinlay-T2D",,,"2911","25/07/2025 3:16 PM","20/05/2026 5:36 PM","Gunagi, Pooja"
"Fire Blanket","Yes","FBL","FBL","Yes","No","Model","FS",,"EF_55_30","Fire-extinguishing supply","Ss_55_30_65_30","Fire blanket systems","Pr_40_50_28_29","Fire protective blankets","EF_55_30Ss_55_30_65_30Pr_40_50_28_29",,"01.05 M&E","01.05.02.05.01 Fire Blanket",,"Point Asset","Point","James McKinlay-T2D",,,"2689","25/07/2025 3:13 PM","20/05/2026 5:36 PM","Gunagi, Pooja"
"Fire Brigade Booster Cabinet","Yes","FBC","FBC","Yes","No","Model","FS",,"EF_55_30_96","Water firefighting supply","Ss_55_30_96_30","Fire hydrant systems","Pr_80_77_28_46","Fire hydrant surface boxes","EF_55_30_96Ss_55_30_96_30Pr_80_77_28_46",,"01.05 M&E","01.05.02.10.03 Fire Brigade Booster Cabinet",,"Point Asset","Point","James McKinlay-T2D",,,"2688","25/07/2025 3:13 PM","20/05/2026 5:36 PM","Gunagi, Pooja"
"Fire Control Systems Server","Yes","FCS","FCS","Yes","No","Unsure","FD",,"EF_75_50_28","Fire and smoke detection and alarms","Ss_75_50_28","Fire and smoke detection and alarm systems","Pr_75_80_30","Fire detection and alarm devices and control equipment","EF_75_50_28Ss_75_50_28Pr_75_80_30",,"01.05 M&E","01.05.05.05.30 Servers",,"Point Asset","Point","James McKinlay-T2D",,,"2735","25/07/2025 3:13 PM","20/05/2026 5:03 PM","Gunagi, Pooja"
"Fire Door (All type)","Yes","PRD","PRD","Yes","No","Model","AR","332","EF_25_30_25","Doors","Ss_25_60_30","Fire-stopping systems","Pr_30_59_24","Doorsets","EF_25_30_25Ss_25_60_30Pr_30_59_24","3FC; 3SF; 3SG; 2FC","01.05 M&E","01.05.02.08.02 Plant Room Doors",,"Point Asset","Point","Tay, Bryan","829",,"304","13/05/2025 5:19 PM","20/05/2026 5:51 PM","Gunagi, Pooja"
"Fire Emergency Telephone System","Yes","WIP","WIP","Yes","No","Model","TT",,"EF_75_10_72","Emergency communications","Ss_75_10_72_72","Road emergency communication systems","Pr_70_75_88_27","Emergency roadside telephones","EF_75_10_72Ss_75_10_72_72Pr_70_75_88_27",,"01.05 M&E","01.05.05.04.07 Fire Emergency Telephone System",,"Point Asset","Point","James McKinlay-T2D",,,"3010","25/07/2025 3:19 PM","20/05/2026 5:58 PM","Gunagi, Pooja"
"Fire Extinguisher Sign","Yes","FES","FES","Yes","No","Unsure","FS",,"EF_55_30","Fire-extinguishing supply","Ss_55_30","Fire-extinguishing systems","Pr_40_10_77_31","Fire equipment signs","EF_55_30Ss_55_30Pr_40_10_77_31",,"01.05 M&E","01.05.02.06.01 Portable Fire Extinguishers",,"Point Asset",,"Mazarei, Ashkan (DIT)",,,"3751","10/07/2026 8:51 AM","10/07/2026 8:55 AM","Mazarei, Ashkan (DIT)"
"Fire Hose Reels","Yes","HRL","HRL","Yes","No","Model","FE",,"EF_55_30_96","Water firefighting supply","Ss_55_30_96","Water firefighting systems","Pr_65_52_38_30","Fire hose reels","EF_55_30_96Ss_55_30_96Pr_65_52_38_30",,"01.05 M&E","01.05.02.03.01 Fire Hose Reels",,"Point Asset","Point","James McKinlay-T2D",,,"2704","25/07/2025 3:13 PM","20/05/2026 5:45 PM","Gunagi, Pooja"
"Fire Hydrant Booster","Yes","FHB","FHB","Yes","No","Model","FD",,"EF_55_30_96","Water firefighting supply","Ss_55_30_96_30","Fire hydrant systems","Pr_65_53_86_66","Pressure booster pumps","EF_55_30_96Ss_55_30_96_30Pr_65_53_86_66",,"01.05 M&E","01.05.02.10.01 Fire Hydrant Booster ",,"Point Asset","Point","James McKinlay-T2D",,,"2692","25/07/2025 3:13 PM","20/05/2026 5:36 PM","Gunagi, Pooja"
"Fire Hydrant Cabinet","No","FHC","FHC","No","No","Model","FS",,"EF_55_30_96","Water firefighting supply","Ss_55_30_96_30","Fire hydrant systems","Pr_80_77_28_46","Fire hydrant surface boxes","EF_55_30_96Ss_55_30_96_30Pr_80_77_28_46",,"01.05 M&E","01.05.02.10.03 Fire Brigade Booster Cabinet",,"Point Asset","Point","James McKinlay-T2D",,,"2736","25/07/2025 3:13 PM","21/05/2026 3:47 PM","Muhammad Abid-T2D"
"Fire Hydrants","Yes","FHY","FHY","Yes","No","Model","FD",,"EF_55_30_96","Water firefighting supply","Ss_55_30_96_30","Fire hydrant systems","Pr_70_55_97_01","Above-ground fire hydrants","EF_55_30_96Ss_55_30_96_30Pr_70_55_97_01",,"01.05 M&E","01.05.02.02.01 Fire Hydrants",,"Point Asset","Point","James McKinlay-T2D",,,"2693","25/07/2025 3:13 PM","20/05/2026 5:36 PM","Gunagi, Pooja"
"Fire pressure pump (non Deluge)","No","PU","PU","No","No","Model","FS",,"EF_55_30_96","Water firefighting supply","Ss_55_30_96_30","Fire hydrant systems","Pr_65_53_86","Supply and exhaust pumps","EF_55_30_96Ss_55_30_96_30Pr_65_53_86",,"01.05 M&E","01.05.02.10.02 Fire Pressure Maintenance( Jacking) Pump",,"Point Asset","Point","James McKinlay-T2D",,,"2717","25/07/2025 3:13 PM","20/05/2026 5:52 PM","Gunagi, Pooja"
"Fire Service Pipe","No","FPP","FPP","No","No","Model","FS",,"EF_55_30","Fire-extinguishing supply","Ss_55_30","Fire-extinguishing systems","Pr_65_52_63_82","Steel pipes","EF_55_30Ss_55_30Pr_65_52_63_82",,"01.05 M&E","01.05.04.06.02 Rising Main Pipe",,"Point Asset","Line","James McKinlay-T2D",,,"2737","25/07/2025 3:13 PM","20/05/2026 5:36 PM","Gunagi, Pooja"
"Fire Suppression Control panel","Yes","FPS","FPS","Yes","No","Model","FS",,"EF_75_50_28","Fire and smoke detection and alarms","Ss_75_50_28_29","Fire detection and alarm systems","Pr_75_50_18_31","Fire-suppression system indicator panels","EF_75_50_28Ss_75_50_28_29Pr_75_50_18_31",,"01.05 M&E","01.05.02.01.12 Fire Panel",,"Point Asset","Point","James McKinlay-T2D",,,"2697","25/07/2025 3:13 PM","20/05/2026 5:36 PM","Gunagi, Pooja"
"Firewall","Yes","FWL","FWL","Yes","No","Model","TT",,"EF_75_30_35","Road signals and controls","Ss_75_30_35","Road signal and control systems","Pr_75_50_18_41","Instrumetation, automation and control panels","EF_75_30_35Ss_75_30_35Pr_75_50_18_41",,"01.05 M&E","01.05.05.05.29 Firewall",,"Point Asset","Point","James McKinlay-T2D",,,"2958","25/07/2025 3:17 PM","20/05/2026 5:37 PM","Gunagi, Pooja"
"Fittings - Hangers","No","N/A",,"N/A","No","N/A","AR","336","EF_40_20","Fittings","Ss_40_15","General fittings, furnishings and equipment (FF&E) systems","Pr_40_30_78","Shelves, hangers and racks","EF_40_20Ss_40_15Pr_40_30_78","3FC","N/A","N/A",,,,"Bird, Cheyne",,,"556","18/06/2025 3:51 PM","20/05/2026 3:52 PM","Muhammad Abid-T2D"
"Fittings - Hangers BR","No","N/A",,"N/A","No","N/A","BR","120","EF_40_20","Fittings","Ss_40_15","General fittings, furnishings and equipment (FF&E) systems","Pr_40_30_78","Shelves, hangers and racks","EF_40_20Ss_40_15Pr_40_30_78","3FC","N/A","N/A",,,,"Bird, Cheyne",,,"3091","14/08/2025 11:29 AM","20/05/2026 3:53 PM","Muhammad Abid-T2D"
"Fittings - Hangers MS","No","N/A",,"N/A","No","N/A","MS","142","EF_40_20","Fittings","Ss_40_15","General fittings, furnishings and equipment (FF&E) systems","Pr_40_30_78","Shelves, hangers and racks","EF_40_20Ss_40_15Pr_40_30_78","
2; 2B; 3SP; 3FC","N/A","N/A",,,,"Bird, Cheyne",,,"3650","15/05/2026 4:22 PM","21/05/2026 10:29 AM","Long, Mike"
"Fittings - Lockers","No","N/A",,"N/A","No","N/A","AR","336","EF_40_20","Fittings","Ss_40_15","General fittings, furnishings and equipment (FF&E) systems","Pr_40_30_87","Storage units and cupboards","EF_40_20Ss_40_15Pr_40_30_87","3FC","N/A","N/A",,,,"Bird, Cheyne",,,"555","18/06/2025 3:50 PM","20/05/2026 3:52 PM","Muhammad Abid-T2D"
"Fittings - Mirrors","No","N/A",,"N/A","No","N/A","AR","336","EF_40_20","Fittings","Ss_40_15","General fittings, furnishings and equipment (FF&E) systems","Pr_40_30_53","Mirrors","EF_40_20Ss_40_15Pr_40_30_53","3FC","N/A","N/A",,,,"Bird, Cheyne",,,"557","18/06/2025 3:51 PM","20/05/2026 3:52 PM","Muhammad Abid-T2D"
"Fittings - Safety Mirrors BR","Unsure","N/A",,,"No","N/A","BR","121","EF_40_20","Fittings","Ss_40_15","General fittings, furnishings and equipment (FF&E) systems","Pr_40_30_53","Mirrors","EF_40_20Ss_40_15Pr_40_30_53",,"N/A","N/A",,,,"Dela Cruz, Cyrel",,,"3571","17/04/2026 2:01 PM","20/05/2026 3:53 PM","Muhammad Abid-T2D"
"Fittings - Safety Mirrors DU","No","N/A",,"No","No","N/A","DU","381","EF_40_20","Fittings","Ss_40_15","General fittings, furnishings and equipment (FF&E) systems","Pr_40_30_53","Mirrors","EF_40_20Ss_40_15Pr_40_30_53",,"N/A","N/A",,,,"Dela Cruz, Cyrel",,,"3252","21/11/2025 1:29 PM","20/05/2026 3:53 PM","Muhammad Abid-T2D"
"Fixed Surveillance Camera c/w enclosure","Yes","CAM","CAM","Yes","No","Model","TT",,"EF_75_40_53","Monitoring","Ss_75_40_53_86","Surveillance CCTV systems","Pr_60_75_86_30","Fixed cameras","EF_75_40_53Ss_75_40_53_86Pr_60_75_86_30",,"01.05 M&E","01.05.05.01.02 CCTV Camera (fixed)",,"Point Asset","Point","James McKinlay-T2D",,,"2957","25/07/2025 3:17 PM","20/05/2026 5:37 PM","Gunagi, Pooja"
"Fixings","No","N/A",,"N/A","No","N/A","BR","121","EF_20_10","Superstructure","Ss_20_10","Structural frame systems","Pr_20_76_51","Metal sections","EF_20_10Ss_20_10Pr_20_76_51",,"N/A","N/A",,,,"Dela Cruz, Cyrel",,,"3089","14/08/2025 9:24 AM","20/05/2026 3:53 PM","Muhammad Abid-T2D"
"Flexible Pipe Connector","No","FPC","FPC","No","No","Unsure","FS",,"EF_55_30","Fire-extinguishing supply","Ss_55_30","Fire-extinguishing systems","Pr_65_52_62_62","Pipeline connectors","EF_55_30Ss_55_30Pr_65_52_62_62",,"01.05 M&E","01.04.01.01.08 Expansion Joint",,"Point Asset","Point","James McKinlay-T2D",,,"2738","25/07/2025 3:13 PM","20/05/2026 5:03 PM","Gunagi, Pooja"
"Float Switch","Yes","FSW","FSW","Yes","No","Model","HY",,"EF_55_70","Water supply","Ss_55_70","Water distribution and supply systems","Pr_75_50_46_30","Float switches","EF_55_70Ss_55_70Pr_75_50_46_30",,"01.05 M&E","01.05.04.05.02 Sensors",,"Point Asset","Point","James McKinlay-T2D",,,"2912","25/07/2025 3:16 PM","21/05/2026 3:47 PM","Muhammad Abid-T2D"
"Float Switch (HV)","Yes","FSW","FSW","Yes","No","Model","HV",,"EF_70_30_35","High-voltage electricity distribution","Ss_70_30_35_35","High-voltage distribution systems","Pr_75_50_46_30","Float switches","EF_70_30_35Ss_70_30_35_35Pr_75_50_46_30",,"01.05 M&E","01.05.04.05.02 Sensors",,"Point Asset","Point","Mazarei, Ashkan (DIT)",,,"3508","10/04/2026 10:15 AM","21/05/2026 3:47 PM","Muhammad Abid-T2D"
"Flood Barrier","No","N/A",,"N/A","No","N/A","RS","141","EF_25_55","Barriers","Ss_25_36_30","Flood and storm surge barrier systems","Pr_20_85_28_30","Flood barriers","EF_25_55Ss_25_36_30Pr_20_85_28_30","2; 3","N/A","N/A",,,,"Tay, Bryan","816",,"291","13/05/2025 5:19 PM","20/05/2026 3:52 PM","Muhammad Abid-T2D"
"Floor finishes","No","N/A",,"N/A","No","N/A","AR","327","EF_30_20","Floors","Ss_30_42","Floor covering and finishing systems","Pr_35_93_96","Wall and floor tile units","EF_30_20Ss_30_42Pr_35_93_96","3FC","N/A","N/A",,,,"Tay, Bryan","823",,"298","13/05/2025 5:19 PM","20/05/2026 3:52 PM","Muhammad Abid-T2D"
"Floor finishes DU","No","N/A",,"N/A","No","N/A","DU","387","EF_30_20","Floors","Ss_30_42","Floor covering and finishing systems","Pr_35_93_96","Wall and floor tile units","EF_30_20Ss_30_42Pr_35_93_96",,"N/A","N/A",,,,"Bird, Cheyne",,,"3075","11/08/2025 5:12 PM","20/05/2026 3:53 PM","Muhammad Abid-T2D"
"Floor Wastes","No","N/A",,"N/A","No","N/A","AR","338","EF_50_30","Above-ground drainage collection","Ss_50_30","Above-ground wastewater drainage systems","Pr_65_52_25","Drainage traps, separators and accessories","EF_50_30Ss_50_30Pr_65_52_25","3FC","N/A","N/A",,,,"Bird, Cheyne",,,"558","18/06/2025 3:51 PM","20/05/2026 3:52 PM","Muhammad Abid-T2D"
"Flow Control Valve","Yes","FCV","FCV","Yes","No","Model","FS",,"EF_55_30_98","Water fire suppression supply","Ss_55_30_98","Water fire suppression systems","Pr_65_54_30_96","Fire suppression control valve sets","EF_55_30_98Ss_55_30_98Pr_65_54_30_96",,"01.05 M&E","01.05.04.05.01 Valves & Actuators",,"Point Asset",,"Mazarei, Ashkan (DIT)",,,"3349","9/02/2026 12:33 PM","21/05/2026 3:47 PM","Muhammad Abid-T2D"
"Flow Indicating Transmitter","Yes","FIT","FIT","Yes","No","Model","HY",,"EF_55_70","Water supply","Ss_55_70","Water distribution and supply systems","Pr_80_51_46","Flowmeters","EF_55_70Ss_55_70Pr_80_51_46",,"01.05 M&E","01.05.04.10.06 Flow Indicating Transmitter",,"Point Asset","Point","James McKinlay-T2D",,,"2875","25/07/2025 3:15 PM","20/05/2026 5:36 PM","Gunagi, Pooja"
"Flow Indicator","No","FIV","FIV","No","No","Unsure","HY",,"EF_55_30","Fire-extinguishing supply","Ss_55_30","Fire-extinguishing systems","Pr_70_75_94","Visual and audible indicators","EF_55_30Ss_55_30Pr_70_75_94",,"01.05 M&E","01.05.04.10.06 Flow Indicating Transmitter",,"Point Asset","Point","James McKinlay-T2D",,,"2739","25/07/2025 3:14 PM","20/05/2026 5:03 PM","Gunagi, Pooja"
"Flow Meter","Yes","FMV","FMV","Yes","No","Model","FS",,"EF_55_30","Fire-extinguishing supply","Ss_55_30","Fire-extinguishing systems","Pr_80_51_46","Flowmeters","EF_55_30Ss_55_30Pr_80_51_46",,"01.05 M&E","01.05.04.10.06 Flow Indicating Transmitter",,"Point Asset","Point","James McKinlay-T2D",,,"2740","25/07/2025 3:14 PM","20/05/2026 5:36 PM","Gunagi, Pooja"
"Flow Switch","Yes","FLS","FLS","Yes","No","Unsure","HY",,"EF_55_70","Water supply","Ss_55_70","Water distribution and supply systems","Pr_65_54_95_30","Flow-measuring valves","EF_55_70Ss_55_70Pr_65_54_95_30",,"01.05 M&E","01.05.04.05.02 Sensors",,"Point Asset","Point","James McKinlay-T2D",,,"2913","25/07/2025 3:16 PM","20/05/2026 5:04 PM","Gunagi, Pooja"
"Flow Transducer","Yes","FTV","FTV","Yes","No","Unsure","FS",,"EF_55_30","Fire-extinguishing supply","Ss_55_30","Fire-extinguishing systems","Pr_80_51_46","Flowmeters","EF_55_30Ss_55_30Pr_80_51_46",,"01.05 M&E","01.05.04.10.06 Flow Indicating Transmitter",,"Point Asset","Point","James McKinlay-T2D",,,"2741","25/07/2025 3:14 PM","20/05/2026 5:04 PM","Gunagi, Pooja"
"FM DAB POWER AMPLIFIER","Yes","MPA","MPA","Yes","No","Unsure","RR",,"EF_75_10_21","Data distribution and telecommunications","Ss_75_10_21_21","Data distribution systems","Pr_70_75_69","Radio communications products","EF_75_10_21Ss_75_10_21_21Pr_70_75_69",,"01.05 M&E","01.05.05.02.01 Data communications Network",,"Point Asset",,"Mazarei, Ashkan (DIT)",,,"3370","17/02/2026 8:48 AM","20/05/2026 5:12 PM","Gunagi, Pooja"
"FM DAB UHF HEADEND","Yes","FHE","FHE","Yes","No","Unsure","RR",,"EF_75_10_21","Data distribution and telecommunications","Ss_75_10_21_21","Data distribution systems","Pr_70_75_69","Radio communications products","EF_75_10_21Ss_75_10_21_21Pr_70_75_69",,"01.05 M&E","01.05.05.02.01 Data communications Network",,"Point Asset",,"Mazarei, Ashkan (DIT)",,,"3358","17/02/2026 8:47 AM","20/05/2026 5:05 PM","Gunagi, Pooja"
"Foam Concentrate Tank","No","FCT","FCT","No","No","Model","FS",,"EF_55_30_30","Foam fire-extinguishing supply","Ss_55_30_30_31","Foam fire-extinguishing systems","Pr_60_50_67_31","Foam firefighting tanks","EF_55_30_30Ss_55_30_30_31Pr_60_50_67_31",,"01.05 M&E","01.05.02.04.01 Foam System",,"Point Asset","Point","James McKinlay-T2D",,,"2742","25/07/2025 3:14 PM","21/05/2026 3:47 PM","Muhammad Abid-T2D"
"Foam Discharge Pourer","No","FDP","FDP","No","No","Unsure","FS",,"EF_55_30_30","Foam fire-extinguishing supply","Ss_55_30_30_31","Foam fire-extinguishing systems","Pr_70_55_62_27","Foam chambers","EF_55_30_30Ss_55_30_30_31Pr_70_55_62_27",,"01.05 M&E","01.05.02.04.01 Foam System",,"Point Asset","Point","James McKinlay-T2D",,,"2743","25/07/2025 3:14 PM","20/05/2026 5:04 PM","Gunagi, Pooja"
"Foam Suppression Control Panel","Yes","FCP","FCP","Yes","No","Model","FS",,"EF_55_30_30","Foam fire-extinguishing supply","Ss_55_30_30_31","Foam fire-extinguishing systems","Pr_75_50_18_31","Fire-suppression system indicator panels","EF_55_30_30Ss_55_30_30_31Pr_75_50_18_31",,"01.05 M&E","01.05.02.04.01 Foam System",,"Point Asset","Point","James McKinlay-T2D",,,"2744","25/07/2025 3:14 PM","21/05/2026 3:47 PM","Muhammad Abid-T2D"
"Foam System","Yes","FOM","FOM","Yes","No","Model","FE",,"EF_55_30_30","Foam fire-extinguishing supply","Ss_55_30_30_31","Foam fire-extinguishing systems","Pr_40_50_28_30","Foam fire extinguishers","EF_55_30_30Ss_55_30_30_31Pr_40_50_28_30",,"01.05 M&E","01.05.02.04.01 Foam System",,"Point Asset","Point","James McKinlay-T2D",,,"2696","25/07/2025 3:13 PM","20/05/2026 5:36 PM","Gunagi, Pooja"
"Foam System Piping","No","FSP","FSP","No","No","Model","FS",,"EF_55_30_30","Foam fire-extinguishing supply","Ss_55_30_30_31","Foam fire-extinguishing systems","Pr_65_52_63_82","Steel pipes","EF_55_30_30Ss_55_30_30_31Pr_65_52_63_82",,"01.05 M&E","01.05.02.04.01 Foam System",,"Point Asset",,"James McKinlay-T2D",,,"2745","25/07/2025 3:14 PM","21/05/2026 3:47 PM","Muhammad Abid-T2D"
"Footpath","Yes","SHA","SHA","No","No","Model","PV","230","EF_30_60_60","Pedestrian pavements","Ss_30_14_65","Paving structure systems","Pr_35_31_05","Asphalt, bitumen and resin mixtures","EF_30_60_60Ss_30_14_65Pr_35_31_05","1","01.03 Roadside","01.01.01.01.01 Asphalt Sealed Pavements (Flexible sub-base)",,"Point Asset","Line","Tay, Bryan","691",,"164","13/05/2025 5:19 PM","20/05/2026 5:51 PM","Gunagi, Pooja"
"Footpath (BR)","Yes","SHA","SHA","No","No","Model","BR","121","EF_30_60_60","Pedestrian pavements","Ss_30_14_65","Paving structure systems","Pr_35_31_05","Asphalt, bitumen and resin mixtures","EF_30_60_60Ss_30_14_65Pr_35_31_05","3BAP; 3BDE; 3BAB; 3BSP; 3BPI","01.03 Roadside","01.01.01.01.01 Asphalt Sealed Pavements (Flexible sub-base)",,"Point Asset","Line","Bird, Cheyne",,,"3328","29/01/2026 10:43 AM","20/05/2026 5:53 PM","Gunagi, Pooja"
"Foundation","No","N/A",,"N/A","No","N/A","MS","142","EF_20_05_30","Foundations","Ss_20_05_15","Concrete foundation systems","Pr_20_85_13","Concrete base and foundation products","EF_20_05_30Ss_20_05_15Pr_20_85_13","2; 3","N/A","N/A",,,,"Long, Mike",,,"3053","4/08/2025 11:53 AM","20/05/2026 3:52 PM","Muhammad Abid-T2D"
"Foundation Pad","No","N/A",,"N/A","No","N/A","RS","140","EF_20_05_30","Foundations","Ss_20_05_15","Concrete foundation systems","Pr_20_85_13_30","Concrete floating slab foundations","EF_20_05_30Ss_20_05_15Pr_20_85_13_30","2; 3","N/A","N/A",,,,"Tay, Bryan","619",,"92","13/05/2025 5:18 PM","20/05/2026 2:34 PM","Bird, Cheyne"
"Foundation Pad (FN)","No","N/A",,"N/A","No","N/A","FN","248","EF_20_05_30","Foundations","Ss_20_05_15","Concrete foundation systems","Pr_20_85_13_30","Concrete floating slab foundations","EF_20_05_30Ss_20_05_15Pr_20_85_13_30","2; 3","N/A","N/A",,,,"Bird, Cheyne",,,"3593","28/04/2026 10:07 AM","20/05/2026 3:53 PM","Muhammad Abid-T2D"
"Foundation Pad CC","No","N/A",,"N/A","No","N/A","CC","101","EF_20_05_30","Foundations","Ss_20_05_15","Concrete foundation systems","Pr_20_85_13_30","Concrete floating slab foundations","EF_20_05_30Ss_20_05_15Pr_20_85_13_30",,"N/A","N/A",,,,"Dela Cruz, Cyrel",,,"3619","8/05/2026 11:18 AM","20/05/2026 3:53 PM","Muhammad Abid-T2D"
"FOX RECEIVER","Yes","FOX","FOX","Yes","No","Unsure","WF",,"EF_75_10_21","Data distribution and telecommunications","Ss_75_10_21_21","Data distribution systems","Pr_70_75_20","Data communication products","EF_75_10_21Ss_75_10_21_21Pr_70_75_20",,"01.05 M&E","01.05.05.02.01 Data communications Network",,"Point Asset",,"Mazarei, Ashkan (DIT)",,,"3639","15/05/2026 2:24 PM","20/05/2026 5:05 PM","Gunagi, Pooja"
"Furniture","No","N/A",,"N/A","No","N/A","AR","336","EF_40_30","Furnishings","Ss_40_15","General fittings, furnishings and equipment (FF&E) systems","Pr_40_50","Furnishings","EF_40_30Ss_40_15Pr_40_50","3FC","N/A","N/A",,,,"Tay, Bryan","833",,"308","13/05/2025 5:19 PM","20/05/2026 3:52 PM","Muhammad Abid-T2D"
"Furniture BR","Yes","OFU","OFU","No","No","Model","BR","121","EF_40_30","Furnishings","Ss_40_15","General fittings, furnishings and equipment (FF&E) systems","Pr_40_50","Furnishings","EF_40_30Ss_40_15Pr_40_50","3BAP; 3BDE; 3BAB; 3BSP; 3BPI","01.03 Roadside","01.03.01.01.02 Vegetation and Landscape",,"Point Asset","Point","Dela Cruz, Cyrel",,,"3234","12/11/2025 4:08 PM","20/05/2026 5:52 PM","Gunagi, Pooja"
"Furniture DU","Yes","OFU","OFU","No","No","Model","DU","381","EF_40_30","Furnishings","Ss_40_15","General fittings, furnishings and equipment (FF&E) systems","Pr_40_50","Furnishings","EF_40_30Ss_40_15Pr_40_50","2CA; 3BAP; 3BDE; 2P","01.03 Roadside","01.03.01.01.02 Vegetation and Landscape",,"Point Asset","Point","Bird, Cheyne",,,"3073","11/08/2025 5:11 PM","30/06/2026 9:58 AM","Carson, Morgan"
"Fuse (LV)","No","FUS","FUS","No","No","Model","LV",,"EF_70_30_45","Low-voltage electricity distribution","Ss_70_30_25","Electrical protection systems","Pr_65_72_27_47","Low-voltage fuses","EF_70_30_45Ss_70_30_25Pr_65_72_27_47",,"01.05 M&E","01.05.01.03.10 Fuse (LV)",,"Point Asset","Point","James McKinlay-T2D",,,"2596","25/07/2025 3:11 PM","20/05/2026 5:35 PM","Gunagi, Pooja"
"Fusible Link Fire Damper","Yes","FLD","FLD","Yes","No","Model","VA",,"EF_65","Ventilation and air conditioning functions","Ss_65","Ventilation and air conditioning systems","Pr_65_65_24_30","Fire dampers","EF_65Ss_65Pr_65_65_24_30",,"01.05 M&E","01.05.03.02.01 Motorised Relief Dampers",,"Point Asset","Point","James McKinlay-T2D",,,"2841","25/07/2025 3:15 PM","21/05/2026 3:47 PM","Muhammad Abid-T2D"
"Gantry","Yes","GTY","GTY","Yes","No","Model","MS","143","EF_37_17_35","Gantries","Ss_37_17_35","Gantry systems","Pr_40_70_75_33","Gantries","EF_37_17_35Ss_37_17_35Pr_40_70_75_33","2; 1; 3","01.04 Structures","01.04.04.01.03 Gantry Structure",,"Point Asset","Point","Bird, Cheyne","996",,"486","22/05/2025 2:54 PM","20/05/2026 5:45 PM","Gunagi, Pooja"
"Gantry Interface Connection","Yes","GIC","GIC","Yes","No","Unsure","MC",,"EF_75_30_35","Road signals and controls","Ss_75_30_35","Road signal and control systems","Pr_75_50_20_14","Communications interface modules","EF_75_30_35Ss_75_30_35Pr_75_50_20_14",,"01.05 M&E","01.05.05.02.02 PMCS Hardware",,"Point Asset",,"Mazarei, Ashkan (DIT)",,,"3493","8/04/2026 12:24 PM","20/05/2026 5:05 PM","Gunagi, Pooja"
"Garden Bed","No","N/A",,"N/A","No","N/A","LA","217","EF_45_90","Tree, shrub and herbaceous plant elements","Ss_45_35","Ground-based flora systems","Pr_45_31_89_42","Imported topsoils","EF_45_90Ss_45_35Pr_45_31_89_42","2CA","N/A","N/A",,,,"Tay, Bryan","662",,"135","13/05/2025 5:18 PM","20/05/2026 2:35 PM","Bird, Cheyne"
"Gas Detection Control Unit","Yes","GDU","GDU","Yes","No","Model","FD",,"EF_75_50_33","Gas detection and alarms","Ss_75_50_33_30","Fixed gas detection and alarm systems","Pr_75_50_18_33","Gas detection control panels","EF_75_50_33Ss_75_50_33_30Pr_75_50_18_33",,"01.05 M&E","01.05.02.07.01 Suppressant gas release controller",,"Point Asset","Point","James McKinlay-T2D",,,"2746","25/07/2025 3:14 PM","21/05/2026 3:47 PM","Muhammad Abid-T2D"
"Gas Discharge Nozzle","Yes","GDN","GDN","Yes","No","Model","FS",,"EF_55_30_35","Gaseous fire-extinguishing supply","Ss_55_30_35","Gaseous fire-extinguishing systems","Pr_70_55_33_36","Halocarbons and inert gas fire-extinguishing nozzles","EF_55_30_35Ss_55_30_35Pr_70_55_33_36",,"01.05 M&E","01.05.02.07.04 Suppressant gas system manifold",,"Point Asset","Point","James McKinlay-T2D",,,"2747","25/07/2025 3:14 PM","21/05/2026 3:47 PM","Muhammad Abid-T2D"
"Gas Purge Fan","Yes","GPF","GPF","Yes","No","Model","TV",,"EF_65_40_94","Vehicular space ventilation","Ss_65_40_94","Vehicular space ventilation systems","Pr_65_67_29","Fans","EF_65_40_94Ss_65_40_94Pr_65_67_29",,"01.05 M&E","01.05.03.01.033 Fan other (building ventilation)",,"Point Asset","Point","James McKinlay-T2D",,,"2842","25/07/2025 3:15 PM","21/05/2026 3:47 PM","Muhammad Abid-T2D"
"Gas System Piping","No","GSP","GSP","No","No","Model","FD",,"EF_55_30_35","Gaseous fire-extinguishing supply","Ss_55_30_35","Gaseous fire-extinguishing systems","Pr_65_52_63_82","Steel pipes","EF_55_30_35Ss_55_30_35Pr_65_52_63_82",,"01.05 M&E","01.05.02.07.04 Suppressant gas system manifold",,"Point Asset","Line","James McKinlay-T2D",,,"2748","25/07/2025 3:14 PM","20/05/2026 5:45 PM","Gunagi, Pooja"
"Gates","Yes","GAT","GAT","No","No","Model","FN","248","EF_25_55","Barriers","Ss_25_32_35","Gate systems","Pr_30_59_34","Gates and turnstiles","EF_25_55Ss_25_32_35Pr_30_59_34","2; 3","01.03 Roadside","01.03.02.02.01 Gates",,"Point Asset","Point","Tay, Bryan","735",,"209","13/05/2025 5:19 PM","20/05/2026 5:35 PM","Gunagi, Pooja"
"Gates (AR)","Yes","GAT","GAT","Yes","No","Model","AR","332","EF_25_55","Barriers","Ss_25_32_35","Gate systems","Pr_30_59_34","Gates and turnstiles","EF_25_55Ss_25_32_35Pr_30_59_34","2; 3; 2FC; 3FC","01.03 Roadside","01.03.02.02.01 Gates",,"Point Asset","Point","Bird, Cheyne",,,"3335","30/01/2026 3:46 PM","20/05/2026 5:37 PM","Gunagi, Pooja"
"Gates DU","Yes","GAT","GAT","No","No","Model","DU","381","EF_25_55","Barriers","Ss_25_32_35","Gate systems","Pr_30_59_34","Gates and turnstiles","EF_25_55Ss_25_32_35Pr_30_59_34","2; 2CA; 2P; 2B","01.03 Roadside","01.03.02.02.01 Gates",,"Point Asset","Point","Dela Cruz, Cyrel",,,"3253","23/11/2025 9:26 AM","7/07/2026 3:56 PM","Carson, Morgan"
"Gearbox Level Switch","Yes","GLS","GLS","Yes","No","Unsure","TV",,"EF_65_40_94","Vehicular space ventilation","Ss_65_40_94_90","Tunnel ventilation systems","Pr_75_50_46","Liquid level controllers and switches","EF_65_40_94Ss_65_40_94_90Pr_75_50_46",,"01.05 M&E","01.05.04.05.02 Sensors",,"Point Asset",,"Mazarei, Ashkan (DIT)",,,"3586","22/04/2026 3:12 PM","20/05/2026 5:05 PM","Gunagi, Pooja"
"General - High Voltage Transformer","Yes","TRX","TRX","Yes","No","Model","HV",,"EF_70_30_35","High-voltage electricity distribution","Ss_70_30_35_35","High-voltage distribution systems","Pr_60_70_36","High-voltage switchgear and transformers","EF_70_30_35Ss_70_30_35_35Pr_60_70_36",,"01.05 M&E","01.05.01.02.01 General - High Voltage Transformer",,"Point Asset","Point","James McKinlay-T2D",,,"2625","25/07/2025 3:11 PM","20/05/2026 5:58 PM","Gunagi, Pooja"
"General - Low Voltage Transformer","Yes","TRF","TRF","Yes","No","Model","LV",,"EF_70_30_45","Low-voltage electricity distribution","Ss_70_30_45_45","Low-voltage distribution systems","Pr_60_70_50","Medium-voltage switchgear and transformers","EF_70_30_45Ss_70_30_45_45Pr_60_70_50",,"01.05 M&E","01.05.01.02.01 General – High Voltage Transformer",,"Point Asset","Point","James McKinlay-T2D",,,"2644","25/07/2025 3:13 PM","20/05/2026 5:58 PM","Gunagi, Pooja"
"General Isolation Valve","Yes","GIV","GIV","Yes","No","Model","FS",,"EF_55_30","Fire-extinguishing supply","Ss_55_30","Fire-extinguishing systems","Pr_65_54_30","Firefighting valves and devices","EF_55_30Ss_55_30Pr_65_54_30",,"01.05 M&E","01.05.04.05.01 Valves",,"Point Asset","Point","James McKinlay-T2D",,,"2749","25/07/2025 3:14 PM","20/05/2026 5:45 PM","Gunagi, Pooja"
"General Light","Yes","LGT","LGT","Yes","No","Model","LE",,"EF_70_80","Lighting","Ss_70_80_33","General lighting systems","Pr_70_70_48","Luminaires, lighting track and lighting accessories","EF_70_80Ss_70_80_33Pr_70_70_48",,"01.05 M&E","01.05.06.01.07 LGT Light",,"Point Asset","Point","James McKinlay-T2D",,,"3018","25/07/2025 3:19 PM","20/05/2026 5:45 PM","Gunagi, Pooja"
"General Light DU","Yes","LGT","LGT","Yes","No","Model","DU","381","EF_70_80","Lighting","Ss_70_80_33","General lighting systems","Pr_70_70_48","Luminaires, lighting track and lighting accessories","EF_70_80Ss_70_80_33Pr_70_70_48","2CA; 3BAP; 3BDE; 2P","01.05 M&E","01.05.06.01.07 LGT Light",,"Point Asset","Point","Bird, Cheyne",,,"3082","11/08/2025 5:25 PM","30/06/2026 9:58 AM","Carson, Morgan"
"General Lighting Luminaire - Continous Linear Profile","Yes","GLT","GLT","Yes","No","Model","LT","243","EF_70_80","Lighting","Ss_70_80_33","General lighting systems","Pr_70_70_48","Luminaires, lighting track and lighting accessories","EF_70_80Ss_70_80_33Pr_70_70_48","2; 3","01.05 M&E","01.05.06.01.13 General Lighting",,"Point Asset","Point","Tay, Bryan","703",,"176","13/05/2025 5:19 PM","20/05/2026 5:45 PM","Gunagi, Pooja"
"General Power outlets (GPO)","Yes","GPO","GPO","No","No","Model","EL",,"EF_70_30_45","Low-voltage electricity distribution","Ss_70_30_45_45","Low-voltage distribution systems","Pr_65_72_97_84","Standard socket outlets","EF_70_30_45Ss_70_30_45_45Pr_65_72_97_84",,"01.05 M&E","01.05.01.03.11 General Power outlets (GPO)",,"Point Asset","Point","James McKinlay-T2D",,,"2598","25/07/2025 3:11 PM","20/05/2026 5:45 PM","Gunagi, Pooja"
"Generator Distribution Board","Yes","GDB","GDB","Yes","No","Model","LV",,"EF_70_10","Electrical power generation","Ss_70_10","Electrical power generation systems","Pr_60_70_22_22","Distribution boards","EF_70_10Ss_70_10Pr_60_70_22_22",,"01.05 M&E","01.05.01.03.09 Essential Electrical Distribution Board",,"Point Asset","Point","James McKinlay-T2D",,,"2645","25/07/2025 3:13 PM","21/05/2026 3:47 PM","Muhammad Abid-T2D"
"Generator Switchboard","Yes","GXB","GXB","Yes","No","Model","LV",,"EF_70_30_45","Low-voltage electricity distribution","Ss_70_30_45_45","Low-voltage distribution systems","Pr_60_70_22_22","Distribution boards","EF_70_30_45Ss_70_30_45_45Pr_60_70_22_22",,"01.05 M&E","01.05.01.03.20 Main LV Switchboard",,"Point Asset","Point","James McKinlay-T2D",,,"3162","16/09/2025 2:29 PM","21/05/2026 3:47 PM","Muhammad Abid-T2D"
"Girder","Yes","GIR","GIR","No","No","Model","BR","121","EF_20_50_82","Spans","Ss_20_20_75_70","Reinforced concrete beam systems","Pr_20_85_08_15","Concrete beams","EF_20_50_82Ss_20_20_75_70Pr_20_85_08_15","3BSP","01.04 Structures","01.04.01.01.03 Girders (Span)",,"Point Asset","Line","Tay, Bryan","591",,"64","13/05/2025 5:16 PM","20/05/2026 5:35 PM","Gunagi, Pooja"
"Girder Portion (Concrete)","Yes","GRP","GRP","No","No","Model","BR","121","EF_20_50_82","Spans","Ss_20_20_75_70","Reinforced concrete beam systems","Pr_20_85_08_15","Concrete beams","EF_20_50_82Ss_20_20_75_70Pr_20_85_08_15","3BSP","01.04 Structures","01.04.01.01.03 Girders (Span)",,"Point Asset","Line","Bird, Cheyne",,,"543","12/06/2025 2:42 PM","20/05/2026 5:45 PM","Gunagi, Pooja"
"Girder Portion (Steel)","Yes","GRP","GRP","No","No","Model","BR","121","EF_20_50_82","Spans","Ss_20_10_75","Structural framing systems","Pr_20_85_08_11","Carbon steel beams","EF_20_50_82Ss_20_10_75Pr_20_85_08_11","3BSP","01.04 Structures","01.04.01.01.03 Girders (Span)",,"Point Asset","Line","Bird, Cheyne",,,"544","12/06/2025 2:43 PM","20/05/2026 5:45 PM","Gunagi, Pooja"
"Girder Restraint Bracket","No","N/A",,"N/A","No","N/A","BR","121","EF_20_50_82","Spans","Ss_20_20_75_35","Heavy steel beam systems","Pr_20_29_31_08","Bolted joint connectors","EF_20_50_82Ss_20_20_75_35Pr_20_29_31_08","3BPI; 3BAB","N/A","N/A",,,,"Tay, Bryan","590",,"63","13/05/2025 5:16 PM","20/05/2026 2:34 PM","Bird, Cheyne"
"Globe Isolation Valve","No","BIV","BIV","No","No","Unsure","FS",,"EF_55_30","Fire-extinguishing supply","Ss_55_30","Fire-extinguishing systems","Pr_65_54_30","Firefighting valves and devices","EF_55_30Ss_55_30Pr_65_54_30",,"01.05 M&E","01.05.02.12.08 Deluge Main Section Isolation Valve",,"Point Asset","Point","James McKinlay-T2D",,,"2750","25/07/2025 3:14 PM","20/05/2026 4:54 PM","Gunagi, Pooja"
"GNSS COMMUNICATIONS CABINET","Yes","GNS","GNS","Yes","No","Model","WF",,"EF_75_10_21","Data distribution and telecommunications","Ss_75_10_21_21","Data distribution systems","Pr_70_75_20","Data communication products","EF_75_10_21Ss_75_10_21_21Pr_70_75_20",,"01.05 M&E","01.05.05.02.01 Data communications Network",,"Point Asset",,"Mazarei, Ashkan (DIT)",,,"3585","21/04/2026 12:09 PM","21/05/2026 3:47 PM","Muhammad Abid-T2D"
"GNSS SIMULATOR","Yes","SIM","SIM","Yes","No","Unsure","WF",,"EF_75_10_21","Data distribution and telecommunications","Ss_75_10_21_21","Data distribution systems","Pr_70_75_20","Data communication products","EF_75_10_21Ss_75_10_21_21Pr_70_75_20",,"01.05 M&E","01.05.05.02.01 Data communications Network",,"Point Asset",,"Mazarei, Ashkan (DIT)",,,"3510","13/04/2026 11:23 AM","20/05/2026 5:22 PM","Gunagi, Pooja"
"GPTs and inceptors","Yes","SWT","SWT","Yes","No","Model","SD","261","EF_50_70","Drainage treatment and disposal","Ss_50_75","Wastewater storage, treatment and disposal systems","Pr_60_55_97","Water treatment products","EF_50_70Ss_50_75Pr_60_55_97","2; 3","01.05 M&E","01.05.04.01.04 Stormwater treatment device",,"Point Asset","Point","Tay, Bryan","781",,"255","13/05/2025 5:19 PM","20/05/2026 5:57 PM","Gunagi, Pooja"
"Grab rails","No","N/A",,"N/A","No","N/A","AR","336","EF_40_20","Fittings","Ss_40_15_70","Sanitary appliance systems and FF&E systems","Pr_25_30_36_34","Grab rails","EF_40_20Ss_40_15_70Pr_25_30_36_34","3FC","N/A","N/A",,,,"Bird, Cheyne",,,"553","18/06/2025 3:48 PM","20/05/2026 3:52 PM","Muhammad Abid-T2D"
"Graphical User Interface and Mimic","Yes","GUI","GUI","Yes","No","Model","FD",,"EF_75_50_28","Fire and smoke detection and alarms","Ss_75_50_28_29","Fire detection and alarm systems","Pr_75_80_30_52","Mimic fire alarm panels","EF_75_50_28Ss_75_50_28_29Pr_75_80_30_52",,"01.05 M&E","01.05.02.01.12 Fire Panel",,"Point Asset","Point","James McKinlay-T2D",,,"2703","25/07/2025 3:13 PM","20/05/2026 5:45 PM","Gunagi, Pooja"
"Grassed area","No","N/A",,"N/A","No","N/A","LA","217","EF_45_20","Grass and meadow elements","Ss_45_35","Ground-based flora systems","Pr_45_57_91","Turf and pre-planted substrates","EF_45_20Ss_45_35Pr_45_57_91","2CA;2","N/A","N/A",,,,"Tay, Bryan","663",,"136","13/05/2025 5:18 PM","20/05/2026 2:35 PM","Bird, Cheyne"
"Gravel Paving","No","N/A",,"N/A","No","N/A","LA","217","EF_30_60_60","Pedestrian pavements","Ss_30_14_80_40","Hard binding gravel paving systems","Pr_20_31_04_11","Bonded surfacing decorative aggregates","EF_30_60_60Ss_30_14_80_40Pr_20_31_04_11","2CA","N/A","N/A",,,,"Bird, Cheyne","977",,"464","21/05/2025 10:45 AM","20/05/2026 3:52 PM","Muhammad Abid-T2D"
"Gross Pollutant Trap","Yes","GPT","GPT","Yes","No","Model","HY",,"EF_50_70","Drainage treatment and disposal","Ss_50_30_02","Rainwater drainage systems","Pr_65_54_94_03","Anti-pollution check valves","EF_50_70Ss_50_30_02Pr_65_54_94_03",,"01.05 M&E","01.05.04.07.02 Gross Pollutant Trap",,"Point Asset","Point","James McKinlay-T2D",,,"2876","25/07/2025 3:15 PM","20/05/2026 5:45 PM","Gunagi, Pooja"
"Gross Pollutant Trap (SD)","Yes","GPT","GPT","Yes","No","Model","HY",,"EF_50_70","Drainage treatment and disposal","Ss_50_30_02","Rainwater drainage systems","Pr_65_54_94_03","Anti-pollution check valves","EF_50_70Ss_50_30_02Pr_65_54_94_03",,"01.05 M&E","01.05.04.07.02 Gross Pollutant Trap",,"Point Asset","Point","Bird, Cheyne",,,"3689","28/05/2026 3:39 PM","28/05/2026 3:39 PM","Bird, Cheyne"
"Guard Rail / W-Beam Barrier","Yes","GRA","GRA","No","No","Model","FN","248","EF_25_55","Barriers","Ss_25_16_94","Vehicle restraint systems","Pr_20_85_07_17","Carbon steel safety barrier un-tensioned corrugated beams","EF_25_55Ss_25_16_94Pr_20_85_07_17","2; 3","01.03 Roadside","01.03.03.01.05 Guard Rail ",,"Point Asset","Line","Tay, Bryan","734",,"208","13/05/2025 5:19 PM","20/05/2026 5:45 PM","Gunagi, Pooja"
"Guide post","No","N/A",,"N/A","No","N/A","GD","247","EF_40_10","Signage","Ss_40_10_90_72","Road traffic signage systems","Pr_40_10_77_90","Traffic cylinders","EF_40_10Ss_40_10_90_72Pr_40_10_77_90","2; 3","N/A","N/A",,,,"Tay, Bryan","728",,"201","13/05/2025 5:19 PM","20/05/2026 2:35 PM","Bird, Cheyne"
"Gutter","Yes","GUT","GUT","No","No","Model","BR","121","EF_50_30","Above-ground drainage collection","Ss_30_75_40","Surface drainage channel systems","Pr_65_50_35","Gutters and accessories","EF_50_30Ss_30_75_40Pr_65_50_35","3BAP; 3BDE; 3BAB; 3BSP; 3BPI","01.02 Drainage","01.02.01.01.01 Kerb and Gutters",,"Point Asset","Point","Bird, Cheyne",,,"3105","28/08/2025 12:14 PM","20/05/2026 5:45 PM","Gunagi, Pooja"
"Gutter CC","Yes","GUT","GUT","No","No","Model","CC","102","EF_50_35","Below-ground drainage collection","Ss_30_75_40","Tunnel drainage sump systems","Pr_65_50_35","Gutters and accessories","EF_50_35Ss_30_75_40Pr_65_50_35",,"01.02 Drainage","01.02.01.01.01 Kerb and Gutters",,"Point Asset","Point","Dela Cruz, Cyrel",,,"3257","26/11/2025 9:26 PM","20/05/2026 5:45 PM","Gunagi, Pooja"
"GXB/GDB Circuit Breaker Feeder","Conditional","GQF","GQF","No","No","Unsure","LV",,"EF_70_30_45","Low-voltage electricity distribution","Ss_70_30_25","Electrical protection systems","Pr_65_72_27","Electrical protective devices","EF_70_30_45Ss_70_30_25Pr_65_72_27",,"01.05 M&E","01.05.01.03.05 Circuit Breaker (LV)",,"Point Asset","Point","James McKinlay-T2D",,,"3164","16/09/2025 2:29 PM","20/05/2026 5:04 PM","Gunagi, Pooja"
"GXB/GDB Power Quality Meter","Conditional","GQM","GQM","No","No","Unsure","LV",,"EF_70_30_45","Low-voltage electricity distribution","Ss_70_30_45_45","Low-voltage distribution systems","Pr_80_51_51_63","Power factor meters","EF_70_30_45Ss_70_30_45_45Pr_80_51_51_63",,"01.05 M&E","01.05.01.03.13 Instrumentation & Meters (LV)",,"Point Asset","Point","James McKinlay-T2D",,,"3165","16/09/2025 2:29 PM","20/05/2026 5:04 PM","Gunagi, Pooja"
"GXB/GDB Switch Isolator","Conditional","GSI","GSI","No","No","Unsure","LV",,"EF_70_30_45","Low-voltage electricity distribution","Ss_70_30_45_45","Low-voltage distribution systems","Pr_60_70_48_47","Low-voltage switch-disconnectors","EF_70_30_45Ss_70_30_45_45Pr_60_70_48_47",,"01.05 M&E","01.05.01.03.05 Circuit Breaker (LV)",,"Point Asset","Point","James McKinlay-T2D",,,"3163","16/09/2025 2:29 PM","20/05/2026 5:04 PM","Gunagi, Pooja"
"Handrail","Yes","RRS","RRS","No","No","Model","LA","217","EF_25_55_30","Fixed barriers","Ss_25_60_05","Balustrade and handrail systems","Pr_25_30_36","Handrails","EF_25_55_30Ss_25_60_05Pr_25_30_36","2CA","01.04 Structures","01.04.01.01.09 Rails and Screens",,"Point Asset","Line","Bird, Cheyne","989",,"476","21/05/2025 11:21 AM","20/05/2026 5:52 PM","Gunagi, Pooja"
"Handrails","No","N/A",,"N/A","No","N/A","AR","329","EF_25_55_30","Fixed barriers","Ss_25_60_05","Balustrade and handrail systems","Pr_25_30_36","Handrails","EF_25_55_30Ss_25_60_05Pr_25_30_36","3FC","N/A","N/A",,,,"Tay, Bryan","825",,"300","13/05/2025 5:19 PM","20/05/2026 3:52 PM","Muhammad Abid-T2D"
"Handrails CC","No","N/A",,"N/A","No","N/A","CC","102","EF_25_55_30","Fixed barriers","Ss_25_60_05","Balustrade and handrail systems","Pr_25_30_36","Handrails","EF_25_55_30Ss_25_60_05Pr_25_30_36",,"N/A","N/A",,,,"Dela Cruz, Cyrel",,,"3210","14/10/2025 2:03 PM","20/05/2026 3:53 PM","Muhammad Abid-T2D"
"Handrails DU","Yes","RRS","RRS","No","No","Model","DU","383","EF_25_55_30","Fixed barriers","Ss_25_60_05","Balustrade and handrail systems","Pr_25_30_36","Handrails","EF_25_55_30Ss_25_60_05Pr_25_30_36","2CA; 3BAP; 3BDE; 2P","01.04 Structures","01.04.01.01.09 Rails and Screens",,"Point Asset","Line","Bird, Cheyne",,,"3070","11/08/2025 5:10 PM","30/06/2026 9:58 AM","Carson, Morgan"
"Harmonic Filters","No","LHF","LHF","No","No","Model","LV",,"EF_70_30_45","Low-voltage electricity distribution","Ss_70_30_25","Electrical protection systems","Pr_65_72_27","Electrical protective devices","EF_70_30_45Ss_70_30_25Pr_65_72_27",,"01.05 M&E","01.05.01.03.17 Harmonic Filters",,"Point Asset","Point","James McKinlay-T2D",,,"2606","25/07/2025 3:11 PM","20/05/2026 5:45 PM","Gunagi, Pooja"
"Headwall (Bridge Sized Culvert)","Yes","HWL","HWL","Yes","No","Model","BR","121","EF_50_35","Below-ground drainage collection","Ss_20_60_40_20","Culvert headwall systems","Pr_20_93_37_65","Precast concrete headwall units","EF_50_35Ss_20_60_40_20Pr_20_93_37_65","3CG","01.05 M&E","01.05.04.07.03 Headwall",,"Point Asset","Point","Tay, Bryan","588",,"61","13/05/2025 5:16 PM","20/05/2026 5:44 PM","Gunagi, Pooja"
"Heat Detectors with Souder Base and Strobe Light","N/A","HDT","HDT","No","No","Unsure","FD",,"EF_75_50_28","Fire and smoke detection and alarms","Ss_75_50_28_29","Fire detection and alarm systems","Pr_75_80_30","Fire detection and alarm devices and control equipment","EF_75_50_28Ss_75_50_28_29Pr_75_80_30",,"01.05 M&E","01.05.02.01.13 Linear Heat Detector",,"Point Asset","Point","James McKinlay-T2D",,,"2751","25/07/2025 3:14 PM","20/05/2026 5:04 PM","Gunagi, Pooja"
"Help Telephone","Yes","HLP","HLP","Yes","No","Model","TT",,"EF_75_10_72","Emergency communications","Ss_75_10_72_72","Road emergency communication systems","Pr_70_75_88_27","Emergency roadside telephones","EF_75_10_72Ss_75_10_72_72Pr_70_75_88_27",,"01.05 M&E","01.05.05.04.05 Help Telephone System",,"Point Asset","Point","James McKinlay-T2D",,,"2959","25/07/2025 3:17 PM","20/05/2026 5:45 PM","Gunagi, Pooja"
"High Power Splitter","Yes","RFS","RFS","Yes","No","Unsure","MP",,"EF_75_10_21","Data distribution and telecommunications","Ss_75_10_21_52","Mobile telecommunications systems","Pr_70_75_88","Telecoms equipment","EF_75_10_21Ss_75_10_21_52Pr_70_75_88",,"01.05 M&E","01.05.05.02.01 Data communications Network",,"Point Asset",,"Mazarei, Ashkan (DIT)",,,"3631","15/05/2026 12:19 PM","20/05/2026 5:22 PM","Gunagi, Pooja"
"High Voltage Earth Bar","No","HEB","HEB","No","No","Model","HV",,"EF_70_30_35","High-voltage electricity distribution","Ss_70_30_25_25","Earthing and bonding systems","Pr_65_70_46_24","Earth bars","EF_70_30_35Ss_70_30_25_25Pr_65_70_46_24",,"01.05 M&E","01.05.01.01.15 Earth Marshalling Bar",,"Point Asset","Point","Mazarei, Ashkan (DIT)",,,"3294","19/12/2025 8:46 AM","21/05/2026 3:47 PM","Muhammad Abid-T2D"
"Human Machine Interface","Yes","HMI","HMI","Yes","No","Model","TT",,"EF_75_30_35","Road signals and controls","Ss_75_30_35","Road signal and control systems","Pr_75_50_18_41","Instrumetation, automation and control panels","EF_75_30_35Ss_75_30_35Pr_75_50_18_41",,"01.05 M&E","01.05.05.02.06 Human Machine Interface",,"Point Asset","Point","James McKinlay-T2D",,,"2960","25/07/2025 3:17 PM","20/05/2026 5:45 PM","Gunagi, Pooja"
"Humidity Sensor","Yes","HUS","HUS","Yes","No","Unsure","VA",,"EF_65_80","Air conditioning","Ss_65_80","Air conditioning systems","Pr_75_50_76_71","Relative humidity sensors","EF_65_80Ss_65_80Pr_75_50_76_71",,"01.05 M&E","01.05.03.04.02 Room Temperature Sensors",,"Point Asset","Point","James McKinlay-T2D",,,"2843","25/07/2025 3:15 PM","20/05/2026 5:04 PM","Gunagi, Pooja"
"HV Cable Pit","Yes","HPT","HPT","Yes","No","Model","HV",,"EF_70_30_35","High-voltage electricity distribution","Ss_70_30_35_35","High-voltage distribution systems","Pr_65_70_11_21","Cable access chambers","EF_70_30_35Ss_70_30_35_35Pr_65_70_11_21",,"01.05 M&E","01.05.01.01.03 Cable Pits (HV)",,"Point Asset","Point","James McKinlay-T2D",,,"2621","25/07/2025 3:11 PM","20/05/2026 5:45 PM","Gunagi, Pooja"
"Hydrant Booster Cabinet Control Panel","Yes","HBP","HBP","Yes","No","Unsure","FD",,"EF_55_30_96","Water firefighting supply","Ss_55_30_96_30","Fire hydrant systems","Pr_75_50_18_32","Fire electric pump control panels","EF_55_30_96Ss_55_30_96_30Pr_75_50_18_32",,"01.05 M&E","01.05.01.03.07 Control Panel – Pumps",,"Point Asset","Point","Mazarei, Ashkan (DIT)",,,"3262","5/12/2025 10:33 AM","20/05/2026 5:04 PM","Gunagi, Pooja"
"Hydrant HDPE Pipework","No","HPP","HPP","No","No","Model","FS",,"EF_55_30_96","Water firefighting supply","Ss_55_30_96_30","Fire hydrant systems","Pr_65_52_63_63","Polyethylene (PE) water pipes and fittings","EF_55_30_96Ss_55_30_96_30Pr_65_52_63_63",,"01.05 M&E","01.05.02.02.01 Fire Hydrants",,"Point Asset","Line","James McKinlay-T2D",,,"2752","25/07/2025 3:14 PM","21/05/2026 3:47 PM","Muhammad Abid-T2D"
"Hydrant Jockey Pumps","Yes","PU","PU","Yes","No","Model","FS",,"EF_55_30_96","Water firefighting supply","Ss_55_30_96_30","Fire hydrant systems","Pr_65_53_86","Supply and exhaust pumps","EF_55_30_96Ss_55_30_96_30Pr_65_53_86",,"01.05 M&E","01.05.02.10.02 Fire Pressure Maintenance (Jacking) Pump",,"Point Asset","Point","James McKinlay-T2D",,,"2753","25/07/2025 3:14 PM","20/05/2026 5:52 PM","Gunagi, Pooja"
"Hydrant Jockey Pumps Control Panel","Yes","HJB","HJB","Yes","No","Model","FS",,"EF_55_30_96","Water firefighting supply","Ss_55_30_96_30","Fire hydrant systems","Pr_75_50_18_32","Fire electric pump control panels","EF_55_30_96Ss_55_30_96_30Pr_75_50_18_32",,"01.05 M&E","01.05.01.03.07 Control Panel – Pumps",,"Point Asset","Point","James McKinlay-T2D",,,"2754","25/07/2025 3:14 PM","21/05/2026 3:47 PM","Muhammad Abid-T2D"
"Hydrant Main Pump","Yes","PU","PU","Yes","No","Model","FS",,"EF_55_30_96","Water firefighting supply","Ss_55_30_96_30","Fire hydrant systems","Pr_65_53_86","Supply and exhaust pumps","EF_55_30_96Ss_55_30_96_30Pr_65_53_86",,"01.05 M&E","01.05.02.10.01 Fire Hydrant Booster",,"Point Asset","Point","James McKinlay-T2D",,,"2755","25/07/2025 3:14 PM","20/05/2026 5:52 PM","Gunagi, Pooja"
"Hydrant Main Pumps Control Panel","Yes","HPB","HPB","Yes","No","Model","FS",,"EF_55_30_96","Water firefighting supply","Ss_55_30_96_30","Fire hydrant systems","Pr_75_50_18_32","Fire electric pump control panels","EF_55_30_96Ss_55_30_96_30Pr_75_50_18_32",,"01.05 M&E","01.05.01.03.07 Control Panel – Pumps",,"Point Asset","Point","James McKinlay-T2D",,,"2756","25/07/2025 3:14 PM","21/05/2026 3:47 PM","Muhammad Abid-T2D"
"Hydrant Pump Manifold","No","HPM","HPM","No","No","Unsure","FS",,"EF_55_30_96","Water firefighting supply","Ss_55_30_96_30","Fire hydrant systems","Pr_65_54_30","Firefighting valves and devices","EF_55_30_96Ss_55_30_96_30Pr_65_54_30",,"01.05 M&E","01.05.02.12.05 Deluge Pump manifold",,"Point Asset","Point","James McKinlay-T2D",,,"2757","25/07/2025 3:14 PM","20/05/2026 5:04 PM","Gunagi, Pooja"
"Hydrant System Cabinet","Yes","FNC","FNC","Yes","No","Model","FD",,"EF_55_30_96","Water firefighting supply","Ss_55_30_96_30","Fire hydrant systems","Pr_80_77_28_46","Fire hydrant surface boxes","EF_55_30_96Ss_55_30_96_30Pr_80_77_28_46",,"01.05 M&E","01.05.02.01.14 Fire Niche ",,"Point Asset","Point","James McKinlay-T2D",,,"2694","25/07/2025 3:13 PM","20/05/2026 5:36 PM","Gunagi, Pooja"
"Hydrant System Mains Pipework","No","HSP","HSP","No","No","Model","FS",,"EF_55_30_96","Water firefighting supply","Ss_55_30_96_30","Fire hydrant systems","Pr_65_52_63_82","Steel pipes","EF_55_30_96Ss_55_30_96_30Pr_65_52_63_82",,"01.05 M&E","01.05.02.10.01 Fire Hydrant Booster",,"Point Asset","Line","James McKinlay-T2D",,,"2758","25/07/2025 3:14 PM","21/05/2026 4:18 PM","Muhammad Abid-T2D"
"Hydrant System Range Pipework","No","HRP","HRP","No","No","Unsure","FS",,"EF_55_30_96","Water firefighting supply","Ss_55_30_96_30","Fire hydrant systems","Pr_65_52_63_82","Steel pipes","EF_55_30_96Ss_55_30_96_30Pr_65_52_63_82",,"01.05 M&E","01.05.02.10.01 Fire Hydrant Booster",,"Point Asset","Line","James McKinlay-T2D",,,"2759","25/07/2025 3:14 PM","20/05/2026 5:04 PM","Gunagi, Pooja"
"Hydraulic Actuators","Yes","ACT","ACT","Yes","No","Model","HY",,"EF_55_70","Water supply","Ss_55_70","Water distribution and supply systems","Pr_75_50_02","Actuators","EF_55_70Ss_55_70Pr_75_50_02",,"01.05 M&E","01.05.04.05.01 Valves & Actuators",,"Point Asset","Point","James McKinlay-T2D",,,"2872","25/07/2025 3:15 PM","20/05/2026 5:36 PM","Gunagi, Pooja"
"Hydrocarbon Gas Detector","Yes","HGD","HGD","Yes","No","Model","FD",,"EF_75_50_33","Gas detection and alarms","Ss_75_50_33_30","Fixed gas detection and alarm systems","Pr_75_50_76_33","Gas detectors","EF_75_50_33Ss_75_50_33_30Pr_75_50_76_33",,"01.05 M&E","01.05.04.05.02 Sensors",,"Point Asset","Point","James McKinlay-T2D",,,"2760","25/07/2025 3:14 PM","21/05/2026 3:47 PM","Muhammad Abid-T2D"
"Hydrogen Sensor","Yes","HYS","HYS","Yes","No","Unsure","VA",,"EF_65_80","Air conditioning","Ss_65_80","Air conditioning systems","Pr_75_50_76_33","Gas detectors","EF_65_80Ss_65_80Pr_75_50_76_33",,"01.05 M&E","01.05.04.05.02 Sensors",,"Point Asset","Point","James McKinlay-T2D",,,"2844","25/07/2025 3:15 PM","20/05/2026 5:04 PM","Gunagi, Pooja"
"Illuminated Exit Sign","Yes","LES","LES","Yes","No","Model","LE",,"Ef_40","Signage, fittings, furnishings and equipment","Ss_40","Signage, fittings, furnishings and equipment (FF&E) and general finishing systems","Pr_40_10_57_30","Externally illuminated emergency exit signs","Ef_40Ss_40Pr_40_10_57_30",,"01.05 M&E","01.05.02.11.03 Wayfinding Emergency Exit",,"Point Asset","Point","James McKinlay-T2D",,,"3030","25/07/2025 3:19 PM","21/05/2026 4:18 PM","Muhammad Abid-T2D"
"Impact / Crash Attenuators","Yes","CAT","CAT","Yes","No","Model","FN","248","EF_25_55","Barriers","Ss_25_16_94","Vehicle restraint systems","Pr_20_85_07","Barrier rails","EF_25_55Ss_25_16_94Pr_20_85_07","2; 3","01.03 Roadside","01.03.03.01.06 Crash Attenuators",,"Point Asset","Point","Tay, Bryan","733",,"207","13/05/2025 5:19 PM","20/05/2026 5:35 PM","Gunagi, Pooja"
"Incoming Breaker (LV)","Conditional","LQI","LQI","No","No","Model","LV",,"EF_70_30_45","Low-voltage electricity distribution","Ss_70_30_25","Electrical protection systems","Pr_65_72_27","Electrical protective devices","EF_70_30_45Ss_70_30_25Pr_65_72_27",,"01.05 M&E","01.05.01.03.12 Incoming Breaker (LV)",,"Point Asset","Point","James McKinlay-T2D",,,"2610","25/07/2025 3:11 PM","20/05/2026 5:45 PM","Gunagi, Pooja"
"In-Duct Smoke Detector","Yes","DSM","DSM","Yes","No","Model","FD",,"EF_75_50_28","Fire and smoke detection and alarms","Ss_75_50_28_24","Duct smoke detector systems","Pr_75_80_30_22","Duct smoke detectors","EF_75_50_28Ss_75_50_28_24Pr_75_80_30_22",,"01.05 M&E","01.05.02.01.03 Optical Smoke Detection Unit",,"Point Asset","Point","James McKinlay-T2D",,,"2845","25/07/2025 3:15 PM","1/07/2026 9:39 AM","Mazarei, Ashkan (DIT)"
"Insulation","No","N/A",,"N/A","No","N/A","AR","331","EF_30_25_80","Soffits","Ss_32_10_10","Cavity and void insulation systems","Pr_25_71_70","Rigid insulation boards and panels","EF_30_25_80Ss_32_10_10Pr_25_71_70","3FC","N/A","N/A",,,,"Tay, Bryan","971",,"452","14/05/2025 6:33 PM","20/05/2026 3:52 PM","Muhammad Abid-T2D"
"Intermediate Layer","Yes","FPV","FPV","No","No","Model","PV","222","EF_30_60_95","Vehicular pavements","Ss_30_14_05","Asphalt road and paving systems","Pr_35_31_05_04","Asphalt concrete (AC) binder courses","EF_30_60_95Ss_30_14_05Pr_35_31_05_04","1","01.01 Roads","01.01.01.01.01 Asphalt Sealed Pavements (Flexible sub-base)",,"Linear Feature","Polygon","Tay, Bryan","675",,"148","13/05/2025 5:18 PM","20/05/2026 5:35 PM","Gunagi, Pooja"
"Internal Partitions (Steel and Gyprock)","No","N/A",,"N/A","No","N/A","AR","326","EF_25_10_40","Internal walls","Ss_25_10_30_35","Gypsum board partition systems","Pr_25_71_57_60","Partition panels","EF_25_10_40Ss_25_10_30_35Pr_25_71_57_60","3FC","N/A","N/A",,,,"Tay, Bryan","820",,"295","13/05/2025 5:19 PM","20/05/2026 3:52 PM","Muhammad Abid-T2D"
"Internal Partitions (Steel and Gyprock) DU","No","N/A",,"N/A","No","N/A","DU","382","EF_25_10_40","Internal walls","Ss_25_10_30_35","Gypsum board partition systems","Pr_25_71_57_60","Partition panels","EF_25_10_40Ss_25_10_30_35Pr_25_71_57_60","3FC","N/A","N/A",,,,"Phelan, David",,,"3283","12/12/2025 4:21 PM","20/05/2026 3:53 PM","Muhammad Abid-T2D"
"Internally Illuminated 'Turn Left With Care' Sign","Yes","TLWC","TLWC","Yes","No","Model","TF","245","EF_75_30_35","Road signals and controls","Ss_40_10_25_25","Electrical external signage systems","Pr_40_10_77_41","Illuminated signs","EF_75_30_35Ss_40_10_25_25Pr_40_10_77_41","2; 3","01.05 M&E","01.05.05.05.16 Backlit Directional Signs",,"Point Asset","Point","Tay, Bryan","719",,"192","13/05/2025 5:19 PM","20/05/2026 5:57 PM","Gunagi, Pooja"
"Internally Illuminated 'Turn Right With Care' Sign","Yes","TRWC","TRWC","Yes","No","Model","TF","245","EF_75_30_35","Road signals and controls","Ss_40_10_25_25","Electrical external signage systems","Pr_40_10_77_41","Illuminated signs","EF_75_30_35Ss_40_10_25_25Pr_40_10_77_41","2; 3","01.05 M&E","01.05.05.05.16 Backlit Directional Signs",,"Point Asset","Point","Tay, Bryan","720",,"193","13/05/2025 5:19 PM","20/05/2026 5:57 PM","Gunagi, Pooja"
"Intertank Connection System Pipework","No","ITP","ITP","No","No","Unsure","FS",,"EF_55_30_96","Water firefighting supply","Ss_55_30_96","Water firefighting systems","Pr_65_52_63_82","Steel pipes","EF_55_30_96Ss_55_30_96Pr_65_52_63_82",,"01.05 M&E","01.05.02.12.05 Deluge Pump manifold",,"Point Asset","Line","James McKinlay-T2D",,,"2761","25/07/2025 3:14 PM","20/05/2026 5:04 PM","Gunagi, Pooja"
"Intumescent Fire Damper","Yes","IFD","IFD","Yes","No","Model","VA",,"EF_65","Ventilation and air conditioning functions","Ss_65","Ventilation and air conditioning systems","Pr_65_65_24_42","Intumescent fire and smoke dampers","EF_65Ss_65Pr_65_65_24_42",,"01.05 M&E","01.05.03.02.02 Fan Dampers",,"Point Asset","Point","Mazarei, Ashkan (DIT)",,,"3590","24/04/2026 1:45 PM","21/05/2026 4:18 PM","Muhammad Abid-T2D"
"In-Tunnel - Conduit - Comms","Conditional","CCD","CCD","No","No","Model","TU","308","EF_70_30_45","Low-voltage electricity distribution","Ss_70_30_45_45","Low-voltage distribution systems","Pr_65_70_11_71","Rigid conduit","EF_70_30_45Ss_70_30_45_45Pr_65_70_11_71","3IN","01.05 M&E","01.05.01.03.04 Cables (LV)",,"Point Asset",,"Ryan, Xavier",,,"3573","20/04/2026 8:47 AM","21/05/2026 3:42 PM","Muhammad Abid-T2D"
"In-Tunnel - Conduit - Electrical","Conditional","ECD","ECD","No","No","Model","TU","308","EF_70_30_45","Low-voltage electricity distribution","Ss_70_30_45_45","Low-voltage distribution systems","Pr_65_70_11_71","Rigid conduit","EF_70_30_45Ss_70_30_45_45Pr_65_70_11_71","3IN","01.05 M&E","01.05.01.03.04 Cables (LV)",,"Point Asset","Line","Ryan, Xavier",,,"3465","30/03/2026 2:21 PM","21/05/2026 3:42 PM","Muhammad Abid-T2D"
"In-Tunnel - Conduit - Termination Box","Conditional","ECD","ECD","No","No","N/A","TU","308","EF_70_30_45","Low-voltage electricity distribution","Ss_70_30_45_45","Low-voltage distribution systems","Pr_65_70_11_75","Service Outlet Boxes","EF_70_30_45Ss_70_30_45_45Pr_65_70_11_75","3IN","01.05 M&E","01.05.01.03.04 Cables (LV)",,"Point Asset","Line","Ryan, Xavier",,,"3610","7/05/2026 12:10 PM","7/07/2026 11:27 AM","Muhammad Abid-T2D"
"In-Tunnel - Conduit - TIRTL Transmitter","Conditional","TMX","TMX","No","No","Model","TU","308","EF_70_30_45","Low-voltage electricity distribution","Ss_70_30_45_45","Low-voltage distribution systems","Pr_75_75_36","Traffic Sensors","EF_70_30_45Ss_70_30_45_45Pr_75_75_36","3IN","01.05 M&E","01.05.01.03.04 Cables (LV)",,"Point Asset","Point","Ryan, Xavier",,,"3611","7/05/2026 12:10 PM","20/05/2026 5:58 PM","Gunagi, Pooja"
"In-Tunnel - Conduit Assembly","N/A","N/A",,"N/A","No","N/A","TU","308","EF_70_30_45","Low-voltage electricity distribution","Ss_70_30_45_45","Low-voltage distribution systems","Pr_65_70_11_71","Rigid conduit","EF_70_30_45Ss_70_30_45_45Pr_65_70_11_71","3IN","01.05 M&E","01.05.01.03.04 Cables (LV)",,,,"Ryan, Xavier",,,"3606","30/04/2026 9:31 AM","20/05/2026 3:53 PM","Muhammad Abid-T2D"
"In-Tunnel Smoke Detector","Yes","TSD","HRL","Yes","No","Model","FD",,"EF_75_50_28","Fire and smoke detection and alarms","Ss_75_50_28","Fire and smoke detection and alarm systems","Pr_75_80_30_65","Point smoke detectors","EF_75_50_28Ss_75_50_28Pr_75_80_30_65",,"01.05 M&E","01.05.02.01.06 In-Tunnel Smoke Detector",,"Point Asset","Point","James McKinlay-T2D",,,"2722","25/07/2025 3:13 PM","20/05/2026 5:58 PM","Gunagi, Pooja"
"In-Tunnel Structures - Arch Panel Support Frames","No","N/A",,"N/A","No","N/A","TU","308","EF_37_50","Tunnels and shafts","Ss_20_10_75","Structural framing systems","Pr_20_76_51","Metal sections","EF_37_50Ss_20_10_75Pr_20_76_51","2T","N/A","N/A",,,,"Ryan, Xavier",,,"3559","14/04/2026 2:15 PM","20/05/2026 3:53 PM","Muhammad Abid-T2D"
"In-Tunnel Structures - Arch Panel Support Frames (Portals)","No","N/A",,"N/A","No","N/A","TU","308","EF_37_50_20","Cut-and-cover tunnels","Ss_20_10_75","Structural framing systems","Pr_20_76_51","Metal sections","EF_37_50_20Ss_20_10_75Pr_20_76_51","2P","N/A","N/A",,,,"Ryan, Xavier",,,"3589","24/04/2026 11:13 AM","23/06/2026 10:39 AM","Ryan, Xavier"
"In-Tunnel Structures - Barrier","Yes","SFB","SFB","No","No","Model","TU","308","EF_25_55","Barriers","Ss_25_16_94_16","Concrete safety barrier (CSB) systems","Pr_25_71_57_18","Concrete safety barrier panels","EF_25_55Ss_25_16_94_16Pr_25_71_57_18","3IN","01.03 Roadside","01.03.03.01.01 Safety Barrier ",,"Linear Referenced Asset","Line","Tay, Bryan","799",,"273","13/05/2025 5:19 PM","20/05/2026 5:51 PM","Gunagi, Pooja"
"In-Tunnel Structures - Barrier Infill Concrete","No","N/A",,"N/A","No","N/A","TU","308","EF_25_55","Barriers","Ss_25_16_94_16","Concrete safety barrier (CSB) systems","Pr_20_85_14_16","Concrete solid slabs","EF_25_55Ss_25_16_94_16Pr_20_85_14_16","3IN","N/A","N/A",,,,"Ryan, Xavier",,,"3555","14/04/2026 8:31 AM","20/05/2026 3:53 PM","Muhammad Abid-T2D"
"In-Tunnel Structures - ITS and Signage Support","No","N/A",,"N/A","No","N/A","TU","308","EF_37_50","Tunnels and shafts","Ss_20_10_75","Structural framing systems","Pr_20_85","Support and restraint products","EF_37_50Ss_20_10_75Pr_20_85","2T","N/A","N/A",,,,"Ryan, Xavier",,,"3558","14/04/2026 2:03 PM","20/05/2026 3:53 PM","Muhammad Abid-T2D"
"In-Tunnel Structures - Low Point Sump","Yes","SUM","SUM","Yes","No","Model","TU","308","EF_50_35","Below-ground drainage collection","Ss_37_16_10_92","Tunnel drainage sump systems","Pr_65_52_25","Drainage traps, separators and accessories","EF_50_35Ss_37_16_10_92Pr_65_52_25","3SP","01.05 M&E","01.05.04.09.01 Sump structure",,"Point Asset","Point","Tay, Bryan","800",,"274","13/05/2025 5:19 PM","20/05/2026 5:57 PM","Gunagi, Pooja"
"In-Tunnel Structures - Precast Road Culvert Concrete Support Structure at Portals","No","N/A",,"N/A","No","N/A","TU","307","EF_30_30","Decks","Ss_30_12_85_70","Reinforced concrete deck systems","Pr_65_52_20","Culverts","EF_30_30Ss_30_12_85_70Pr_65_52_20","3IN","N/A","N/A",,,,"Tay, Bryan","797",,"271","13/05/2025 5:19 PM","20/05/2026 2:35 PM","Bird, Cheyne"
"In-Tunnel Structures - Precast Road Culvert Steel Support Structure at Portals","No","N/A",,"N/A","No","N/A","TU","307","EF_30_30","Decks","Ss_30_12_85","Structural deck systems","Pr_20_76_51","Metal sections","EF_30_30Ss_30_12_85Pr_20_76_51","3IN","N/A","N/A",,,,"Ryan, Xavier",,,"3277","11/12/2025 12:58 PM","20/05/2026 3:53 PM","Muhammad Abid-T2D"
"In-Tunnel Structures - Precast Road Deck Segment","No","N/A",,"N/A","No","N/A","TU","308","EF_30_30","Decks","Ss_30_12_85_70","Reinforced concrete deck systems","Pr_20_76_66_67","Precast deck sections","EF_30_30Ss_30_12_85_70Pr_20_76_66_67","3CW","N/A","N/A",,,,"Tay, Bryan","798",,"272","13/05/2025 5:19 PM","20/05/2026 2:35 PM","Bird, Cheyne"
"In-Tunnel Structures - Road Infill Concrete","No","N/A",,"N/A","No","N/A","TU","308","EF_37_50","Tunnels and shafts","Ss_37_50_92","Tunnel structure systems","Pr_20_85_14_16","Concrete solid slabs","EF_37_50Ss_37_50_92Pr_20_85_14_16","2T","N/A","N/A",,,,"Ryan, Xavier",,,"3106","29/08/2025 4:14 PM","20/05/2026 3:53 PM","Muhammad Abid-T2D"
"In-Tunnel Structures - Steel Supports","No","N/A",,"N/A","No","N/A","TU","308","EF_20_10_30","Framed structures","Ss_30_12_85","Structural deck systems","Pr_20_76_51","Metal sections","EF_20_10_30Ss_30_12_85Pr_20_76_51","2T;2P","N/A","N/A",,,,"Ryan, Xavier",,,"2141","23/07/2025 8:54 AM","20/05/2026 3:52 PM","Muhammad Abid-T2D"
"In-Tunnel Structures - Sump Walls","No","N/A",,"No","No","N/A","TU","308","EF_25_10_40","Internal walls","Ss_25_11_16","Concrete wall systems","Pr_20_93_85_14","Concrete solid wall and composite wall units","EF_25_10_40Ss_25_11_16Pr_20_93_85_14","2T","N/A","N/A",,,,"Ryan, Xavier",,,"3188","23/09/2025 5:19 PM","20/05/2026 3:53 PM","Muhammad Abid-T2D"
"Invert Tunnel Damper","Yes","ITD","ITD","Yes","No","Model","VA",,"EF_65_40_94","Vehicular space ventilation","Ss_65_40_94","Vehicular space ventilation systems","Pr_65_65_24","Duct dampers","EF_65_40_94Ss_65_40_94Pr_65_65_24",,"01.05 M&E","01.05.03.02.01 Motorised Relief Dampers",,"Point Asset","Point","James McKinlay-T2D",,,"2846","25/07/2025 3:15 PM","21/05/2026 4:18 PM","Muhammad Abid-T2D"
"Island","No","N/A",,"N/A","No","N/A","PV","230","EF_30_60","Pavements","Ss_30_14_15_16","Concrete paving systems","Pr_20_31_16","Concretes","EF_30_60Ss_30_14_15_16Pr_20_31_16","2; 3","N/A","N/A",,,,"Tay, Bryan","690",,"163","13/05/2025 5:19 PM","20/05/2026 2:35 PM","Bird, Cheyne"
"Isolation Valve","No","IVL","IVL","No","No","Model","HY",,"EF_55_70","Water supply","Ss_55_70","Water distribution and supply systems","Pr_65_54_94_84","Steel gate valves","EF_55_70Ss_55_70Pr_65_54_94_84",,"01.05 M&E","01.05.02.12.08 Deluge Main Section Isolation Valve",,"Point Asset","Point","James McKinlay-T2D",,,"2914","25/07/2025 3:16 PM","21/05/2026 4:18 PM","Muhammad Abid-T2D"
"ITS Control Panel","Yes","ICP","ICP","Yes","No","Model","TT",,"EF_75_30_35","Road signals and controls","Ss_75_30_35","Road signal and control systems","Pr_75_50_18_17","Control panels","EF_75_30_35Ss_75_30_35Pr_75_50_18_17",,"01.05 M&E","01.05.05.05.23 ITS Control Panel",,"Point Asset","Point","James McKinlay-T2D",,,"2961","25/07/2025 3:17 PM","20/05/2026 5:45 PM","Gunagi, Pooja"
"ITS Electrical Pole","Yes","IEP","IEP","Yes","No","Model","TT",,"EF_75_30_35","Road signals and controls","Ss_37_17_50","Mast and pole systems","Pr_20_85_50_90","Traffic signal poles","EF_75_30_35Ss_37_17_50Pr_20_85_50_90",,"01.05 M&E","01.05.05.05.21 Fixed and Regulatory Signs",,"Point Asset",,"James McKinlay-T2D",,,"2997","25/07/2025 3:18 PM","21/05/2026 11:26 AM","Bird, Cheyne"
"ITS Intelligent Transport System Cabinet","Yes","ITS","ITS","Yes","No","Model","TT",,"EF_75_30_35","Road signals and controls","Ss_75_30_35","Road signal and control systems","Pr_80_77_28_21","Data equipment cabinets","EF_75_30_35Ss_75_30_35Pr_80_77_28_21",,"01.05 M&E","01.05.05.05.19 Roadside Cabinets",,"Point Asset","Point","James McKinlay-T2D",,,"2962","25/07/2025 3:17 PM","20/05/2026 5:45 PM","Gunagi, Pooja"
"ITS Support","No","N/A",,"No","No","N/A","RS","141","EF_75_40_53","Monitoring","Ss_75_40_53_86","Surveillance CCTV systems","Pr_60_75_86","Surveillance cameras, monitors and ancillaries","EF_75_40_53Ss_75_40_53_86Pr_60_75_86",,"N/A","N/A",,,,"Dela Cruz, Cyrel",,,"3233","12/11/2025 1:49 PM","20/05/2026 3:53 PM","Muhammad Abid-T2D"
"ITS Support BR","No","N/A",,"N/A","No","N/A","BR","121","EF_75_40_53","Monitoring","Ss_75_40_53_86","Surveillance CCTV systems","Pr_60_75_86","Surveillance cameras, monitors and ancillaries","EF_75_40_53Ss_75_40_53_86Pr_60_75_86",,"N/A","N/A",,,,"Dela Cruz, Cyrel",,,"3572","20/04/2026 8:42 AM","15/06/2026 3:35 PM","Bird, Cheyne"
"Jersey Barriers","Yes","JEB","JEB","No","No","Model","FN","248","EF_25_55","Barriers","Ss_25_16_94","Vehicle restraint systems","Pr_25_71_57_18","Concrete safety barrier panels","EF_25_55Ss_25_16_94Pr_25_71_57_18","2; 3","01.03 Roadside","01.03.03.01.04  Jersey Barriers",,"Point Asset","Line","Tay, Bryan","732",,"206","13/05/2025 5:19 PM","20/05/2026 5:45 PM","Gunagi, Pooja"
"Jet Fan Frame","Yes","JFF","JFF","Yes","No","Unsure","TV",,"EF_65_40_94","Vehicular space ventilation","Ss_65_40_94_90","Tunnel ventilation systems","Pr_20_76_51","Metal sections","EF_65_40_94Ss_65_40_94_90Pr_20_76_51",,"01.05 M&E","01.05.03.01.01 Jet Fans (JTF)",,"Point Asset","Point","Mazarei, Ashkan (DIT)",,,"3266","9/12/2025 8:33 AM","20/05/2026 5:04 PM","Gunagi, Pooja"
"Jet Fans","Yes","JTF","JTF","Yes","No","Model","TV",,"EF_65_40_94","Vehicular space ventilation","Ss_65_40_94_90","Tunnel ventilation systems","Pr_65_67_29_44","Jet fans","EF_65_40_94Ss_65_40_94_90Pr_65_67_29_44",,"01.05 M&E","01.05.03.01.01 Jet Fans (JTF)",,"Point Asset","Point","James McKinlay-T2D",,,"2819","25/07/2025 3:15 PM","20/05/2026 5:45 PM","Gunagi, Pooja"
"Junction Box (LV)","Yes","PJB","PJB","No","No","Model","LV",,"EF_70_30_45","Low-voltage electricity distribution","Ss_70_30_45_45","Low-voltage distribution systems","Pr_80_77_28_08","Cable junction boxes","EF_70_30_45Ss_70_30_45_45Pr_80_77_28_08",,"01.05 M&E","01.05.01.03.15 Junction Box (LV)",,"Point Asset","Point","James McKinlay-T2D",,,"2622","25/07/2025 3:11 PM","20/05/2026 5:52 PM","Gunagi, Pooja"
"Kerb","Yes","KRB","KRB","No","No","Model","FN","221","EF_30_60_95","Vehicular pavements","Ss_30_60_45_15","Concrete kerb systems","Pr_25_93_60_12","Combined drainage and kerb units","EF_30_60_95Ss_30_60_45_15Pr_25_93_60_12","2; 3","01.02 Drainage","01.02.01.01.01 Kerb and Gutters",,"Linear Referenced Asset","Line","Tay, Bryan","670",,"143","13/05/2025 5:18 PM","20/05/2026 5:45 PM","Gunagi, Pooja"
"Kerb and Gutters ","Yes","KRB","KRB","No","No","Model","FN","221","EF_30_60_95","Vehicular pavements","Ss_30_60_45_15","Concrete kerb systems","Pr_25_93_60_12","Combined drainage and kerb units","EF_30_60_95Ss_30_60_45_15Pr_25_93_60_12","2; 3","01.02 Drainage","01.02.01.01.01 Kerb and Gutters",,"Linear Referenced Asset","Line","Tay, Bryan","669",,"142","13/05/2025 5:18 PM","20/05/2026 5:45 PM","Gunagi, Pooja"
"Kerb ramp","No","N/A",,"N/A","No","N/A","FN","221","EF_30_60_95","Vehicular pavements","Ss_30_60_45_15","Concrete kerb systems","Pr_25_93_45_18","Concrete kerbs","EF_30_60_95Ss_30_60_45_15Pr_25_93_45_18","2; 3","N/A","N/A",,,,"Tay, Bryan","668",,"141","13/05/2025 5:18 PM","20/05/2026 2:35 PM","Bird, Cheyne"
"KEYBOARD VIDEO MOUSE CONSOLE","Yes","KVM","KVM","Yes","No","Unsure","PA",,"EF_75_10_68","Public communications","Ss_75_10_68_68","Public address systems","Pr_70_75_20","Data communication products","EF_75_10_68Ss_75_10_68_68Pr_70_75_20",,"01.05 M&E","01.05.05.04.01 Public Address System",,"Point Asset","Point","Mazarei, Ashkan (DIT)",,,"3646","15/05/2026 2:35 PM","20/05/2026 5:05 PM","Gunagi, Pooja"
"Keyboard, Monitor, Mouse","Yes","KMM","KMM","Yes","No","Unsure","CP",,"EF_75_30_35","Road signals and controls","Ss_75_30_35","Road signal and control systems","Pr_70_75_15","Computers and peripherals","EF_75_30_35Ss_75_30_35Pr_70_75_15",,"01.05 M&E","N/A",,"Point Asset","Point","Mazarei, Ashkan (DIT)",,,"3293","19/12/2025 8:46 AM","21/05/2026 5:01 PM","James McKinlay-T2D"
"Keyboard, Video, Mouse","Yes","KVM","KVM","Yes","No","Unsure","CP",,"EF_75_30_35","Road signals and controls","Ss_75_30_35","Road signal and control systems","Pr_70_75_15","Computers and peripherals","EF_75_30_35Ss_75_30_35Pr_70_75_15",,"01.05 M&E","N/A",,"Point Asset","Point","Mazarei, Ashkan (DIT)",,,"3292","19/12/2025 8:46 AM","21/05/2026 5:01 PM","James McKinlay-T2D"
"Knife Gate Valve","Yes","KGV","KGV","Yes","No","Unsure","HY",,"EF_55_70","Water supply","Ss_55_70","Water distribution and supply systems","Pr_65_54_94_45","Knife gate valves","EF_55_70Ss_55_70Pr_65_54_94_45",,"01.05 M&E","01.05.04.05.01 Valves & Actuators",,"Point Asset","Point","Mazarei, Ashkan (DIT)",,,"3304","14/01/2026 12:32 PM","20/05/2026 5:05 PM","Gunagi, Pooja"
"Lane use management signs","Yes","LUMS","LUMS","Yes","No","Model","TT",,"EF_75_30_35","Road signals and controls","Ss_75_30_35","Road signal and control systems","Pr_70_75_72_50","Motorway lane signals","EF_75_30_35Ss_75_30_35Pr_70_75_72_50",,"01.05 M&E","01.05.05.05.10 Lane Use Management Signs",,"Point Asset","Point","James McKinlay-T2D",,,"2963","25/07/2025 3:17 PM","20/05/2026 5:45 PM","Gunagi, Pooja"
"Layer 2 Managed Ethernet Switch","Yes","ESW","ESW","Yes","No","Unsure","CP",,"EF_75_30_35","Road signals and controls","Ss_75_30_35","Road signal and control systems","Pr_70_75_20","Data communication products","EF_75_30_35Ss_75_30_35Pr_70_75_20",,"01.05 M&E","01.05.05.02.02 PMCS Hardware",,"Point Asset","Point","James McKinlay-T2D",,,"3141","16/09/2025 9:56 AM","20/05/2026 5:04 PM","Gunagi, Pooja"
"Layer 3 Core Ethernet Switch","Yes","SCE","SCE","Yes","No","Unsure","CD",,"EF_75_30_35","Road signals and controls","Ss_75_30_35","Road signal and control systems","Pr_70_75_20","Data communication products","EF_75_30_35Ss_75_30_35Pr_70_75_20",,"01.05 M&E","01.05.05.02.01 Data communications Network",,"Point Asset","Point","James McKinlay-T2D",,,"3148","16/09/2025 9:56 AM","20/05/2026 5:22 PM","Gunagi, Pooja"
"Level Indicating Device","No","LID","LID","No","No","Unsure","FD",,"EF_75_50_28","Fire and smoke detection and alarms","Ss_75_50_28_29","Fire detection and alarm systems","Pr_75_50_47","Liquid level sensors","EF_75_50_28Ss_75_50_28_29Pr_75_50_47",,"01.05 M&E","01.05.02.01.01 Fire Detection and Control System",,"Point Asset","Point","Mazarei, Ashkan (DIT)",,,"3216","21/10/2025 3:29 PM","20/05/2026 5:04 PM","Gunagi, Pooja"
"Level Indicating Transmitter","Yes","LIT","LIT","Yes","No","Model","HY",,"EF_55_70","Water supply","Ss_55_70","Water distribution and supply systems","Pr_75_50_47_97","Water level sensors","EF_55_70Ss_55_70Pr_75_50_47_97",,"01.05 M&E","01.05.04.10.07 Level Indicating Transmitter",,"Point Asset","Point","James McKinlay-T2D",,,"2879","25/07/2025 3:15 PM","20/05/2026 5:45 PM","Gunagi, Pooja"
"Level Switch","Yes","LWV","LWV","Yes","No","Unsure","FS",,"EF_55_30","Fire-extinguishing supply","Ss_55_30","Fire-extinguishing systems","Pr_65_54_30","Firefighting valves and devices","EF_55_30Ss_55_30Pr_65_54_30",,"01.05 M&E","01.05.04.10.07 Level Indicating Transmitter",,"Point Asset","Point","James McKinlay-T2D",,,"2762","25/07/2025 3:14 PM","20/05/2026 5:04 PM","Gunagi, Pooja"
"Lifts","Yes","ELV","ELV","Yes","No","Model","AR","335","EF_80_50","Lifts","Ss_80_50_60_26","Electric passenger and goods-passenger lift systems","Pr_80_77_46_32","Free-standing self-supporting lift shafts","EF_80_50Ss_80_50_60_26Pr_80_77_46_32","3FC","01.04 Structures","01.04.04.02.06 Lifts",,"Point Asset","Point","Tay, Bryan","832",,"307","13/05/2025 5:19 PM","20/05/2026 5:35 PM","Gunagi, Pooja"
"Light Switch","Yes","LSW","LSW","Yes","No","Model","LE",,"EF_70_80","Lighting","Ss_70_80_33","General lighting systems","Pr_65_72_97_46","Light switches","EF_70_80Ss_70_80_33Pr_65_72_97_46",,"01.05 M&E","01.05.05.05.31 Switch",,"Point Asset","Point","James McKinlay-T2D",,,"3031","25/07/2025 3:19 PM","21/05/2026 4:18 PM","Muhammad Abid-T2D"
"Lighting - Cabinets and Niche","No","LTN","LTN","No","No","Model","LT",,"EF_70_80","Lighting","Ss_70_80","Lighting systems","Pr_75_50_18_93","Utility supply control panels","EF_70_80Ss_70_80Pr_75_50_18_93","2; 3","01.05 M&E","01.05.06.01.14 Lighting - Cabinets and Niche",,"Point Asset","Point","James McKinlay-T2D",,,"3023","25/07/2025 3:19 PM","19/06/2026 1:02 PM","Taylor, Daniel"
"Lighting Conduit","No","N/A",,"N/A","No","N/A","LT","242","EF_70_80","Lighting","Ss_70_80_33","General lighting systems","Pr_65_70_11_09","Buried conduit","EF_70_80Ss_70_80_33Pr_65_70_11_09","2; 3","N/A","N/A",,,,"Tay, Bryan","693",,"166","13/05/2025 5:19 PM","20/05/2026 2:35 PM","Bird, Cheyne"
"Lighting Conduit (On Bridges)","No","N/A",,"N/A","No","N/A","BR","121","EF_70_80","Lighting","Ss_70_80_33","General lighting systems","PR_65_70_11","Cable management and accessories","EF_70_80Ss_70_80_33PR_65_70_11",,"N/A","N/A",,,,"Dela Cruz, Cyrel",,,"3225","5/11/2025 8:25 AM","20/05/2026 3:53 PM","Muhammad Abid-T2D"
"Lighting Control Panel","Yes","LCP","LCP","Yes","No","Model","LV",,"EF_70_30_45","Low-voltage electricity distribution","Ss_70_30_45_45","Low-voltage distribution systems","Pr_75_50_18_93","Utility supply control panels","EF_70_30_45Ss_70_30_45_45Pr_75_50_18_93",,"01.05 M&E","01.05.06.01.01 Tunnel Lighting Control Panel",,"Point Asset","Point","James McKinlay-T2D",,,"3017","25/07/2025 3:19 PM","20/05/2026 5:45 PM","Gunagi, Pooja"
"Lighting Junction Box","No","LJB","LJB","No","No","Model","LT",,"EF_70_80","Lighting","Ss_70_80","Lighting systems","Pr_80_77_28_08","Cable junction boxes","EF_70_80Ss_70_80Pr_80_77_28_08","2; 3","01.05 M&E","01.05.06.01.15 Lighting Junction Box",,"Point Asset","Point","James McKinlay-T2D",,,"3019","25/07/2025 3:19 PM","19/06/2026 1:02 PM","Taylor, Daniel"
"Lighting Junction Box - Structure Mounted","Yes","PJB","PJB","No","No","Model","LT","243","EF_70_30_10","Cable management","Ss_70_80_33","General lighting systems","Pr_80_77_28_08","Cable junction boxes","EF_70_30_10Ss_70_80_33Pr_80_77_28_08","2; 3","01.05 M&E","01.05.01.03.15 Junction Box (LV)",,"Point Asset","Point","Tay, Bryan","701",,"174","13/05/2025 5:19 PM","20/05/2026 5:51 PM","Gunagi, Pooja"
"Lighting Junction Box (Bridge)","Yes","LJB","LJB","No","No","Model","BR","121","EF_70_80","Lighting","Ss_70_80","Lighting systems","Pr_80_77_28_08","Cable junction boxes","EF_70_80Ss_70_80Pr_80_77_28_08","3BAP; 3BDE; 3BAB; 3BSP; 3BPI","01.05 M&E","01.05.06.01.15 Lighting Junction Box",,"Point Asset","Point","Dela Cruz, Cyrel",,,"3178","18/09/2025 9:52 AM","20/05/2026 5:45 PM","Gunagi, Pooja"
"Lighting Junction Box (RS)","Yes","LJB","LJB","No","No","Model","RS","141","EF_70_80","Lighting","Ss_70_80","Lighting systems","Pr_80_77_28_08","Cable junction boxes","EF_70_80Ss_70_80Pr_80_77_28_08","3BAP; 3BDE; 3BAB; 3BSP; 3BPI","01.05 M&E","01.05.06.01.15 Lighting Junction Box",,"Point Asset","Point","Bird, Cheyne",,,"3464","30/03/2026 12:50 PM","20/05/2026 5:45 PM","Gunagi, Pooja"
"Lighting Pit (HV)","Yes","LTP","LTP","No","No","Model","LT","242","EF_70_80","Lighting","Ss_70_30_35_35","High-voltage distribution systems","Pr_65_52_25_15","Concrete catch pits","EF_70_80Ss_70_30_35_35Pr_65_52_25_15",,"01.05 M&E","01.05.01.01.03 Cable Pits (HV)",,"Point Asset","Point","Bird, Cheyne",,,"548","17/06/2025 11:52 AM","20/05/2026 5:45 PM","Gunagi, Pooja"
"Lighting Pit (LV)","Yes","LTP","LTP","No","No","Model","LT","242","EF_70_80","Lighting","Ss_70_80_33","General lighting systems","Pr_65_52_25_15","Concrete catch pits","EF_70_80Ss_70_80_33Pr_65_52_25_15","2; 3","01.05 M&E","01.05.01.03.03 Cable Pits (LV)",,"Point Asset","Point","Tay, Bryan","692",,"165","13/05/2025 5:19 PM","20/05/2026 5:45 PM","Gunagi, Pooja"
"Lighting Pole (Not for Roads)","Yes","RL","RL","No","No","Model","LT","243","EF_70_80","Lighting","Ss_70_80_25_70","Roadway lighting systems","Pr_80_77_48_80","Steel lighting columns","EF_70_80Ss_70_80_25_70Pr_80_77_48_80","2; 3","01.05 M&E","01.05.06.01.12 Surface Road and Interchange Lighting",,"Point Asset","Point","Tay, Bryan","702",,"175","13/05/2025 5:19 PM","20/05/2026 5:51 PM","Gunagi, Pooja"
"Lighting Pole (on Bridges)","Yes","RL","RL","Yes","No","Model","BR","121","EF_70_80","Lighting","Ss_70_80_25_70","Roadway lighting systems","Pr_80_77_48_80","Steel lighting columns","EF_70_80Ss_70_80_25_70Pr_80_77_48_80","2; 3BDE; 3BAP","01.05 M&E","01.05.06.01.12 Surface Road and Interchange Lighting",,"Point Asset","Point","Tay, Bryan","702",,"3167","16/09/2025 2:57 PM","20/05/2026 5:52 PM","Gunagi, Pooja"
"Lighting Pole (RS)","Yes","RL","RL","Yes","No","Model","RS","141","EF_70_80","Lighting","Ss_70_80_25_70","Roadway lighting systems","Pr_80_77_48_80","Steel lighting columns","EF_70_80Ss_70_80_25_70Pr_80_77_48_80",,"01.05 M&E","01.05.06.01.12 Surface Road and Interchange Lighting",,"Point Asset","Point","Dela Cruz, Cyrel",,,"3230","12/11/2025 12:22 PM","20/05/2026 5:52 PM","Gunagi, Pooja"
"Lightning Protection","Yes","LPR","LPR","Yes","No","Model","EB",,"EF_70_30_45","Low-voltage electricity distribution","Ss_70_30_25_45","Lightning protection systems","Pr_65_70_46","Lightning protection and earthing components","EF_70_30_45Ss_70_30_25_45Pr_65_70_46",,"01.05 M&E","01.05.01.08.01 Lightning Protection",,"Point Asset","Point","James McKinlay-T2D",,,"2607","25/07/2025 3:11 PM","20/05/2026 5:45 PM","Gunagi, Pooja"
"Lightning Protection System - Air Terminal","Yes","LPR","LPR","Yes","No","Model","EB","510","EF_70","Electrical power and lighting functions","Ss_70_30_25_45","Lightning protection systems","Pr_65_70_46_01","Air terminals","EF_70Ss_70_30_25_45Pr_65_70_46_01","3FC","01.05 M&E","01.05.01.08.01 Lightning Protection",,"Point Asset","Point","Tay, Bryan","961",,"436","13/05/2025 5:59 PM","20/05/2026 5:45 PM","Gunagi, Pooja"
"LIGHTNING PROTECTION SYSTEM (RR)","Yes","LPS","LPS","Yes","No","Unsure","RR",,"EF_75_10_21","Data distribution and telecommunications","Ss_75_10_21_21","Data distribution systems","Pr_65_70_46","Lightning protection and earthing components","EF_75_10_21Ss_75_10_21_21Pr_65_70_46",,"01.05 M&E","01.05.05.02.01 Data communications Network",,"Point Asset",,"Mazarei, Ashkan (DIT)",,,"3636","15/05/2026 1:29 PM","20/05/2026 5:05 PM","Gunagi, Pooja"
"Limit Switch","Yes","LMT","LMT","Yes","No","Unsure","VA",,"EF_65_80","Air conditioning","Ss_65_80","Air conditioning systems","Pr_75_51_17_75","Safety limit switches","EF_65_80Ss_65_80Pr_75_51_17_75",,"01.05 M&E","01.05.05.05.31 Switch",,"Point Asset","Point","James McKinlay-T2D",,,"2847","25/07/2025 3:15 PM","20/05/2026 5:04 PM","Gunagi, Pooja"
"Line Level Converter","Yes","LLC","LLC","Yes","No","Unsure","PA",,"EF_75_10_68","Public communications","Ss_75_10_68_68","Public address systems","Pr_70_75_20","Data communication products","EF_75_10_68Ss_75_10_68_68Pr_70_75_20",,"01.05 M&E","01.05.05.04.01 Public Address System",,"Point Asset",,"Mazarei, Ashkan (DIT)",,,"3387","17/02/2026 8:48 AM","20/05/2026 5:05 PM","Gunagi, Pooja"
"Linear Alcove Light","Yes","LLD","LLD","Yes","No","Model","LE",,"EF_70_80","Lighting","Ss_70_80_25_70","Roadway lighting systems","Pr_70_70_48_85","Surface luminaires","EF_70_80Ss_70_80_25_70Pr_70_70_48_85",,"01.05 M&E","01.05.06.01.08 Linear LED Luminaire",,"Point Asset","Point","James McKinlay-T2D",,,"3020","25/07/2025 3:19 PM","20/05/2026 5:45 PM","Gunagi, Pooja"
"Linear Heat Detector","Yes","LHD","LHD","Yes","No","Model","FD",,"EF_75_50_28","Fire and smoke detection and alarms","Ss_75_50_28_29","Fire detection and alarm systems","Pr_75_80_30_47","Linear heat detectors","EF_75_50_28Ss_75_50_28_29Pr_75_80_30_47",,"01.05 M&E","01.05.02.01.13 Linear Heat Detector",,"Point Asset","Point","James McKinlay-T2D",,,"2705","25/07/2025 3:13 PM","20/05/2026 5:45 PM","Gunagi, Pooja"
"Linear Heat Detector Controller","Yes","LHC","LHC","Yes","No","Unsure","FD",,"EF_75_50_28","Fire and smoke detection and alarms","Ss_75_50_28_29","Fire detection and alarm systems","Pr_75_80_30","Fire detection and alarm devices and control equipment","EF_75_50_28Ss_75_50_28_29Pr_75_80_30",,"01.05 M&E","01.05.02.01.13 Linear Heat Detector",,"Point Asset","Point","James McKinlay-T2D",,,"2763","25/07/2025 3:14 PM","20/05/2026 5:04 PM","Gunagi, Pooja"
"Linear Heat Fibre Optic Cable","No","HOC","HOC","No","No","Model","FD",,"EF_75_50_28","Fire and smoke detection and alarms","Ss_75_50_28_29","Fire detection and alarm systems","Pr_65_70_15_58","Optical fibre cables","EF_75_50_28Ss_75_50_28_29Pr_65_70_15_58",,"01.05 M&E","01.05.02.01.05 Fibre Optic Heat Detection System",,"Point Asset","Line","James McKinlay-T2D",,,"2764","25/07/2025 3:14 PM","21/05/2026 3:47 PM","Muhammad Abid-T2D"
"Live Line Indicator","No","LLI","LLI","No","No","Unsure","LV",,"EF_70_30_45","Low-voltage electricity distribution","Ss_70_30_25","Electrical protection systems","Pr_65_72_27","Electrical protective devices","EF_70_30_45Ss_70_30_25Pr_65_72_27",,"01.05 M&E","01.05.01.01.05 Instrumentation & Meters (HV)",,"Point Asset","Point","James McKinlay-T2D",,,"2646","25/07/2025 3:13 PM","20/05/2026 5:03 PM","Gunagi, Pooja"
"Local Isolator","No","ISO","ISO","No","No","Register","LV",,"EF_70_30_45","Low-voltage electricity distribution","Ss_70_30_45_45","Low-voltage distribution systems","Pr_60_70_48_47","Low-voltage switch-disconnectors","EF_70_30_45Ss_70_30_45_45Pr_60_70_48_47",,"01.05 M&E","01.05.01.03.14 Isolation Breaker (LV)",,"Point Asset","Point","James McKinlay-T2D",,,"2665","25/07/2025 3:13 PM","20/05/2026 4:10 PM","Gunagi, Pooja"
"Longitudinal Line Marking","Yes","LLM","LLM","No","No","Model","GD",,"EF_40_10","Signage","Ss_40_10_90","Traffic signage and marking systems","Pr_35_31_85_88","Thermoplastic line markings","EF_40_10Ss_40_10_90Pr_35_31_85_88","1","01.01 Roads","01.01.03.01.01 Longitudinal Line Marking ",,"Linear Feature","Line","Tay, Bryan","950",,"425","13/05/2025 5:21 PM","20/05/2026 5:45 PM","Gunagi, Pooja"
"Loose Laid Aggregate Paving","No","N/A",,"N/A","No","N/A","LA","217","EF_30_60","Pavements","Ss_30_14_80_45","Loose laid aggregate paving systems","Pr_20_31_04_48","Loose surfacing decorative aggregates","EF_30_60Ss_30_14_80_45Pr_20_31_04_48","2CA","N/A","N/A",,,,"Bird, Cheyne","978",,"465","21/05/2025 10:50 AM","20/05/2026 3:52 PM","Muhammad Abid-T2D"
"LORA WAN GATEWAY","Yes","GWY","GWY","Yes","No","Unsure","WF",,"EF_75_10_21","Data distribution and telecommunications","Ss_75_10_21_21","Data distribution systems","Pr_70_75_20","Data communication products","EF_75_10_21Ss_75_10_21_21Pr_70_75_20",,"01.05 M&E","01.05.05.02.01 Data communications Network",,"Point Asset",,"Mazarei, Ashkan (DIT)",,,"3517","13/04/2026 11:23 AM","20/05/2026 5:05 PM","Gunagi, Pooja"
"Low Band Pass Filter","Yes","RFF","RFF","Yes","No","Unsure","MP",,"EF_75_10_21","Data distribution and telecommunications","Ss_75_10_21_52","Mobile telecommunications systems","Pr_70_75_88","Telecoms equipment","EF_75_10_21Ss_75_10_21_52Pr_70_75_88",,"01.05 M&E","01.05.05.02.01 Data communications Network",,"Point Asset",,"Mazarei, Ashkan (DIT)",,,"3443","19/03/2026 10:26 AM","20/05/2026 5:22 PM","Gunagi, Pooja"
"Low level egress guidance light","Yes","LLG","LLG","Yes","No","Model","LE",,"EF_70_80_25","External lighting","Ss_70_80_25_90","Tunnel lighting systems","Pr_70_70_48_27","Electrical low-mounted way-guidance lighting modules","EF_70_80_25Ss_70_80_25_90Pr_70_70_48_27",,"01.05 M&E","01.05.06.01.02 Tunnel Lighting",,"Point Asset","Point","James McKinlay-T2D",,,"3032","25/07/2025 3:19 PM","21/05/2026 4:18 PM","Muhammad Abid-T2D"
"Low Level Emergency Light","Yes","LLE","LLE","Yes","No","Model","LE",,"EF_70_80","Lighting","Ss_70_80_33_78","Self-contained emergency lighting systems","Pr_70_70_48_25","Emergency luminaires","EF_70_80Ss_70_80_33_78Pr_70_70_48_25",,"01.05 M&E","01.05.06.01.05 Low Level Egress ",,"Point Asset","Point","James McKinlay-T2D",,,"3021","25/07/2025 3:19 PM","20/05/2026 5:45 PM","Gunagi, Pooja"
"Low Voltage Earth Bar","No","LEB","LEB","No","No","Model","LT","362","EF_70_30_45","Low-voltage electricity distribution","Ss_70_30_25_25","Earthing and bonding systems","Pr_65_70_46_24","Earth bars","EF_70_30_45Ss_70_30_25_25Pr_65_70_46_24",,"01.05 M&E","01.05.01.01.15 Earth Marshalling Bar
",,"Point Asset","Point","James McKinlay-T2D",,,"2647","25/07/2025 3:13 PM","21/05/2026 4:18 PM","Muhammad Abid-T2D"
"Low Voltage Neutral Bar","No","LNB","LNB","No","No","Unsure","LV",,"EF_70_30_45","Low-voltage electricity distribution","Ss_70_30_25_25","Earthing and bonding systems","Pr_65_70_46","Lightning protection and earthing components","EF_70_30_45Ss_70_30_25_25Pr_65_70_46",,"01.05 M&E","01.05.01.03.09 Essential Electrical Distribution Board",,"Point Asset","Point","James McKinlay-T2D",,,"2648","25/07/2025 3:13 PM","20/05/2026 5:03 PM","Gunagi, Pooja"
"Low Voltage Switch Isolator","No","LSI","LSI","No","No","Register","LV",,"EF_70_30_45","Low-voltage electricity distribution","Ss_70_30_45_45","Low-voltage distribution systems","Pr_60_70_48_47","Low-voltage switch-disconnectors","EF_70_30_45Ss_70_30_45_45Pr_60_70_48_47",,"01.05 M&E","01.05.01.03.14 Isolation Breaker (LV)",,"Point Asset","Point","James McKinlay-T2D",,,"2649","25/07/2025 3:13 PM","20/05/2026 4:10 PM","Gunagi, Pooja"
"Main Fire Indication Panel","Yes","MFIP","MFIP","Yes","No","Model","FD",,"EF_75_50_28","Fire and smoke detection and alarms","Ss_75_50_28","Fire and smoke detection and alarm systems","Pr_75_80_30","Fire detection and alarm devices and control equipment","EF_75_50_28Ss_75_50_28Pr_75_80_30",,"01.05 M&E","01.05.02.01.12 Fire Panel",,"Point Asset","Point","James McKinlay-T2D",,,"2709","25/07/2025 3:13 PM","20/05/2026 5:45 PM","Gunagi, Pooja"
"Main Pipe","No","HPS","HPS","No","No","Model","HY",,"EF_55","Piped supply functions","Ss_55","Piped supply systems","Pr_65_52_63","Pipes and fittings","EF_55Ss_55Pr_65_52_63",,"01.05 M&E","01.05.04.06.02 Rising Main Pipe",,"Point Asset","Line","James McKinlay-T2D",,,"2915","25/07/2025 3:16 PM","21/05/2026 3:47 PM","Muhammad Abid-T2D"
"Main Switchboard","Yes","MSB","MSB","Yes","No","Model","LV",,"EF_70_30_45","Low-voltage electricity distribution","Ss_70_30_45_45","Low-voltage distribution systems","Pr_60_70_22_50","Master distribution boxes","EF_70_30_45Ss_70_30_45_45Pr_60_70_22_50",,"01.05 M&E","01.05.01.03.25Main Switchboard",,"Point Asset","Point","James McKinlay-T2D",,,"2613","25/07/2025 3:11 PM","20/05/2026 5:45 PM","Gunagi, Pooja"
"Make Up Air Duct","No","DMA","DMA","No","No","Model","VA",,"EF_65_80","Air conditioning","Ss_65_80","Air conditioning systems","Pr_65_65_25","Ductwork and fittings","EF_65_80Ss_65_80Pr_65_65_25",,"01.04 Structures","01.04.03.03.01 Longitudinal Ducting",,"Point Asset","Line","James McKinlay-T2D",,,"2848","25/07/2025 3:15 PM","21/05/2026 3:42 PM","Muhammad Abid-T2D"
"Make Up Air Grille","No","MAG","MAG","No","No","Model","VA",,"EF_65_80","Air conditioning","Ss_65_80","Air conditioning systems","Pr_70_65_04_03","Air grilles","EF_65_80Ss_65_80Pr_70_65_04_03",,"01.05 M&E","01.05.03.06.01 Ventilation Louvers",,"Point Asset","Point","James McKinlay-T2D",,,"2849","25/07/2025 3:15 PM","21/05/2026 4:18 PM","Muhammad Abid-T2D"
"Make Up Water System Pipework","No","MUP","MUP","No","No","Model","FS",,"EF_55_30","Fire-extinguishing supply","Ss_55_30","Fire-extinguishing systems","Pr_65_52_63_82","Steel pipes","EF_55_30Ss_55_30Pr_65_52_63_82",,"01.05 M&E","01.05.04.10.01 Water Treatment Plant",,"Point Asset","Line","James McKinlay-T2D",,,"2765","25/07/2025 3:14 PM","21/05/2026 4:18 PM","Muhammad Abid-T2D"
"Managed Dual Network Access Y Switch","Yes","YSW","YSW","Yes","No","Unsure","CP",,"EF_75_30_35","Road signals and controls","Ss_75_30_35","Road signal and control systems","Pr_70_75_20","Data communication products","EF_75_30_35Ss_75_30_35Pr_70_75_20",,"01.05 M&E","01.05.05.02.02 PMCS Hardware",,"Point Asset","Point","James McKinlay-T2D",,,"3142","16/09/2025 9:56 AM","20/05/2026 5:22 PM","Gunagi, Pooja"
"MANAGED POWER RAIL RARITAN","Yes","PWR","PWR","Yes","No","Unsure","MC",,"EF_75_30_35","Road signals and controls","Ss_75_30_35","Road signal and control systems","Pr_65_72_43","Power conditioning equipment","EF_75_30_35Ss_75_30_35Pr_65_72_43",,"01.05 M&E","01.05.05.02.02 PMCS Hardware",,"Point Asset",,"Mazarei, Ashkan (DIT)",,,"3658","19/05/2026 11:15 AM","20/05/2026 5:12 PM","Gunagi, Pooja"
"Manual Activation Valve","No","MVA","MVA","No","No","Unsure","FS",,"EF_55_30","Fire-extinguishing supply","Ss_55_30","Fire-extinguishing systems","Pr_65_54_30","Firefighting valves and devices","EF_55_30Ss_55_30Pr_65_54_30",,"01.05 M&E","01.05.04.05.01 Valves & Actuators",,"Point Asset","Point","James McKinlay-T2D",,,"2766","25/07/2025 3:14 PM","20/05/2026 5:11 PM","Gunagi, Pooja"
"Manual Actuator","No","MAV","MAV","No","No","Model","FS",,"EF_55_30","Fire-extinguishing supply","Ss_55_30","Fire-extinguishing systems","Pr_75_50_02","Actuators","EF_55_30Ss_55_30Pr_75_50_02",,"01.05 M&E","01.05.04.05.01 Valves & Actuators",,"Point Asset","Point","James McKinlay-T2D",,,"2767","25/07/2025 3:14 PM","21/05/2026 4:18 PM","Muhammad Abid-T2D"
"Manual Release Point","No","MRB","MRB","No","No","Unsure","FS",,"EF_75_50_28","Fire and smoke detection and alarms","Ss_75_50_28","Fire and smoke detection and alarm systems","Pr_75_80_30","Fire detection and alarm devices and control","EF_75_50_28Ss_75_50_28Pr_75_80_30",,"01.05 M&E","01.05.02.01.02 MCP Manual Call Points",,"Point Asset","Point","James McKinlay-T2D",,,"2768","25/07/2025 3:14 PM","20/05/2026 5:11 PM","Gunagi, Pooja"
"Manual Shutdown Point","No","MSP","MSP","No","No","Model","FS",,"EF_75_50_28","Fire and smoke detection and alarms","Ss_75_50_28","Fire and smoke detection and alarm systems","Pr_75_51_17_27","Emergency stop buttons","EF_75_50_28Ss_75_50_28Pr_75_51_17_27",,"01.05 M&E","01.05.02.01.02 MCP Manual Call Points",,"Point Asset","Point","James McKinlay-T2D",,,"2769","25/07/2025 3:14 PM","20/05/2026 5:45 PM","Gunagi, Pooja"
"Masonry Block Walls (Non Load Bearing)","No","N/A",,"N/A","No","N/A","AR","326","EF_25_10","Walls","Ss_25_13_50","Masonry wall systems","Pr_20_93_52_01","Aggregate concrete blocks","EF_25_10Ss_25_13_50Pr_20_93_52_01","3FC","N/A","N/A",,,,"Tay, Bryan","819",,"294","13/05/2025 5:19 PM","20/05/2026 3:52 PM","Muhammad Abid-T2D"
"Masonry Wall","No","N/A",,"N/A","No","N/A","LA","217","EF_25_10_25","External walls","Ss_25_13_50","Masonry wall systems","Pr_20_93_52","Masonry walling units","EF_25_10_25Ss_25_13_50Pr_20_93_52","2CA","N/A","N/A",,,,"Bird, Cheyne","987",,"474","21/05/2025 11:16 AM","20/05/2026 3:52 PM","Muhammad Abid-T2D"
"Mass Concrete CC","No","N/A",,"No","No","N/A","CC","101","EF_20_10_80","Solid structures","Ss_20_05_15","Concrete foundation systems","Pr_20_85_13","Concrete base and foundation products","EF_20_10_80Ss_20_05_15Pr_20_85_13",,"N/A","N/A",,,,"Dela Cruz, Cyrel",,,"3232","12/11/2025 1:44 PM","20/05/2026 3:53 PM","Muhammad Abid-T2D"
"Mass Concrete RS","No","N/A",,"No","No","N/A","RS","140","EF_20_10_80","Solid structures","Ss_20_05_15","Concrete foundation systems","Pr_20_85_13","Concrete base and foundation products","EF_20_10_80Ss_20_05_15Pr_20_85_13",,"N/A","N/A",,,,"Dela Cruz, Cyrel",,,"3231","12/11/2025 1:43 PM","20/05/2026 3:53 PM","Muhammad Abid-T2D"
"Master Unit Rack","Yes","MMU","MMU","Yes","No","Unsure","MP",,"EF_75_10_21","Data distribution and telecommunications","Ss_75_10_21_52","Mobile telecommunications systems","Pr_70_75_88","Telecoms equipment","EF_75_10_21Ss_75_10_21_52Pr_70_75_88",,"01.05 M&E","01.05.05.02.01 Data communications Network",,"Point Asset",,"Mazarei, Ashkan (DIT)",,,"3434","19/03/2026 10:26 AM","20/05/2026 5:05 PM","Gunagi, Pooja"
"MCC (Motor Control Centre)","Yes","MCC","MCC","Yes","No","Model","LV",,"EF_70_30_45","Low-voltage electricity distribution","Ss_70_30_45_45","Low-voltage distribution systems","Pr_75_51","Motors, motor controls, control circuit devices and timeswitches","EF_70_30_45Ss_70_30_45_45Pr_75_51",,"01.05 M&E","01.05.01.03.23 MCC (Motor Control Centre)",,"Point Asset","Point","James McKinlay-T2D",,,"2611","25/07/2025 3:11 PM","20/05/2026 5:45 PM","Gunagi, Pooja"
"MCC Circuit Breaker Feeder","Conditional","MQF","MQF","No","No","Unsure","LV",,"EF_70_30_45","Low-voltage electricity distribution","Ss_70_30_25","Electrical protection systems","Pr_65_72_27","Electrical protective devices","EF_70_30_45Ss_70_30_25Pr_65_72_27",,"01.05 M&E","01.05.01.03.05 Circuit Breaker (LV)",,"Point Asset","Point","James McKinlay-T2D",,,"2664","25/07/2025 3:13 PM","20/05/2026 5:11 PM","Gunagi, Pooja"
"MCC Circuit Breaker Incomer","Conditional","MQI","MQI","No","No","Unsure","LV",,"EF_70_30_45","Low-voltage electricity distribution","Ss_70_30_25","Electrical protection systems","Pr_65_72_27","Electrical protective devices","EF_70_30_45Ss_70_30_25Pr_65_72_27",,"01.05 M&E","01.05.01.03.12 Incoming Breaker (LV)",,"Point Asset","Point","James McKinlay-T2D",,,"2663","25/07/2025 3:13 PM","20/05/2026 5:11 PM","Gunagi, Pooja"
"MCC Power Quality Meter","Conditional","MQM","MQM","No","No","Unsure","LV",,"EF_70_30_45","Low-voltage electricity distribution","Ss_70_30_45_45","Low-voltage distribution systems","Pr_80_51_51_63","Power factor meters","EF_70_30_45Ss_70_30_45_45Pr_80_51_51_63",,"01.05 M&E","01.05.01.03.13 Instrumentation & Meters (LV)",,"Point Asset","Point","James McKinlay-T2D",,,"2666","25/07/2025 3:13 PM","20/05/2026 5:11 PM","Gunagi, Pooja"
"MCP Manual Call Points","Yes","MCP","MCP","Yes","No","Model","FD",,"EF_75_50_28","Fire and smoke detection and alarms","Ss_75_50_11","Emergency call systems","Pr_75_80_30_50","Manual call points","EF_75_50_28Ss_75_50_11Pr_75_80_30_50",,"01.05 M&E","01.05.02.01.02 MCP Manual Call Points",,"Point Asset","Point","James McKinlay-T2D",,,"2708","25/07/2025 3:13 PM","20/05/2026 5:45 PM","Gunagi, Pooja"
"Mechanical Services Switchboard","Yes","MSS","MSS","Yes","No","Model","ME",,"EF_75_70_52","Mechanical engineering services control and management","Ss_70_30_45_45","Low-voltage distribution systems","Pr_60_70_22_22","Distribution boards","EF_75_70_52Ss_70_30_45_45Pr_60_70_22_22",,"01.05 M&E","01.05.01.03.24 Mechanical Services Switchboard",,"Point Asset","Point","James McKinlay-T2D",,,"2614","25/07/2025 3:11 PM","20/05/2026 5:45 PM","Gunagi, Pooja"
"Media Converter","No","MCV","MCV","No","No","Unsure","FD",,"EF_75_50_28","Fire and smoke detection and alarms","Ss_75_50_28_29","Pr_70_75_20","Data communication products","Fire detection and alarm devices and control equipment","EF_75_50_28Ss_75_50_28_29Data communication products",,"01.05 M&E","01.05.02.01.01 Fire Detection and Control System",,"Point Asset","Point","Mazarei, Ashkan (DIT)",,,"3217","21/10/2025 3:31 PM","20/05/2026 5:04 PM","Gunagi, Pooja"
"Median (Concrete)","No","N/A",,"N/A","No","N/A","PV","230","EF_50_35","Below-ground drainage collection","Ss_30_14_15_16","Concrete paving systems","Pr_20_31_16","Concretes","EF_50_35Ss_30_14_15_16Pr_20_31_16","2; 3","N/A","N/A",,,,"Tay, Bryan","689",,"162","13/05/2025 5:19 PM","20/05/2026 2:35 PM","Bird, Cheyne"
"Median Smart Lane Emergency Gate","Yes","EMG","EMG","Yes","No","Model","MS","145","EF_25_55","Barriers","Ss_25_32_35","Gate systems","Pr_30_59_59","Vehicular barriers","EF_25_55Ss_25_32_35Pr_30_59_59","2; 3","01.03 Roadside","01.03.02.02.01 Gates",,"Point Asset","Point","Bird, Cheyne",,,"3203","7/10/2025 12:19 PM","20/05/2026 5:37 PM","Gunagi, Pooja"
"Metal Deck Roofing","No","N/A",,"N/A","No","N/A","AR","328","EF_30_10","Roofs","Ss_30_40_95","Unit roofing systems","Pr_25_93_72","Roofing and cladding units","EF_30_10Ss_30_40_95Pr_25_93_72","3FC","N/A","N/A",,,,"Tay, Bryan","824",,"299","13/05/2025 5:19 PM","20/05/2026 3:52 PM","Muhammad Abid-T2D"
"Metal Deck Roofing DU","No","N/A",,"N/A","No","N/A","DU","382","EF_30_10","Roofs","Ss_30_40_95","Unit roofing systems","Pr_25_93_72","Roofing and cladding units","EF_30_10Ss_30_40_95Pr_25_93_72","3FC","N/A","N/A",,,,"Phelan, David",,,"3204","8/10/2025 10:15 AM","20/05/2026 3:53 PM","Muhammad Abid-T2D"
"Metering CT","Conditional","CTM","CTM","No","No","Model","LV",,"EF_70_30_45","Low-voltage electricity distribution","Ss_70_30_45_45","Low-voltage distribution systems","Pr_80_51_51_19","Current transformers","EF_70_30_45Ss_70_30_45_45Pr_80_51_51_19",,"01.05 M&E","01.05.01.01.12 Metering CT",,"Point Asset","Point","James McKinlay-T2D",,,"2588","25/07/2025 3:11 PM","20/05/2026 5:35 PM","Gunagi, Pooja"
"Metering VT","No","VTX","VTX","No","No","Model","HV",,"EF_70_30_35","High-voltage electricity distribution","Ss_70_30_35_35","High-voltage distribution systems","Pr_80_51_51_95","Voltmeters","EF_70_30_35Ss_70_30_35_35Pr_80_51_51_95",,"01.05 M&E","01.05.01.01.13 Metering VT",,"Point Asset","Point","James McKinlay-T2D",,,"2628","25/07/2025 3:12 PM","20/05/2026 5:58 PM","Gunagi, Pooja"
"Microwave Pedestrian Sensor","Yes","SEN","SEN","Yes","No","Register","TF","245","EF_75_30_35","Road signals and controls","Ss_75_30_35_60","Pedestrian crossing signal systems","Pr_70_75_72_62","Pedestrian crossing activation devices","EF_75_30_35Ss_75_30_35_60Pr_70_75_72_62","2; 3","01.05 M&E","01.05.04.05.02 Sensors",,"Point Asset","Point","Tay, Bryan","718",,"191","13/05/2025 5:19 PM","20/05/2026 4:09 PM","Gunagi, Pooja"
"Mist Jockey Pumps ","Yes","PU","PU","Yes","No","Model","FS",,"EF_55_30_98","Water fire suppression supply","Ss_55_30_98_96","Water mist systems","Pr_65_53_86","Supply and exhaust pumps","EF_55_30_98Ss_55_30_98_96Pr_65_53_86",,"01.05 M&E","01.05.02.09.03 Misting system pump",,"Point Asset","Point","James McKinlay-T2D",,,"2770","25/07/2025 3:14 PM","2/06/2026 12:09 PM","Mazarei, Ashkan (DIT)"
"Mist Jockey Pumps Control Panel","Yes","MJB","MJB","Yes","No","Model","HY",,"EF_55_30_98","Water fire suppression supply","Ss_55_30_98_96","Water mist systems","Pr_75_50_18_51","Mechanical services control panels","EF_55_30_98Ss_55_30_98_96Pr_75_50_18_51",,"01.05 M&E","01.05.01.03.07 Control Panel – Pumps",,"Point Asset","Point","James McKinlay-T2D",,,"2771","25/07/2025 3:14 PM","2/06/2026 12:09 PM","Mazarei, Ashkan (DIT)"
"Mist Main Pumps Control Panel","Yes","MPB","MPB","Yes","No","Model","HY",,"EF_55_30_98","Water fire suppression supply","Ss_55_70","Water distribution and supply systems","Pr_75_50_18_51","Mechanical services control panels","EF_55_30_98Ss_55_70Pr_75_50_18_51",,"01.05 M&E","01.05.01.03.07 Control Panel – Pumps",,"Point Asset","Point","James McKinlay-T2D",,,"2772","25/07/2025 3:14 PM","21/05/2026 4:18 PM","Muhammad Abid-T2D"
"Mist Pump Manifold","No","MPM","MPM","No","No","Unsure","FS",,"EF_55_30_98","Water fire suppression supply","Ss_55_30_98_96","Water mist systems","Pr_65_54_30","Firefighting valves and devices","EF_55_30_98Ss_55_30_98_96Pr_65_54_30",,"01.05 M&E","01.05.02.09.03 Misting system pump",,"Point Asset","Point","James McKinlay-T2D",,,"2773","25/07/2025 3:14 PM","20/05/2026 5:11 PM","Gunagi, Pooja"
"Mist Solenoid Valve","N/A","SVM","SVM","No","No","Unsure","FS",,"EF_55_30_98","Water fire suppression supply","Ss_55_30_98_96","Water mist systems","Pr_65_54_30_96","Fire suppression control valve sets","EF_55_30_98Ss_55_30_98_96Pr_65_54_30_96",,"01.05 M&E","01.05.02.09.01 Misting System valve",,"Point Asset","Point","James McKinlay-T2D",,,"2774","25/07/2025 3:14 PM","20/05/2026 5:21 PM","Gunagi, Pooja"
"Mist Valve Manifold","Yes","MVM","MVM","Yes","No","Model","FS",,"EF_55_30_98","Water fire suppression supply","Ss_55_30_98_96","Water mist systems","Pr_65_54_30_96","Fire suppression control valve sets","EF_55_30_98Ss_55_30_98_96Pr_65_54_30_96",,"01.05 M&E","01.05.02.09.01 Misting System valve",,"Point Asset","Point","James McKinlay-T2D",,,"2775","25/07/2025 3:14 PM","21/05/2026 4:18 PM","Muhammad Abid-T2D"
"Misting Galvanized Steel Pipework","No","MGP","MGP","No","No","Model","FS",,"EF_55_30_98","Water fire suppression supply","Ss_55_30_98_96","Water mist systems","Pr_65_52_63_82","Steel pipes","EF_55_30_98Ss_55_30_98_96Pr_65_52_63_82",,"01.05 M&E","01.05.02.09.04 Misting system range pipework",,"Point Asset","Line","James McKinlay-T2D",,,"2776","25/07/2025 3:14 PM","21/05/2026 4:18 PM","Muhammad Abid-T2D"
"Misting HDPE Pipework","No","MPP","MPP","No","No","Model","FS",,"EF_55_30_98","Water fire suppression supply","Ss_55_30_98_96","Water mist systems","Pr_65_52_63_63","Polyethylene (PE) water pipes and fittings","EF_55_30_98Ss_55_30_98_96Pr_65_52_63_63",,"01.05 M&E","01.05.02.09.04 Misting system range pipework",,"Point Asset","Line","James McKinlay-T2D",,,"2777","25/07/2025 3:14 PM","21/05/2026 4:18 PM","Muhammad Abid-T2D"
"Misting Stainless Steel Pipework","No","MIP","MIP","No","No","Unsure","FS",,"EF_55_30_98","Water fire suppression supply","Ss_55_30_98_96","Water mist systems","Pr_65_52_63_78","Stainless steel pipes","EF_55_30_98Ss_55_30_98_96Pr_65_52_63_78",,"01.05 M&E","01.05.02.09.04 Misting system range pipework",,"Point Asset","Line","James McKinlay-T2D",,,"2778","25/07/2025 3:14 PM","20/05/2026 5:04 PM","Gunagi, Pooja"
"Misting system mains pipework","No","MMP","MMP","No","No","Model","FS",,"EF_55_30_98","Water fire suppression supply","Ss_55_30_98_96","Water mist systems","Pr_65_52_63_82","Steel pipes","EF_55_30_98Ss_55_30_98_96Pr_65_52_63_82",,"01.05 M&E","01.05.02.09.04 Misting system range pipework",,"Point Asset","Line","James McKinlay-T2D",,,"2710","25/07/2025 3:13 PM","21/05/2026 4:18 PM","Muhammad Abid-T2D"
"Misting system pump","Yes","PU","PU","Yes","No","Model","FS",,"EF_55_30_98","Water fire suppression supply","Ss_55_30_98_96","Water mist systems","Pr_65_53_86","Supply and exhaust pumps","EF_55_30_98Ss_55_30_98_96Pr_65_53_86",,"01.05 M&E","01.05.02.09.03 Misting system pump",,"Point Asset","Point","James McKinlay-T2D",,,"2712","25/07/2025 3:13 PM","20/05/2026 5:52 PM","Gunagi, Pooja"
"Misting system range pipework","No","MRP","MRP","No","No","Model","FS",,"EF_55_30_98","Water fire suppression supply","Ss_55_30_98_96","Water mist systems","Pr_65_52_63_82","Steel pipes","EF_55_30_98Ss_55_30_98_96Pr_65_52_63_82",,"01.05 M&E","01.05.02.09.04 Misting system range pipework",,"Point Asset","Line","James McKinlay-T2D",,,"2711","25/07/2025 3:13 PM","20/05/2026 5:45 PM","Gunagi, Pooja"
"Misting System Valve","Yes","MSV","MSV","Yes","No","Model","FS",,"EF_55_30_98","Water fire suppression supply","Ss_55_30_98_96","Water mist systems","Pr_65_54_30_96","Fire suppression control valve sets","EF_55_30_98Ss_55_30_98_96Pr_65_54_30_96",,"01.05 M&E","01.05.02.09.01 Misting System valve",,"Point Asset","Point","James McKinlay-T2D",,,"2713","25/07/2025 3:13 PM","20/05/2026 5:45 PM","Gunagi, Pooja"
"Misting Zone Valve","Yes","MSZ","MSZ","Yes","No","Model","FS",,"EF_55_30_98","Water fire suppression supply","Ss_55_30_98_96","Water mist systems","Pr_65_54_30_96","Fire suppression control valve sets","EF_55_30_98Ss_55_30_98_96Pr_65_54_30_96",,"01.05 M&E","01.05.02.09.02 Misting Zone Valve",,"Point Asset","Point","James McKinlay-T2D",,,"2714","25/07/2025 3:13 PM","20/05/2026 5:45 PM","Gunagi, Pooja"
"Mixer (WTP)","Yes","MXR","MXR","Yes","No","Unsure","HY",,"EF_55_15","Water extraction and treatment","Ss_55_15","Water extraction, treatment and storage systems","Pr_60_75_08_54","Mixers","EF_55_15Ss_55_15Pr_60_75_08_54",,"01.05 M&E","01.05.04.10.01 Water Treatment Plant",,"Point Asset","Point","James McKinlay-T2D",,,"2916","25/07/2025 3:16 PM","20/05/2026 5:11 PM","Gunagi, Pooja"
"MMCS Cabinet","Yes","MMC","MMC","Yes","No","Unsure","MC",,"EF_75_30_35","Road signals and controls","Ss_75_30_35","Road signal and control systems","Pr_75_50_18_41","Instrumetation, automation and control panels","EF_75_30_35Ss_75_30_35Pr_75_50_18_41",,"01.05 M&E","01.05.05.02.02 PMCS Hardware",,"Point Asset","Point","James McKinlay-T2D",,,"3160","16/09/2025 9:57 AM","20/05/2026 5:04 PM","Gunagi, Pooja"
"Mobile Phone Antenna","Yes","MAT","MAT","Yes","No","Model","MP",,"EF_75_10_21","Data distribution and telecommunications","Ss_75_10_21_52","Mobile telecommunications systems","Pr_70_75_88","Telecoms equipment","EF_75_10_21Ss_75_10_21_52Pr_70_75_88",,"01.05 M&E","01.05.05.02.01 Data communications Network",,"Point Asset",,"Mazarei, Ashkan (DIT)",,,"3444","19/03/2026 10:26 AM","21/05/2026 4:18 PM","Muhammad Abid-T2D"
"Mobile Phone Equipment Rack","Yes","CAB","CAB","Yes","No","Model","MP",,"EF_75_10","Communication","Ss_75_10_21","Data distribution and telecommunications systems","Pr_80_77_28_70","Rack cabinets","EF_75_10Ss_75_10_21Pr_80_77_28_70",,"01.05 M&E","01.05.05.04.10 Communication Rack Cabinet",,"Point Asset","Point","Cornelius Danan-T2D",,,"3596","28/04/2026 11:11 AM","20/05/2026 5:37 PM","Gunagi, Pooja"
"Mobile Radio Unit","Yes","MRU","MRU","Yes","No","Model","MP",,"EF_75_10_21","Data distribution and telecommunications","Ss_75_10_21_52","Mobile telecommunications systems","Pr_70_75_88","Telecoms equipment","EF_75_10_21Ss_75_10_21_52Pr_70_75_88",,"01.05 M&E","01.05.05.02.01 Data communications Network",,"Point Asset",,"Mazarei, Ashkan (DIT)",,,"3439","19/03/2026 10:26 AM","21/05/2026 4:18 PM","Muhammad Abid-T2D"
"Modbus Gateway","Yes","GMB","GMB","Yes","No","Unsure","CP",,"EF_75_30_35","Road signals and controls","Ss_75_30_35","Road signal and control systems","Pr_75_50_20","Controllers and control components","EF_75_30_35Ss_75_30_35Pr_75_50_20",,"01.05 M&E","01.05.05.02.02 PMCS Hardware",,"Point Asset","Point","James McKinlay-T2D",,,"3140","16/09/2025 9:56 AM","20/05/2026 5:04 PM","Gunagi, Pooja"
"Monitored Isolation Valve","Yes","MOV","MOV","Yes","No","Model","FS",,"EF_55_30","Fire-extinguishing supply","Ss_55_30","Fire-extinguishing systems","Pr_65_54_30","Firefighting valves and devices","EF_55_30Ss_55_30Pr_65_54_30",,"01.05 M&E","01.05.02.12.08 Deluge Main Section Isolation Valve",,"Point Asset","Point","James McKinlay-T2D",,,"2779","25/07/2025 3:14 PM","21/05/2026 4:18 PM","Muhammad Abid-T2D"
"Monitored Motorized Valve","Yes","MMV","MMV","Yes","No","Model","FS",,"EF_55_30_98","Water fire suppression supply","Ss_55_30_98_96","Water mist systems","Pr_65_54_30_96","Fire suppression control valve sets","EF_55_30_98Ss_55_30_98_96Pr_65_54_30_96",,"01.05 M&E","01.05.02.09.01 Misting System valve",,"Point Asset","Point","Mazarei, Ashkan (DIT)",,,"3227","11/11/2025 1:42 PM","21/05/2026 4:18 PM","Muhammad Abid-T2D"
"MONITORING RECEIVER","Yes","MRX","MRX","Yes","No","Unsure","RR",,"EF_75_10_21","Data distribution and telecommunications","Ss_75_10_21_21","Data distribution systems","Pr_70_75_69","Radio communications products","EF_75_10_21Ss_75_10_21_21Pr_70_75_69",,"01.05 M&E","01.05.05.02.01 Data communications Network",,"Point Asset",,"Mazarei, Ashkan (DIT)",,,"3375","17/02/2026 8:48 AM","20/05/2026 5:12 PM","Gunagi, Pooja"
"Mortar Pad","No","N/A",,"N/A","No","N/A","BR","120","EF_20_50_07","Bearings","Ss_20_50","Bridge structure systems","Pr_20_31_53","Mortars and grouts","EF_20_50_07Ss_20_50Pr_20_31_53","3BPI; 3BAB","N/A","N/A",,,,"Tay, Bryan","571",,"43","13/05/2025 5:16 PM","20/05/2026 2:34 PM","Bird, Cheyne"
"Mortar Pad (MS)","No","N/A",,"N/A","No","N/A","MS","120","EF_20_10","Superstructure","Ss_20_80","Structure accessory systems","Pr_20_31_53","Mortars and grouts","EF_20_10Ss_20_80Pr_20_31_53","2B; 3BPI; 3BAB","N/A","N/A",,,,"Bird, Cheyne",,,"3722","22/06/2026 1:25 PM","2/07/2026 4:06 PM","Long, Mike"
"Motion Sensor","Yes","LMS","LMS","Yes","No","Model","LE",,"EF_70_80","Lighting","Ss_70_80","Lighting systems","Pr_70_70_48","Luminaires, lighting track and lighting accessories","EF_70_80Ss_70_80Pr_70_70_48",,"01.05 M&E","01.05.06.01.02 Tunnel Lighting",,"Point Asset","Point","James McKinlay-T2D",,,"3033","25/07/2025 3:19 PM","21/05/2026 4:18 PM","Muhammad Abid-T2D"
"Motor ","No","MTR","MTR","No","No","Model","LV",,"EF_70","Electrical power and lighting functions","Ss_70","Electrical systems","Pr_75_51_26","Electric motors","EF_70Ss_70Pr_75_51_26",,"01.05 M&E","01.05.01.07.05 Motor ",,"Point Asset","Point","James McKinlay-T2D",,,"2616","25/07/2025 3:11 PM","20/05/2026 5:45 PM","Gunagi, Pooja"
"Motor Protection Relay","No","MTP","MTP","No","No","Model","LV",,"EF_70_30_45","Low-voltage electricity distribution","Ss_70_30_25","Electrical protection systems","Pr_65_72_27_54","Motor protection circuit breakers","EF_70_30_45Ss_70_30_25Pr_65_72_27_54",,"01.05 M&E","01.05.01.07.01 Motor Protection Relay",,"Point Asset","Point","James McKinlay-T2D",,,"2615","25/07/2025 3:11 PM","20/05/2026 5:45 PM","Gunagi, Pooja"
"Motorised Isolation Damper","Yes","MID","MID","Yes","No","Model","VA",,"EF_65","Ventilation and air conditioning functions","Ss_65","Ventilation and air conditioning systems","Pr_65_65_24","Duct dampers","EF_65Ss_65Pr_65_65_24",,"01.05 M&E","01.05.03.02.01 Motorised Relief Dampers",,"Point Asset","Point","James McKinlay-T2D",,,"2850","25/07/2025 3:15 PM","21/05/2026 4:18 PM","Muhammad Abid-T2D"
"Motorised Relief Dampers","Yes","MRD","MRD","Yes","No","Model","ME",,"EF_75_70_52","Mechanical engineering services control and management","Ss_75_70_52","Mechanical engineering services control and management systems","Pr_65_65_24_68","Pressure relief dampers","EF_75_70_52Ss_75_70_52Pr_65_65_24_68",,"01.05 M&E","01.05.03.02.01 Motorised Relief Dampers",,"Point Asset","Point","James McKinlay-T2D",,,"2820","25/07/2025 3:15 PM","20/05/2026 5:45 PM","Gunagi, Pooja"
"Motorised Roller Door","Yes","PRD","PRD","Yes","No","Model","AR","332","EF_25_30_25","Doors","Ss_25_30_20","Door, shutter and hatch systems","Pr_30_36_59","Opening hardware","EF_25_30_25Ss_25_30_20Pr_30_36_59","3FC; 3SF; 3SG","01.05 M&E","01.05.02.08.02 Plant Room Doors",,"Point Asset","Point","Bird, Cheyne",,,"554","18/06/2025 3:49 PM","20/05/2026 5:52 PM","Gunagi, Pooja"
"Motorised Roller Door DU","Yes","PRD","PRD","Yes","No","Model","DU","381","EF_25_30_25","Doors","Ss_25_30_20","Door, shutter and hatch systems","Pr_30_36_59","Opening hardware","EF_25_30_25Ss_25_30_20Pr_30_36_59","3FC; 2CA; 3BAP; 3BDE","01.05 M&E","01.05.02.08.02 Plant Room Doors",,"Point Asset","Point","Phelan, David",,,"3124","9/09/2025 2:04 PM","20/05/2026 5:52 PM","Gunagi, Pooja"
"Motorised Smoke And Fire Damper","Yes","MFD","MFD","Yes","No","Model","VA",,"EF_65","Ventilation and air conditioning functions","Ss_65","Ventilation and air conditioning systems","Pr_65_65_24_29","Fire and smoke dampers","EF_65Ss_65Pr_65_65_24_29",,"01.05 M&E","01.05.03.02.01 Motorised Relief Dampers",,"Point Asset","Point","James McKinlay-T2D",,,"2851","25/07/2025 3:15 PM","21/05/2026 4:18 PM","Muhammad Abid-T2D"
"Motorised Valve","Yes","MVL","MVL","Yes","No","Unsure","HY",,"EF_55_70","Water supply","Ss_55_70","Water distribution and supply systems","Pr_65_54_95_53","Motorized valves","EF_55_70Ss_55_70Pr_65_54_95_53",,"01.05 M&E","01.05.04.05.01 Valves & Actuators",,"Point Asset","Point","James McKinlay-T2D",,,"2917","25/07/2025 3:16 PM","20/05/2026 5:11 PM","Gunagi, Pooja"
"Motorist Emergency Phone","Yes","MET","MET","Yes","No","Unsure","TT",,"EF_75_10_72","Emergency communications","Ss_75_10_72_72","Road emergency communication systems","Pr_70_75_88_27","Emergency roadside telephones","EF_75_10_72Ss_75_10_72_72Pr_70_75_88_27",,"01.05 M&E","01.05.05.04.05 Help Telephone System",,"Point Asset",,"Mazarei, Ashkan (DIT)",,,"3587","23/04/2026 9:12 AM","20/05/2026 5:05 PM","Gunagi, Pooja"
"Motorized and Controlled Main Supply (Infill) Valve ","Yes","SMV","SMV","Yes","No","Unsure","FS",,"EF_55_30","Fire-extinguishing supply","Ss_55_30","Fire-extinguishing systems","Pr_65_54_30","Firefighting valves and devices","EF_55_30Ss_55_30Pr_65_54_30",,"01.05 M&E","01.05.02.12.08 Deluge Main Section Isolation Valve",,"Point Asset","Point","James McKinlay-T2D",,,"2780","25/07/2025 3:14 PM","20/05/2026 5:21 PM","Gunagi, Pooja"
"Motorized Drain and Test Valve","N/A","DTV","DTV","No","No","Unsure","FS",,"EF_55_30","Fire-extinguishing supply","Ss_55_30","Fire-extinguishing systems","Pr_65_54_30_23","Drain and test valves","EF_55_30Ss_55_30Pr_65_54_30_23",,"01.05 M&E","01.05.02.12.02 Deluge Valve",,"Point Asset","Point","James McKinlay-T2D",,,"2781","25/07/2025 3:14 PM","20/05/2026 4:54 PM","Gunagi, Pooja"
"Motorized Isolation Valve","Yes","MIV","MIV","Yes","No","Model","FS",,"EF_55_30","Fire-extinguishing supply","Ss_55_30","Fire-extinguishing systems","Pr_65_54_30","Firefighting valves and devices","EF_55_30Ss_55_30Pr_65_54_30",,"01.05 M&E","01.05.02.12.08 Deluge Main Section Isolation Valve",,"Point Asset","Point","James McKinlay-T2D",,,"2782","25/07/2025 3:14 PM","21/05/2026 4:18 PM","Muhammad Abid-T2D"
"Motorized Test Valve","N/A","MTV","MTV","No","No","Unsure","FS",,"EF_55_30","Fire-extinguishing supply","Ss_55_30","Fire-extinguishing systems","Pr_65_54_30_23","Drain and test valves","EF_55_30Ss_55_30Pr_65_54_30_23",,"01.05 M&E","01.05.02.12.07 Deluge Release Valve",,"Point Asset","Point","James McKinlay-T2D",,,"2783","25/07/2025 3:14 PM","20/05/2026 5:11 PM","Gunagi, Pooja"
"Movable Median Systems","Yes","MMS","MMS","Yes","No","Model","TT",,"EF_25_55","Barriers","Ss_25_16_73","Road and Rail Barrier Systems","Pr_30_59_59","Vehicular barriers","EF_25_55Ss_25_16_73Pr_30_59_59",,"01.05 M&E","01.05.05.05.17 Movable Median Systems",,"Point Asset","Point","James McKinlay-T2D",,,"2964","25/07/2025 3:17 PM","20/05/2026 5:45 PM","Gunagi, Pooja"
"Movement Joints","No","N/A",,"N/A","No","N/A","AR","326","EF_20_10","Superstructure","Ss_20_05","Substructure systems","Pr_35_90_53","Movement joints","EF_20_10Ss_20_05Pr_35_90_53","3FC","N/A","N/A",,,,"Bird, Cheyne",,,"579","24/06/2025 4:48 PM","20/05/2026 3:52 PM","Muhammad Abid-T2D"
"Movement Joints DU","No","N/A",,"N/A","No","N/A","DU","382","EF_20_10","Superstructure","Ss_20_05","Substructure systems","Pr_35_90_53","Movement joints","EF_20_10Ss_20_05Pr_35_90_53",,"N/A","N/A",,,,"Phelan, David",,,"3122","9/09/2025 2:02 PM","20/05/2026 3:53 PM","Muhammad Abid-T2D"
"Mulch","No","N/A",,"N/A","No","N/A","LA","217","EF_30_60_60","Pedestrian pavements","Ss_30_14_80_98","Woodchip and woodfibre surface paving systems","Pr_45_31_63","Plant-based fibres","EF_30_60_60Ss_30_14_80_98Pr_45_31_63","2CA","N/A","N/A",,,,"Bird, Cheyne","975",,"462","21/05/2025 10:39 AM","20/05/2026 3:52 PM","Muhammad Abid-T2D"
"Multivariable Indicating Control","Yes","UIC","UIC","Yes","No","Model","TT",,"EF_75_30_35","Road signals and controls","Ss_75_30_35","Road signal and control systems","Pr_75_50_18_17","Control Panels","EF_75_30_35Ss_75_30_35Pr_75_50_18_17",,"01.05 M&E","01.05.05.02.03 PMCS Network",,"Point Asset","Point","James McKinlay-T2D",,,"3001","25/07/2025 3:18 PM","20/05/2026 5:58 PM","Gunagi, Pooja"
"Mutiple Aspirated Smoke Detection (MASDS) - Pipe","No","ASP","ASP","No","No","Unsure","FD",,"EF_75_50_28","Fire and smoke detection and alarms","Ss_75_50_28_05","Aspirating smoke detector systems","Pr_75_80_30_01","Aspirating sampling pipes","EF_75_50_28Ss_75_50_28_05Pr_75_80_30_01",,"01.05 M&E","01.05.02.01.04 Aspirating smoke detection System (VESDA)",,"Point Asset",,"James McKinlay-T2D",,,"2784","25/07/2025 3:14 PM","20/05/2026 4:54 PM","Gunagi, Pooja"
"Mutiple Aspirated Smoke Detection (MASDS) - Sampling Point","No","ASS","ASS","No","No","Model","FD",,"EF_75_50_28","Fire and smoke detection and alarms","Ss_75_50_28_05","Aspirating smoke detector systems","Pr_75_80_30_02","Aspirating sampling points","EF_75_50_28Ss_75_50_28_05Pr_75_80_30_02",,"01.05 M&E","01.05.02.01.04 Aspirating smoke detection System (VESDA)",,"Point Asset","Point","James McKinlay-T2D",,,"2785","25/07/2025 3:14 PM","20/05/2026 5:36 PM","Gunagi, Pooja"
"MVAC Junction Box","Yes","VJB","VJB","No","No","Unsure","VA",,"EF_65","Ventilation and air conditioning functions","Ss_65","Ventilation and air conditioning systems","Pr_80_77_28_08","Cable junction boxes","EF_65Ss_65Pr_80_77_28_08",,"01.05 M&E","01.05.01.03.15 Junction Box (LV)",,"Point Asset",,"Mazarei, Ashkan (DIT)",,,"3627","15/05/2026 10:51 AM","20/05/2026 5:22 PM","Gunagi, Pooja"
"N/A (Placeholder)","No","N/A",,"No","No","N/A","PLACEHOLDER",,"N/A","N/A","N/A","N/A","N/A","N/A","N/AN/AN/A",,"N/A","N/A",,,,"Bird, Cheyne",,,"3212","17/10/2025 9:30 AM","17/06/2026 11:00 AM","Basile, Rino"
"Natural Stone Wall","No","N/A",,"N/A","No","N/A","LA","217","EF_25_10_25","External walls","Ss_25_13_24","Dry stone wall systems","Pr_35_93_96_56","Natural stone wall and floor slabs","EF_25_10_25Ss_25_13_24Pr_35_93_96_56","2CA","N/A","N/A",,,,"Bird, Cheyne","984",,"471","21/05/2025 11:10 AM","20/05/2026 3:52 PM","Muhammad Abid-T2D"
"NET GEAR 24-PORT GIGABIT SWITCH/PSU","Yes","ENS","ENS","Yes","No","Unsure","WF",,"EF_75_10_21","Data distribution and telecommunications","Ss_75_10_21_21","Data distribution systems","Pr_70_75_20","Data communication products","EF_75_10_21Ss_75_10_21_21Pr_70_75_20",,"01.05 M&E","01.05.05.02.01 Data communications Network",,"Point Asset",,"Mazarei, Ashkan (DIT)",,,"3515","13/04/2026 11:23 AM","20/05/2026 5:05 PM","Gunagi, Pooja"
"Network Switch – High Voltage SAS Network","Conditional","HNS","HNS","No","No","Register","HV",,"EF_70_30_35","High-voltage electricity distribution","Ss_70_30_35_35","High-voltage distribution systems","Pr_70_75_52_56","Network switches","EF_70_30_35Ss_70_30_35_35Pr_70_75_52_56",,"01.05 M&E","01.05.05.02.01 Data communications Network",,"Point Asset","Point","James McKinlay-T2D",,,"3103","27/08/2025 2:09 PM","20/05/2026 4:10 PM","Gunagi, Pooja"
"Noise Attenuators","Yes","VNA","VNA","Yes","No","Model","TV",,"EF_65_40_94","Vehicular space ventilation","Ss_65_40_94","Vehicular space ventilation systems","Pr_65_67_78","Sound attenuators","EF_65_40_94Ss_65_40_94Pr_65_67_78",,"01.05 M&E","01.05.03.03.01 Noise Attenuators",,"Point Asset","Point","James McKinlay-T2D",,,"2823","25/07/2025 3:15 PM","20/05/2026 5:58 PM","Gunagi, Pooja"
"Noise Wall Column (Steel)","Yes","NOS","NOS","No","No","Model","MS","145","EF_20_10_30","Framed structures","Ss_20_30_75_35","Heavy steel column systems","Pr_20_85_16_84","Stainless steel structural columns","EF_20_10_30Ss_20_30_75_35Pr_20_85_16_84","2; 2CA","01.03 Roadside","01.03.02.01.02 Noise Barriers",,"Point Asset","Point","Bird, Cheyne",,,"3213","21/10/2025 2:14 PM","20/05/2026 5:52 PM","Gunagi, Pooja"
"Noise Wall Relief Pattern","No","N/A",,"No","No","N/A","DU","382","EF_25_10","Walls","Ss_25_11_16","Concrete wall systems","Pr_25_71_57_19","Concrete noise barrier panels","EF_25_10Ss_25_11_16Pr_25_71_57_19","2; 2CA","01.03 Roadside","01.03.02.01.02 Noise Barriers",,,,"Tay, Bryan","965",,"446","14/05/2025 6:22 PM","20/05/2026 3:52 PM","Muhammad Abid-T2D"
"Noise Walls (all)","Yes","NOB","NOB","Yes","No","Model","MS","144","EF_25_10","Walls","Ss_25_11_16","Concrete wall systems","Pr_25_71_57_19","Concrete noise barrier panels","EF_25_10Ss_25_11_16Pr_25_71_57_19","2; 2CA","01.03 Roadside","01.03.02.01.02 Noise Barriers",,"Linear Referenced Asset","Line","Tay, Bryan","628",,"101","13/05/2025 5:18 PM","20/05/2026 5:45 PM","Gunagi, Pooja"
"Non Return Damper","Yes","NRD","NRD","Yes","No","Model","VA",,"EF_65","Ventilation and air conditioning functions","Ss_65","Ventilation and air conditioning systems","Pr_65_65_24_56","Non-return dampers","EF_65Ss_65Pr_65_65_24_56",,"01.05 M&E","01.05.03.02.02 Fan Dampers",,"Point Asset","Point","James McKinlay-T2D",,,"2852","25/07/2025 3:15 PM","21/05/2026 4:18 PM","Muhammad Abid-T2D"
"Non-Essential Electrical Distribution Board","Yes","NDB","NDB","Yes","No","Model","LV",,"EF_70_30_45","Low-voltage electricity distribution","Ss_70_30_45_45","Low-voltage distribution systems","Pr_60_70_22_22","Distribution boards","EF_70_30_45Ss_70_30_45_45Pr_60_70_22_22",,"01.05 M&E","01.05.01.03.16 Non Essential Electrical Distribution Board",,"Point Asset","Point","James McKinlay-T2D",,,"2617","25/07/2025 3:11 PM","20/05/2026 5:45 PM","Gunagi, Pooja"
"OCTUPLER 8 CHANNEL","Yes","OCP","OCP","Yes","No","Unsure","WF",,"EF_75_10_21","Data distribution and telecommunications","Ss_75_10_21_21","Data distribution systems","Pr_70_75_20","Data communication products","EF_75_10_21Ss_75_10_21_21Pr_70_75_20",,"01.05 M&E","01.05.05.02.01 Data communications Network",,"Point Asset",,"Mazarei, Ashkan (DIT)",,,"3513","13/04/2026 11:23 AM","20/05/2026 5:12 PM","Gunagi, Pooja"
"Oil Transformer Condition Monitor","Conditional","OTM","OTM","No","No","Unsure","HV",,"EF_70_30_35","High-voltage electricity distribution","Ss_70_30_35_35","High-voltage distribution systems","Pr_75_50_50","Measuring and monitoring products","EF_70_30_35Ss_70_30_35_35Pr_75_50_50",,"01.05 M&E","01.05.01.01.05 Instrumentation & Meters (HV)",,"Point Asset","Point","Mazarei, Ashkan (DIT)",,,"3249","20/11/2025 11:43 AM","20/05/2026 5:11 PM","Gunagi, Pooja"
"Oil Type Transformer","Yes","OTT","OTT","Yes","No","Model","HV",,"EF_70_30_35","High-voltage electricity distribution","Ss_70_30_35_35","High-voltage distribution systems","Pr_60_70_36_30","High-voltage liquid-immersed power transformers","EF_70_30_35Ss_70_30_35_35Pr_60_70_36_30",,"01.05 M&E","01.05.01.02.03 Oil Type Transformer",,"Point Asset","Point","James McKinlay-T2D",,,"2618","25/07/2025 3:11 PM","20/05/2026 5:52 PM","Gunagi, Pooja"
"Oil Water Separator","Yes","OWS","OWS","Yes","No","Model","HY",,"EF_50_70","Drainage treatment and disposal","Ss_50_70_24","Drainage disposal systems","Pr_65_55_76_59","Oil and water separators","EF_50_70Ss_50_70_24Pr_65_55_76_59",,"01.05 M&E","01.05.04.07.01 Oil Water Separator",,"Point Asset","Point","James McKinlay-T2D",,,"2880","25/07/2025 3:15 PM","20/05/2026 5:52 PM","Gunagi, Pooja"
"Omnidirectional antenna","Yes","AOD","AOD","Yes","No","Unsure","CD",,"EF_75_30_35","Road signals and controls","Ss_75_30_35","Road signal and control systems","Pr_60_75_01","Antennas and satellite dishes","EF_75_30_35Ss_75_30_35Pr_60_75_01",,"01.05 M&E","01.05.05.02.01 Data communications Network",,"Point Asset","Point","James McKinlay-T2D",,,"3152","16/09/2025 9:56 AM","20/05/2026 4:54 PM","Gunagi, Pooja"
"Open Drain/Swale - Concrete","Yes","SWL","SWL","No","No","Model","SD","225","EF_50_30","Above-ground drainage collection","Ss_50_70_85_58","Open channel conveyance systems","Pr_20_31_16","Concretes","EF_50_30Ss_50_70_85_58Pr_20_31_16","2; 3","01.02 Drainage","01.02.03.01.01 Open Drain/Swale",,"Linear Referenced Asset","Line","Tay, Bryan","679",,"152","13/05/2025 5:19 PM","20/05/2026 5:57 PM","Gunagi, Pooja"
"Open Drain/Swale - Earth","Yes","SWL","SWL","No","No","Model","SD",,"EF_50_30","Above-ground drainage collection","Ss_50_70_85_58","Open channel conveyance systems","Pr_15_31_26_26","Earth","EF_50_30Ss_50_70_85_58Pr_15_31_26_26","2; 3","01.02 Drainage","01.02.03.01.01 Open Drain/Swale",,"Linear Referenced Asset","Line","Tay, Bryan","680",,"153","13/05/2025 5:19 PM","20/05/2026 5:57 PM","Gunagi, Pooja"
"Operation and Maintenance phone System","Yes","OMP","OMP","Yes","No","Model","TT",,"EF_75_10_72","Emergency communications","Ss_75_10_72_72","Road emergency communication systems","Pr_70_75_88_27","Emergency roadside telephones","EF_75_10_72Ss_75_10_72_72Pr_70_75_88_27",,"01.05 M&E","01.05.05.04.06 Operation and Maintenance phone System",,"Point Asset","Point","James McKinlay-T2D",,,"2967","25/07/2025 3:17 PM","20/05/2026 5:52 PM","Gunagi, Pooja"
"Optical Smoke Detection unit","Yes","OSD","OSD","Yes","No","Model","FD",,"EF_75_50_28","Fire and smoke detection and alarms","Ss_75_50_28_29","Fire detection and alarm systems","Pr_75_80_30_59","Optical beam smoke detectors","EF_75_50_28Ss_75_50_28_29Pr_75_80_30_59",,"01.05 M&E","01.05.02.01.03 Optical Smoke Detection unit",,"Point Asset","Point","James McKinlay-T2D",,,"2715","25/07/2025 3:13 PM","20/05/2026 5:52 PM","Gunagi, Pooja"
"Optical Transport","Yes","OPT","OPT","Yes","No","Unsure","MP",,"EF_75_10_21","Data distribution and telecommunications","Ss_75_10_21_52","Mobile telecommunications systems","Pr_70_75_88","Telecoms equipment","EF_75_10_21Ss_75_10_21_52Pr_70_75_88",,"01.05 M&E","01.05.05.02.01 Data communications Network",,"Point Asset",,"Mazarei, Ashkan (DIT)",,,"3437","19/03/2026 10:26 AM","20/05/2026 5:12 PM","Gunagi, Pooja"
"Outdoor Art","Yes","OAR","OAR","Yes","No","Model","LA","217","EF_40_25","Cultural elements","Ss_40_25_20","Cultural FF&E systems","Pr_40_50_05","Artwork products","EF_40_25Ss_40_25_20Pr_40_50_05","2CA","01.03 Roadside","01.03.03.01.02 Start / End Terminal",,"Point Asset","Point","Bird, Cheyne",,,"3048","25/07/2025 5:13 PM","20/05/2026 5:52 PM","Gunagi, Pooja"
"Outdoor Furniture","Yes","OFU","OFU","Yes","No","Model","LA","217","EF_40_30","Furnishings","Ss_40_20_30_28","External furniture systems","Pr_40_50","Furnishings","EF_40_30Ss_40_20_30_28Pr_40_50","2CA","01.03 Roadside","01.03.01.01.02 Vegetation and Landscape",,"Point Asset","Point","Bird, Cheyne",,,"3042","25/07/2025 5:02 PM","20/05/2026 5:52 PM","Gunagi, Pooja"
"Outdoor Lighting Luminaire - Surface Mounted","Yes","GLT","GLT","Yes","No","Model","LT","243","EF_70_80","Lighting","Ss_70_80_25","External lighting systems","Pr_70_70_48_85","Surface luminaires","EF_70_80Ss_70_80_25Pr_70_70_48_85","2; 3","01.05 M&E","01.05.06.01.13 General Lighting",,"Point Asset","Point","Tay, Bryan","700",,"173","13/05/2025 5:19 PM","20/05/2026 5:45 PM","Gunagi, Pooja"
"Outdoor Lighting Luminaire - Wall Mounted","Yes","GLT","GLT","Yes","No","Model","LT","243","EF_70_80","Lighting","Ss_70_80_25","External lighting systems","Pr_70_70_48","Luminaires, lighting track and lighting accessories","EF_70_80Ss_70_80_25Pr_70_70_48","2; 3","01.05 M&E","01.05.06.01.13 General Lighting",,"Point Asset","Point","Tay, Bryan","699",,"172","13/05/2025 5:19 PM","20/05/2026 5:45 PM","Gunagi, Pooja"
"Outdoor Play Equipment","Yes","OPE","OPE","Yes","No","Model","LA","217","EF_40_40","Equipment","Ss_40_70","Recreational FF&E systems","Pr_40_30_61","Play equipment","EF_40_40Ss_40_70Pr_40_30_61","2CA","01.03 Roadside","01.03.01.01.02 Vegetation and Landscape",,"Point Asset","Point","Bird, Cheyne",,,"3050","25/07/2025 5:15 PM","20/05/2026 5:52 PM","Gunagi, Pooja"
"Outgoing Breaker (HV)","Conditional","HQF","HQF","No","No","Model","HV",,"EF_70_30_35","High-voltage electricity distribution","Ss_70_20_60","High-voltage control and protection systems","Pr_60_70_38_12","High-voltage circuit breakers","EF_70_30_35Ss_70_20_60Pr_60_70_38_12",,"01.05 M&E","01.05.01.01.06 Outgoing Breaker (HV)",,"Point Asset","Point","James McKinlay-T2D",,,"2600","25/07/2025 3:11 PM","20/05/2026 5:45 PM","Gunagi, Pooja"
"Outside Air Duct","No","DOA","DOA","No","No","Model","VA",,"EF_65_80","Air conditioning","Ss_65_80","Air conditioning systems","Pr_65_65_25","Ductwork and fittings","EF_65_80Ss_65_80Pr_65_65_25",,"01.04 Structures","01.04.03.03.01 Longitudinal Ducting",,"Point Asset","Line","James McKinlay-T2D",,,"2853","25/07/2025 3:15 PM","21/05/2026 3:42 PM","Muhammad Abid-T2D"
"Outside Air Fan","Yes","OAF","OAF","Yes","No","Model","TV",,"EF_65_40_94","Vehicular space ventilation","Ss_65_40_94","Vehicular space ventilation systems","Pr_65_67_29","Fans","EF_65_40_94Ss_65_40_94Pr_65_67_29",,"01.05 M&E","01.05.03.01.03 Fan other (building ventilation)",,"Point Asset","Point","James McKinlay-T2D",,,"2854","25/07/2025 3:15 PM","21/05/2026 4:18 PM","Muhammad Abid-T2D"
"Outside Air Grille","No","OAG","OAG","No","No","Unsure","VA",,"EF_65_40_94","Vehicular space ventilation","Ss_65_40_94","Vehicular space ventilation systems","Pr_30_59_94_04","Air ventilation grilles","EF_65_40_94Ss_65_40_94Pr_30_59_94_04",,"01.05 M&E","01.05.03.06.01 Ventilation Louvers",,"Point Asset","Point","James McKinlay-T2D",,,"2855","25/07/2025 3:15 PM","20/05/2026 5:11 PM","Gunagi, Pooja"
"Over Height Vehicle Detection System","Yes","OHD","OHD","Yes","No","Model","TT",,"EF_75_70_54","Metering, monitoring and management","Ss_25_16_94_95","Vehicle safety control systems","Pr_70_75_72_01","Above-ground vehicle detection products","EF_75_70_54Ss_25_16_94_95Pr_70_75_72_01",,"01.05 M&E","01.05.05.05.20 Vehicle Detection System",,"Point Asset","Point","James McKinlay-T2D",,,"2966","25/07/2025 3:17 PM","20/05/2026 5:52 PM","Gunagi, Pooja"
"Overflow System Pipework","No","OFP","OFP","No","No","Unsure","FS",,"EF_55_30","Fire-extinguishing supply","Ss_55_30","Fire-extinguishing systems","Pr_65_52_63_82","Steel pipes","EF_55_30Ss_55_30Pr_65_52_63_82",,"01.05 M&E","01.05.02.09.04 Misting system range pipework",,"Point Asset","Line","James McKinlay-T2D",,,"2786","25/07/2025 3:14 PM","20/05/2026 5:11 PM","Gunagi, Pooja"
"Overheight Vehicle Protection Beam (BR)","Yes","OVP","OVP","No","No","Model","BR","120","EF_20","Structural elements","Ss_20_20_75","Structural beam systems","Pr_30_59_59_38","Height restrictors","EF_20Ss_20_20_75Pr_30_59_59_38","3BPI; 3BAB","01.04 Structures","01.04.01.01.03 Girders (Span)",,"Point Asset","Point","Bird, Cheyne",,,"3223","3/11/2025 3:26 PM","20/05/2026 5:52 PM","Gunagi, Pooja"
"PA Amplifier","Yes","PAA","PAA","Yes","No","Unsure","PA",,"EF_75_10_68","Public communications","Ss_75_10_68_68","Public address systems","Pr_60_75_08","Audio and visual source products","EF_75_10_68Ss_75_10_68_68Pr_60_75_08",,"01.05 M&E","01.05.05.04.11 Amplifier",,"Point Asset",,"Mazarei, Ashkan (DIT)",,,"3385","17/02/2026 8:48 AM","20/05/2026 5:12 PM","Gunagi, Pooja"
"PA Automatic Transfer Switch","Yes","ATS","ATS","Yes","No","Unsure","PA",,"EF_75_10_68","Public communications","Ss_75_10_68_68","Public address systems","Pr_60_70_48_05","Automatic transfer switching equipment","EF_75_10_68Ss_75_10_68_68Pr_60_70_48_05",,"01.05 M&E","01.05.05.04.01 Public Address System",,"Point Asset","Point","Mazarei, Ashkan (DIT)",,,"3648","15/05/2026 3:08 PM","20/05/2026 4:54 PM","Gunagi, Pooja"
"PA Cabinet","Yes","PAC","PAC","Yes","No","Model","PA",,"EF_75_10_68","Public communications","Ss_75_10_68_68","Public address systems","Pr_80_77_28_21","Data equipment cabinets","EF_75_10_68Ss_75_10_68_68Pr_80_77_28_21",,"01.05 M&E","01.05.05.04.01 Public Address System",,"Point Asset",,"Mazarei, Ashkan (DIT)",,,"3382","17/02/2026 8:48 AM","21/05/2026 4:22 PM","Muhammad Abid-T2D"
"PA CONSOLE SPEAKER","Yes","SPK","SPK","Yes","No","Model","PA",,"EF_75_10_68","Public communications","Ss_75_10_68_68","Public address systems","Pr_70_75_20","Data communication products","EF_75_10_68Ss_75_10_68_68Pr_70_75_20",,"01.05 M&E","01.05.05.04.01 Public Address System",,"Point Asset","Point","Mazarei, Ashkan (DIT)",,,"3647","15/05/2026 2:37 PM","20/05/2026 5:53 PM","Gunagi, Pooja"
"PA Console Touchscreen","Yes","PAT","PAT","Yes","No","Unsure","PA",,"EF_75_10_68","Public communications","Ss_75_10_68_68","Public address systems","Pr_70_75_20","Data communication products","EF_75_10_68Ss_75_10_68_68Pr_70_75_20",,"01.05 M&E","01.05.05.04.01 Public Address System",,"Point Asset",,"Mazarei, Ashkan (DIT)",,,"3389","17/02/2026 8:49 AM","20/05/2026 5:12 PM","Gunagi, Pooja"
"PA Core Processor","Yes","PAP","PAP","Yes","No","Unsure","PA",,"EF_75_10_68","Public communications","Ss_75_10_68_68","Public address systems","Pr_70_75_20","Data communication products","EF_75_10_68Ss_75_10_68_68Pr_70_75_20",,"01.05 M&E","01.05.05.04.01 Public Address System",,"Point Asset",,"Mazarei, Ashkan (DIT)",,,"3391","17/02/2026 8:49 AM","20/05/2026 5:12 PM","Gunagi, Pooja"
"PA END OF LINE DEVICE","Yes","EOL","EOL","Yes","No","Unsure","PA",,"EF_75_10_68","Public communications","Ss_75_10_68_68","Public address systems","Pr_70_75_20","Data communication products","EF_75_10_68Ss_75_10_68_68Pr_70_75_20",,"01.05 M&E","01.05.05.04.01 Public Address System",,"Point Asset","Point","Mazarei, Ashkan (DIT)",,,"3645","15/05/2026 2:32 PM","20/05/2026 5:05 PM","Gunagi, Pooja"
"PA IO Device","Yes","POI",,"Yes","No","Unsure","PA",,"EF_75_10_68","Public communications","Ss_75_10_68_68","Public address systems","Pr_70_75_20","Data communication products","EF_75_10_68Ss_75_10_68_68Pr_70_75_20",,"01.05 M&E","01.05.05.04.01 Public Address System",,,,"Mazarei, Ashkan (DIT)",,,"3392","17/02/2026 8:49 AM","20/05/2026 5:12 PM","Gunagi, Pooja"
"PA Junction Box","Yes","PAJ","PAJ","Yes","No","Unsure","PA",,"EF_75_10_68","Public communications","Ss_75_10_68_68","Public address systems","Pr_80_77_28_08","Cable junction boxes","EF_75_10_68Ss_75_10_68_68Pr_80_77_28_08",,"01.05 M&E","01.05.05.04.01 Public Address System",,"Point Asset",,"Mazarei, Ashkan (DIT)",,,"3386","17/02/2026 8:48 AM","20/05/2026 5:12 PM","Gunagi, Pooja"
"PA Maintenance Server","Yes","PMS","PMS","Yes","No","Unsure","PA",,"EF_75_10_68","Public communications","Ss_75_10_68_68","Public address systems","Pr_70_75_15_80","Servers","EF_75_10_68Ss_75_10_68_68Pr_70_75_15_80",,"01.05 M&E","01.05.05.04.01 Public Address System",,"Point Asset",,"Mazarei, Ashkan (DIT)",,,"3390","17/02/2026 8:49 AM","20/05/2026 5:12 PM","Gunagi, Pooja"
"PA Microphone","Yes","MIC","MIC","Yes","No","Unsure","PA",,"EF_75_10_68","Public communications","Ss_75_10_68_68","Public address systems","Pr_60_75_06_53","Microphones","EF_75_10_68Ss_75_10_68_68Pr_60_75_06_53",,"01.05 M&E","01.05.05.04.01 Public Address System",,"Point Asset",,"Mazarei, Ashkan (DIT)",,,"3388","17/02/2026 8:48 AM","20/05/2026 5:05 PM","Gunagi, Pooja"
"Pad (spread) Footing","Yes","SPF","SPF","No","No","Model","BR","120","EF_20_05_30","Foundations","Ss_20_05_15","Concrete foundation systems","Pr_20_85_13","Concrete base and foundation products","EF_20_05_30Ss_20_05_15Pr_20_85_13","3BPI; 3BAB","01.04 Structures","01.04.01.01.06 Piles",,"Point Asset","Point","Tay, Bryan","570",,"42","13/05/2025 5:16 PM","20/05/2026 5:51 PM","Gunagi, Pooja"
"Pad footings","No","N/A",,"N/A","No","N/A","BS","321","EF_20_05","Substructure","Ss_20_05_15","Concrete foundation systems","Pr_20_85_13_32","Concrete foundation pads","EF_20_05Ss_20_05_15Pr_20_85_13_32","3FC","N/A","N/A",,,,"Tay, Bryan","603",,"76","13/05/2025 5:16 PM","20/05/2026 2:34 PM","Bird, Cheyne"
"Parking","No","N/A",,"N/A","No","N/A","AR","336","EF_82","Vehicle functions","Ss_40_85_72_11","Car park equipment systems","Pr_40_70","Equipment","EF_82Ss_40_85_72_11Pr_40_70","3FC","N/A","N/A",,,,"Bird, Cheyne",,,"565","18/06/2025 4:03 PM","20/05/2026 3:52 PM","Muhammad Abid-T2D"
"Parking DU","No","N/A",,"N/A","No","N/A","DU",,"EF_82","Vehicle functions","Ss_40_85_72_11","Car park equipment systems","Pr_40_70","Equipment","EF_82Ss_40_85_72_11Pr_40_70","3FC","N/A","N/A",,,,"Phelan, David",,,"3284","12/12/2025 4:21 PM","20/05/2026 3:53 PM","Muhammad Abid-T2D"
"Particulate Air Sensor","Yes","PAS","PAS","Yes","No","Model","TV",,"EF_65_40_94","Vehicular space ventilation","Ss_65_40_94_90","Tunnel ventilation systems","Pr_75_50_76_02","Air quality sensors","EF_65_40_94Ss_65_40_94_90Pr_75_50_76_02",,"01.05 M&E","N/A",,"Point Asset","Point","Mazarei, Ashkan (DIT)",,,"3271","9/12/2025 8:36 AM","21/05/2026 5:01 PM","James McKinlay-T2D"
"Particulate Monitoring Equipment","Yes","PME","PME","Yes","No","Model","TT",,"EF_75_70_54","Metering, monitoring and management","Ss_75_70_54_05","Air Quality Monitoring Systems","Pr_75_50_76_02","Air quality sensors","EF_75_70_54Ss_75_70_54_05Pr_75_50_76_02",,"01.05 M&E","01.05.05.03.04 Ventilation Outlet Emissions Monitoring Equipment ",,"Point Asset","Point","James McKinlay-T2D",,,"2971","25/07/2025 3:18 PM","20/05/2026 5:52 PM","Gunagi, Pooja"
"Particulates, Weather detector - Fog visibility sensor","Yes","WED","WED","Yes","No","Model","TT",,"EF_75_70_54","Metering, monitoring and management","Ss_75_70_54_05","Air Quality Monitoring Systems","Pr_75_50_52_94","Visibility sensors","EF_75_70_54Ss_75_70_54_05Pr_75_50_52_94",,"01.05 M&E","01.05.05.03.01 Surface Ambient Air Quality & Weather Monitoring Equipment",,"Point Asset","Point","James McKinlay-T2D",,,"3009","25/07/2025 3:19 PM","20/05/2026 5:37 PM","Gunagi, Pooja"
"Pavement Lighting","Yes","PAL","PAL","Yes","No","Model","LT",,"EF_70_80_25","External lighting","Ss_70_80_25_70","Roadway lighting systems","Pr_70_70_48_73","Road and amenity lighting luminaires","EF_70_80_25Ss_70_80_25_70Pr_70_70_48_73",,"01.05 M&E","01.05.06.01.11 Surface Road and Interchange Lighting",,"Point Asset","Point","James McKinlay-T2D",,,"3025","25/07/2025 3:19 PM","20/05/2026 5:52 PM","Gunagi, Pooja"
"Pedestrian Crossings (Wombat)","Yes","WX","WX","No","No","Unsure","GD","247","EF_40_10","Signage","Ss_40_10_90","Traffic signage and marking systems","Pr_35_31_85_88","Thermoplastic line markings","EF_40_10Ss_40_10_90Pr_35_31_85_88","2; 3","01.01 Roads","01.01.03.01.01 Longitudinal Line Marking ",,"Point Asset","Line","Bird, Cheyne",,,"3393","17/02/2026 4:27 PM","20/05/2026 5:22 PM","Gunagi, Pooja"
"Pedestrian Crossings (Zebra)","Yes","ZLM","ZLM","No","No","N/A","GD","247","EF_40_10","Signage","Ss_40_10_90","Traffic signage and marking systems","Pr_35_31_85_88","Thermoplastic line markings","EF_40_10Ss_40_10_90Pr_35_31_85_88","2; 3","01.01 Roads","01.01.03.01.01 Longitudinal Line Marking ",,"Point Asset","Line","Tay, Bryan","688",,"161","13/05/2025 5:19 PM","20/05/2026 3:52 PM","Muhammad Abid-T2D"
"Pedestrian Push Button","Yes","PBT","PBT","Yes","No","Model","TF","245","EF_75_30_35","Road signals and controls","Ss_75_30_35_60","Pedestrian crossing signal systems","Pr_75_51_17_66","Push-button switches","EF_75_30_35Ss_75_30_35_60Pr_75_51_17_66","2; 3","01.05 M&E","01.05.05.05.21.01 Traffic Signal Lantern",,"Point Asset","Point","Tay, Bryan","717",,"190","13/05/2025 5:19 PM","20/05/2026 5:51 PM","Gunagi, Pooja"
"Pedestrian Push Button - Audio Tactile","Yes","PBT","PBT","Yes","No","Model","TF","245","EF_75_30_35","Road signals and controls","Ss_75_30_35_60","Pedestrian crossing signal systems","Pr_75_51_17","Control circuit devices and timeswitches","EF_75_30_35Ss_75_30_35_60Pr_75_51_17","2; 3","01.05 M&E","01.05.05.05.21.01 Traffic Signal Lantern",,"Point Asset","Point","Tay, Bryan","716",,"189","13/05/2025 5:19 PM","20/05/2026 5:51 PM","Gunagi, Pooja"
"Penstock","Yes","PEN","PEN","Yes","No","Model","HY",,"EF_50_70","Drainage treatment and disposal","Ss_50_70_24","Drainage disposal systems","Pr_60_45_30_52","Metal penstocks","EF_50_70Ss_50_70_24Pr_60_45_30_52",,"01.05 M&E","01.05.04.03.04 Penstock",,"Point Asset","Point","James McKinlay-T2D",,,"2882","25/07/2025 3:15 PM","20/05/2026 5:52 PM","Gunagi, Pooja"
"Phase Failure Relay","No","PFR","PFR","No","No","Unsure","VA",,"EF_70_30","Electricity distribution","Ss_70_30_25","Electrical protection systems","Pr_65_72_27","Electrical protective devices","EF_70_30Ss_70_30_25Pr_65_72_27",,"01.05 M&E","01.05.01.03.19 Protection Relay (LV)",,"Point Asset","Point","James McKinlay-T2D",,,"2650","25/07/2025 3:13 PM","20/05/2026 5:11 PM","Gunagi, Pooja"
"Phase inversion / reversing contactor","No","PRC","PRC","No","No","Model","LV",,"EF_70_30_35","High-voltage electricity distribution","Ss_70_20_60","High-voltage control and protection systems","Pr_75_51_52_26","Electromechanical contactors","EF_70_30_35Ss_70_20_60Pr_75_51_52_26",,"01.05 M&E","01.05.01.07.03 Phase inversion / reversing contactor",,"Point Asset","Point","James McKinlay-T2D",,,"2612","25/07/2025 3:11 PM","20/05/2026 5:52 PM","Gunagi, Pooja"
"Photometer - Luminance (Sensor)","Yes","SEN","SEN","Yes","No","Register","LT","243","EF_70_80","Lighting","Ss_70_80_33","General lighting systems","Pr_75_50_76","Sensors and detectors","EF_70_80Ss_70_80_33Pr_75_50_76","2; 3","01.05 M&E","01.05.04.05.02 Sensors",,"Point Asset","Point","Tay, Bryan","698",,"171","13/05/2025 5:19 PM","20/05/2026 4:09 PM","Gunagi, Pooja"
"Pier","Yes","PHS","PHS","No","No","Model","BR","120","EF_20_50_64","Piers","Ss_20_50_20_70","Reinforced concrete bridge pier systems","Pr_20_85_16_15","Concrete columns","EF_20_50_64Ss_20_50_20_70Pr_20_85_16_15","3BPI","01.04 Structures","01.04.01.01.05 Pier and Headstock",,"Point Asset","Point","Tay, Bryan","569",,"41","13/05/2025 5:16 PM","20/05/2026 5:51 PM","Gunagi, Pooja"
"Pier Headstock","Yes","PHS","PHS","No","No","Model","BR","120","EF_20_50_64","Piers","Ss_20_50_20_70","Reinforced concrete bridge pier systems","Pr_20_85_08_15","Concrete beams","EF_20_50_64Ss_20_50_20_70Pr_20_85_08_15","3BPI; 3BAB","01.04 Structures","01.04.01.01.05 Pier and Headstock",,"Point Asset","Point","Tay, Bryan","568",,"40","13/05/2025 5:16 PM","20/05/2026 5:51 PM","Gunagi, Pooja"
"Pile","No","N/A",,"N/A","No","N/A","CC","101","EF_20_05_30","Foundations","Ss_20_05_65","Piling systems","Pr_20_85_62_18","Concrete piles","EF_20_05_30Ss_20_05_65Pr_20_85_62_18","2P","N/A","N/A",,,,"Tay, Bryan","548",,"20","13/05/2025 5:15 PM","20/05/2026 2:34 PM","Bird, Cheyne"
"Pile Cap","No","N/A",,"N/A","No","N/A","BS","321","EF_20_05","Substructure","Ss_20_05_15","Concrete foundation systems","Pr_20_85_62_19","Concrete pile caps","EF_20_05Ss_20_05_15Pr_20_85_62_19","3FC","N/A","N/A",,,,"Tay, Bryan","601",,"74","13/05/2025 5:16 PM","20/05/2026 2:34 PM","Bird, Cheyne"
"Piles","No","N/A",,"N/A","No","N/A","MS","142","EF_20_05_30","Foundations","Ss_20_05_65","Piling systems","Pr_20_85_62_18","Concrete piles","EF_20_05_30Ss_20_05_65Pr_20_85_62_18","2; 1; 3SP; 3; 2CA","N/A","N/A",,,,"Bird, Cheyne",,,"528","10/06/2025 11:40 AM","20/05/2026 3:52 PM","Muhammad Abid-T2D"
"Pipe Culvert","Yes","CVC","CVC","No","No","Model","MS","145","EF_50_35","Below-ground drainage collection","Ss_50_70_45_20","Culvert land drainage systems","Pr_65_52_20_19","Concrete pipe culverts","EF_50_35Ss_50_70_45_20Pr_65_52_20_19","3CC","01.04 Structures","01.04.01.01.07 Slab",,"Point Asset","Point","Tay, Bryan","631",,"104","13/05/2025 5:18 PM","20/05/2026 5:35 PM","Gunagi, Pooja"
"Pipes Condensate","No","PCN","PCN","No","No","Model","VA",,"EF_65_80","Air conditioning","Ss_65_80","Air conditioning systems","Pr_65_52_63_17","Copper pipes","EF_65_80Ss_65_80Pr_65_52_63_17",,"01.05 M&E","01.05.04.07.05 Polypropylene Pipe",,"Point Asset","Line","James McKinlay-T2D",,,"2856","25/07/2025 3:15 PM","21/05/2026 4:22 PM","Muhammad Abid-T2D"
"Pipes Refrigerant","No","PRF","PRF","No","No","Model","VA",,"EF_65_80","Air conditioning","Ss_65_80","Air conditioning systems","Pr_65_52_63_17","Copper pipes","EF_65_80Ss_65_80Pr_65_52_63_17",,"01.05 M&E","01.05.02.09.04 Misting system range pipework",,"Point Asset","Line","James McKinlay-T2D",,,"2857","25/07/2025 3:15 PM","21/05/2026 4:22 PM","Muhammad Abid-T2D"
"Pit Cover Plate","No","N/A",,"N/A","No","N/A","BR","121","EF_20_50","Bridge decks","Ss_20_50","Bridge deck systems","Pr_35","Covering & finishing products","EF_20_50Ss_20_50Pr_35",,"N/A","N/A",,,,"Bird, Cheyne",,,"3275","11/12/2025 11:18 AM","20/05/2026 3:53 PM","Muhammad Abid-T2D"
"Plant Room Doors","No","PRD","GSB","No","No","Model","FS",,"EF_25_30_25","Doors","Ss_25_30_20","Door, shutter and hatch systems","Pr_30_59_24","Doorsets","EF_25_30_25Ss_25_30_20Pr_30_59_24",,"01.05 M&E","01.05.02.08.02 Plant Room Doors",,"Point Asset","Point","James McKinlay-T2D",,,"2718","25/07/2025 3:13 PM","20/05/2026 5:52 PM","Gunagi, Pooja"
"PLC Memory Card","Yes","PCM","PCM","Yes","No","Unsure","CP",,"EF_75_30_35","Road signals and controls","Ss_75_30_35","Road signal and control systems","Pr_70_75_15_65","Portable data storage devices","EF_75_30_35Ss_75_30_35Pr_70_75_15_65",,"01.05 M&E","01.05.05.02.02 PMCS Hardware",,"Point Asset","Point","James McKinlay-T2D",,,"3130","16/09/2025 9:56 AM","20/05/2026 5:11 PM","Gunagi, Pooja"
"Plumbing Fixtures","No","N/A",,"N/A","No","N/A","AR","338","EF_40_20","Fittings","Ss_40_15_75","Sanitary appliance systems","Pr_40_20_76","Sanitary accessories","EF_40_20Ss_40_15_75Pr_40_20_76","3FC","N/A","N/A",,,,"Tay, Bryan","837",,"312","13/05/2025 5:19 PM","20/05/2026 3:52 PM","Muhammad Abid-T2D"
"Plumbing Fixtures - Basins","No","N/A",,"N/A","No","N/A","AR","338","EF_40_20","Fittings","Ss_40_15_75","Sanitary appliance systems","Pr_40_20_96","Washbasins, sinks and troughs","EF_40_20Ss_40_15_75Pr_40_20_96","3FC","N/A","N/A",,,,"Bird, Cheyne",,,"560","18/06/2025 4:01 PM","20/05/2026 3:52 PM","Muhammad Abid-T2D"
"Plumbing Fixtures - Basins DU","No","N/A",,"N/A","No","N/A","DU","381","EF_40_20","Fittings","Ss_40_15_75","Sanitary appliance systems","Pr_40_20_96","Washbasins, sinks and troughs","EF_40_20Ss_40_15_75Pr_40_20_96","3FC","N/A","N/A",,,,"Phelan, David",,,"3285","12/12/2025 4:21 PM","20/05/2026 3:53 PM","Muhammad Abid-T2D"
"Plumbing Fixtures - Fittings","No","N/A",,"N/A","No","N/A","AR","338","EF_40_20","Fittings","Ss_40_15_70","Sanitary appliance systems and FF&E systems","Pr_40_20_06","Bathing fittings","EF_40_20Ss_40_15_70Pr_40_20_06","3FC","N/A","N/A",,,,"Bird, Cheyne",,,"563","18/06/2025 4:02 PM","20/05/2026 3:52 PM","Muhammad Abid-T2D"
"Plumbing Fixtures - Fittings DU","No","N/A",,"N/A","No","N/A","DU","381","EF_40_20","Fittings","Ss_40_15_70","Sanitary appliance systems and FF&E systems","Pr_40_20_06","Bathing fittings","EF_40_20Ss_40_15_70Pr_40_20_06","3FC","N/A","N/A",,,,"Phelan, David",,,"3286","12/12/2025 4:22 PM","20/05/2026 3:53 PM","Muhammad Abid-T2D"
"Plumbing Fixtures - Flush Button","No","N/A",,"N/A","No","N/A","AR","338","EF_50","Waste disposal functions","Ss_40_15_75_97","WC systems","Pr_75_50_46","Liquid level controllers and switches","EF_50Ss_40_15_75_97Pr_75_50_46","3FC","N/A","N/A",,,,"Bird, Cheyne",,,"577","20/06/2025 4:59 PM","20/05/2026 3:52 PM","Muhammad Abid-T2D"
"Plumbing Fixtures - Taps and Shower Heads","No","N/A",,"N/A","No","N/A","AR","338","EF_40_20","Fittings","Ss_40_15_75","Sanitary appliance systems","Pr_40_20_87","Taps and water supply outlet fittings","EF_40_20Ss_40_15_75Pr_40_20_87","3FC","N/A","N/A",,,,"Bird, Cheyne",,,"561","18/06/2025 4:02 PM","20/05/2026 3:52 PM","Muhammad Abid-T2D"
"Plumbing Fixtures - Taps and Shower Heads DU","No","N/A",,"N/A","No","N/A","DU","381","EF_40_20","Fittings","Ss_40_15_75","Sanitary appliance systems","Pr_40_20_87","Taps and water supply outlet fittings","EF_40_20Ss_40_15_75Pr_40_20_87","3FC","N/A","N/A",,,,"Phelan, David",,,"3287","12/12/2025 4:22 PM","20/05/2026 3:53 PM","Muhammad Abid-T2D"
"Plumbing Fixtures - Urinal and WC Fittings","No","N/A",,"N/A","No","N/A","AR","338","EF_40_20","Fittings","Ss_40_15_75","Sanitary appliance systems","Pr_40_20_93","Urinal and WC fittings","EF_40_20Ss_40_15_75Pr_40_20_93","3FC","N/A","N/A",,,,"Bird, Cheyne",,,"562","18/06/2025 4:02 PM","20/05/2026 3:52 PM","Muhammad Abid-T2D"
"PMCS PLC Cabinet ","Yes","PMC","PMC","Yes","No","Model","CP",,"EF_75_30_35","Road signals and controls","Ss_75_30_35","Road signal and control systems","Pr_75_50_18_41","Instrumetation, automation and control panels","EF_75_30_35Ss_75_30_35Pr_75_50_18_41",,"01.05 M&E","01.05.05.02.02 PMCS Hardware",,"Point Asset","Point","James McKinlay-T2D",,,"3129","16/09/2025 9:56 AM","21/05/2026 4:22 PM","Muhammad Abid-T2D"
"PMCS RIO Cabinet ","Yes","PMR","PMR","Yes","No","Unsure","CP",,"EF_75_30_35","Road signals and controls","Ss_75_30_35","Road signal and control systems","Pr_75_50_18_41","Instrumetation, automation and control panels","EF_75_30_35Ss_75_30_35Pr_75_50_18_41",,"01.05 M&E","01.05.05.02.02 PMCS Hardware",,"Point Asset","Point","James McKinlay-T2D",,,"3161","16/09/2025 9:57 AM","20/05/2026 5:11 PM","Gunagi, Pooja"
"PMCS/ITS I/O Cabinet (RIO)","Yes","RIO","RIO","Yes","No","Model","CP","344","EF_75_10","Communication","Ss_75_70_06","Automation and intelligence systems","Pr_80_77_28_66","Equipment protection cabinets","EF_75_10Ss_75_70_06Pr_80_77_28_66",,"01.05 M&E","01.05.05.02.05 PMCS I/O Hardware",,"Point Asset","Point","Tay, Bryan","845",,"320","13/05/2025 5:19 PM","20/05/2026 5:51 PM","Gunagi, Pooja"
"POE Extender","Yes","PEX","PEX","Yes","No","Unsure","CD",,"EF_75_30_35","Road signals and controls","Ss_75_30_35","Road signal and control systems","Pr_70_75_20","Data communication products","EF_75_30_35Ss_75_30_35Pr_70_75_20",,"01.05 M&E","01.05.05.02.01 Data communications Network",,"Point Asset","Point","James McKinlay-T2D",,,"3155","16/09/2025 9:57 AM","20/05/2026 5:11 PM","Gunagi, Pooja"
"Point Smoke Detector","Yes","PSD","PSD","Yes","No","Model","FS",,"EF_75_50_28","Fire and smoke detection and alarms","Ss_75_50_28","Fire and smoke detection and alarm systems","Pr_75_80_30_65","Point smoke detectors","EF_75_50_28Ss_75_50_28Pr_75_80_30_65",,"01.05 M&E","01.05.02.01.03 Optical Smoke Detection unit",,"Point Asset","Point","James McKinlay-T2D",,,"2787","25/07/2025 3:14 PM","21/05/2026 4:22 PM","Muhammad Abid-T2D"
"Pole Mounted Luminaire","Yes","LLD","LLD","Yes","No","Model","LT","243","EF_70_80","Lighting","Ss_70_80_25_70","Roadway lighting systems","Pr_70_70_48_73","Road and amenity lighting luminaires","EF_70_80Ss_70_80_25_70Pr_70_70_48_73","2; 3","01.05 M&E","01.05.06.01.08 Linear LED Luminaire",,"Point Asset","Point","Tay, Bryan","697",,"170","13/05/2025 5:19 PM","20/05/2026 5:45 PM","Gunagi, Pooja"
"Portable Fire Extinguishers","Yes","PFE","PFE","Yes","No","Model","FD",,"EF_55_30","Fire-extinguishing supply","Ss_55_30_65_65","Portable fire extinguisher systems","Pr_40_50_28_64","Portable fire extinguishers","EF_55_30Ss_55_30_65_65Pr_40_50_28_64",,"01.05 M&E","01.05.02.06.01 Portable Fire Extinguishers",,"Point Asset","Point","James McKinlay-T2D",,,"2716","25/07/2025 3:13 PM","20/05/2026 5:52 PM","Gunagi, Pooja"
"Portal Capping Beam","No","N/A",,"N/A","No","N/A","CC","101","EF_37_50_20","Cut-and-cover tunnels","Ss_20_50_30_11","Capping beam systems","Pr_20_85_08","Beams and joists","EF_37_50_20Ss_20_50_30_11Pr_20_85_08","2P","N/A","N/A",,,,"Tay, Bryan","549",,"21","13/05/2025 5:15 PM","20/05/2026 2:34 PM","Bird, Cheyne"
"Portal Diaphragm Wall","No","N/A",,"N/A","No","N/A","CC","102","EF_37_50_20","Cut-and-cover tunnels","Ss_20_60_30_70","Reinforced concrete diaphragm retaining wall systems","Pr_20_93_71_18","Concrete diaphragm wall units","EF_37_50_20Ss_20_60_30_70Pr_20_93_71_18","2P","N/A","N/A",,,,"Tay, Bryan","572",,"44","13/05/2025 5:16 PM","20/05/2026 2:34 PM","Bird, Cheyne"
"Portal Luminance Meter","Yes","PLM","PLM","Yes","No","Model","LT",,"EF_70_80","Lighting","Ss_70_80","Lighting systems","Pr_80_51_51_22","Digital metering equipment","EF_70_80Ss_70_80Pr_80_51_51_22",,"01.05 M&E","01.05.06.01.16 Portal Luminance Meter ",,"Point Asset","Point","James McKinlay-T2D",,,"3026","25/07/2025 3:19 PM","20/05/2026 5:52 PM","Gunagi, Pooja"
"Position Indicating Transmitter","No","ZIT","ZIT","No","No","Model","TT",,"EF_75_30_35","Road signals and controls","Ss_75_30_35","Road signal and control systems","Pr_75_50_20_12","Central processor units","EF_75_30_35Ss_75_30_35Pr_75_50_20_12",,"01.05 M&E","01.05.05.02.07 Position Indicating Transmitter",,"Point Asset","Point","James McKinlay-T2D",,,"3014","25/07/2025 3:19 PM","20/05/2026 5:58 PM","Gunagi, Pooja"
"Positive Temperature Coefficient Thermistors","No","PTC","PTC","No","No","Model","LV",,"EF_70_30","Electricity distribution","Ss_70_30_25","Electrical protection systems","Pr_65_72_27","Electrical protective devices","EF_70_30Ss_70_30_25Pr_65_72_27",,"01.05 M&E","01.05.03.04.02 Room Temperature Sensors",,"Point Asset","Point","James McKinlay-T2D",,,"2651","25/07/2025 3:13 PM","20/05/2026 5:52 PM","Gunagi, Pooja"
"Post and Rail","Yes","GRA","GRA","No","No","Model","FN","248","EF_25_55","Barriers","Ss_25_16_94","Vehicle restraint systems","Pr_20_85_07_13","Carbon steel safety barrier open box beams","EF_25_55Ss_25_16_94Pr_20_85_07_13","2; 3","01.03 Roadside","01.03.03.01.05 Guard Rail ",,"Point Asset","Line","Tay, Bryan","731",,"204","13/05/2025 5:19 PM","20/05/2026 5:45 PM","Gunagi, Pooja"
"POWER BOARD","Yes","PWB","PWB","Yes","No","Unsure","RR",,"EF_75_10_21","Data distribution and telecommunications","Ss_75_10_21_21","Data distribution systems","Pr_70_75_69","Radio communications products","EF_75_10_21Ss_75_10_21_21Pr_70_75_69",,"01.05 M&E","01.05.05.02.01 Data communications Network",,"Point Asset",,"Mazarei, Ashkan (DIT)",,,"3372","17/02/2026 8:48 AM","20/05/2026 5:12 PM","Gunagi, Pooja"
"Power Distribution Board","Yes","PDB","PDB","Yes","No","Model","LV",,"EF_70_30_45","Low-voltage electricity distribution","Ss_70_30_45_45","Low-voltage distribution systems","Pr_60_70_22_22","Distribution boards","EF_70_30_45Ss_70_30_45_45Pr_60_70_22_22",,"01.05 M&E","01.05.01.03.22 Power Distribution Board",,"Point Asset","Point","James McKinlay-T2D",,,"2619","25/07/2025 3:11 PM","20/05/2026 5:52 PM","Gunagi, Pooja"
"Power Distribution Panel","Yes","PDP","PDP","Yes","No","Unsure","MP",,"EF_75_10_21","Data distribution and telecommunications","Ss_75_10_21_52","Mobile telecommunications systems","Pr_60_70_22_22","Distribution boards","EF_75_10_21Ss_75_10_21_52Pr_60_70_22_22",,"01.05 M&E","01.05.05.02.01 Data communications Network",,"Point Asset",,"Mazarei, Ashkan (DIT)",,,"3576","21/04/2026 10:03 AM","20/05/2026 5:12 PM","Gunagi, Pooja"
"Power Factor Correction","Yes","PFC","PFC","Yes","No","Model","LV",,"EF_70_30","Electricity distribution","Ss_70_30","Electricity distribution systems","Pr_65_72_43_05","Automatic power factor correction equipment","EF_70_30Ss_70_30Pr_65_72_43_05",,"01.05 M&E","01.05.01.03.18 Power Factor Correction",,"Point Asset","Point","James McKinlay-T2D",,,"2620","25/07/2025 3:11 PM","20/05/2026 5:52 PM","Gunagi, Pooja"
"Power Meter (HV)","Conditional","POM","POM","No","No","Unsure","HV",,"EF_70_30_35","High-voltage electricity distribution","Ss_70_30_35_35","High-voltage distribution systems","Pr_80_51_51_63","Power factor meters","EF_70_30_35Ss_70_30_35_35Pr_80_51_51_63",,"01.05 M&E","01.05.01.01.05 Instrumentation & Meters (HV)",,"Point Asset","Point","Mazarei, Ashkan (DIT)",,,"3248","20/11/2025 11:43 AM","20/05/2026 5:11 PM","Gunagi, Pooja"
"Power over Ethernet","Yes","POE","POE","Yes","No","Unsure","CD",,"EF_75_30_35","Road signals and controls","Ss_75_30_35","Road signal and control systems","Pr_70_75_52_64","Power over ethernet (POE) network switches","EF_75_30_35Ss_75_30_35Pr_70_75_52_64",,"01.05 M&E","01.05.05.02.01 Data communications Network",,"Point Asset","Point","James McKinlay-T2D",,,"3151","16/09/2025 9:56 AM","20/05/2026 5:11 PM","Gunagi, Pooja"
"Power Quality Analyser","No","PQA","PQA","No","No","Unsure","HV",,"EF_70_30_35","High-voltage electricity distribution","Ss_70_30_35_35","High-voltage distribution systems","Pr_75_50_50","Measuring and monitoring products","EF_70_30_35Ss_70_30_35_35Pr_75_50_50",,"01.05 M&E","01.05.01.01.05 Instrumentation & Meters (HV)",,"Point Asset","Point","Mazarei, Ashkan (DIT)",,,"3250","20/11/2025 11:43 AM","20/05/2026 5:11 PM","Gunagi, Pooja"
"Power Quality Meter","Conditional","PQM","PQM","No","No","Model","LV",,"EF_70_30_45","Low-voltage electricity distribution","Ss_70_30_45_45","Low-voltage distribution systems","Pr_80_51_51_63","Power factor meters","EF_70_30_45Ss_70_30_45_45Pr_80_51_51_63",,"01.05 M&E","01.05.01.03.13 Instrumentation & Meters (LV)",,"Point Asset","Point","James McKinlay-T2D",,,"2652","25/07/2025 3:13 PM","21/05/2026 4:22 PM","Muhammad Abid-T2D"
"Power Splitter","Yes","PSM","PSM","Yes","No","Unsure","CD",,"EF_75_30_35","Road signals and controls","Ss_75_30_35","Road signal and control systems","Pr_60_75_08_78","Splitters","EF_75_30_35Ss_75_30_35Pr_60_75_08_78",,"01.05 M&E","01.05.05.02.01 Data communications Network",,"Point Asset","Point","James McKinlay-T2D",,,"3154","16/09/2025 9:57 AM","20/05/2026 5:11 PM","Gunagi, Pooja"
"Power Supply Unit","No","PSU","PSU","No","No","Model","LV",,"EF_70_30_45","Low-voltage electricity distribution","Ss_70_10","Electrical power generation systems","Pr_60_70","Power supply products","EF_70_30_45Ss_70_10Pr_60_70",,"01.05 M&E","01.05.05.02.05.05 I/O Power Supplies
",,"Point Asset","Point","James McKinlay-T2D",,,"2653","25/07/2025 3:13 PM","20/05/2026 5:52 PM","Gunagi, Pooja"
"Power Supply Unit (RR)","Yes","PSU","PSU","Yes","No","Model","RR",,"EF_75_10_21","Data distribution and telecommunications","Ss_75_10_21_21","Data distribution systems","Pr_60_70","Power supply products","EF_75_10_21Ss_75_10_21_21Pr_60_70",,"01.05 M&E","01.05.05.02.01 Data communications Network",,"Point Asset","Point","Mazarei, Ashkan (DIT)",,,"3582","21/04/2026 11:45 AM","20/05/2026 5:53 PM","Gunagi, Pooja"
"Precast (Transfloor)","Yes","BDK","BDK","No","No","Model","BR","120","EF_20_50_10","Bridge decks","Ss_20_50_25","Bridge deck systems","Pr_20_85_14","Concrete flooring and decking products","EF_20_50_10Ss_20_50_25Pr_20_85_14","3BDE","01.04 Structures","01.04.01.01.11 Bridge Deck ",,"Point Asset","Polygon","Tay, Bryan","624",,"97","13/05/2025 5:18 PM","20/05/2026 5:35 PM","Gunagi, Pooja"
"Precast Concrete Beams","No","N/A",,"N/A","No","N/A","BS","322","EF_20","Structural elements","Ss_20_20_75_65","Precast reinforced concrete beam systems","Pr_20_85_08_15","Concrete beams","EF_20Ss_20_20_75_65Pr_20_85_08_15","3FC","N/A","N/A",,,,"Tay, Bryan","607",,"80","13/05/2025 5:16 PM","20/05/2026 2:34 PM","Bird, Cheyne"
"Precast Concrete Retaining Wall","No","N/A",,"N/A","No","N/A","MS","142","EF_25_10","Walls","Ss_25_10_32_65","Precast concrete wall systems","Pr_20_31_16_37","High strength concrete","EF_25_10Ss_25_10_32_65Pr_20_31_16_37","2; 3; 2CA","N/A","N/A",,,,"Bird, Cheyne",,,"3207","9/10/2025 2:49 PM","20/05/2026 3:53 PM","Muhammad Abid-T2D"
"Precast Concrete Wall","No","N/A",,"N/A","No","N/A","BS","322","EF_25","Wall and barrier elements","Ss_25_10_32_65","Precast concrete wall systems","Pr_20_31_16","Concretes","EF_25Ss_25_10_32_65Pr_20_31_16","3FC","N/A","N/A",,,,"Tay, Bryan","618",,"91","13/05/2025 5:18 PM","20/05/2026 2:34 PM","Bird, Cheyne"
"Precast Panel","Yes","WPN","WPN","No","No","Model","BR","120","EF_25_10","Walls","Ss_25_12_15","Concrete panel wall systems","Pr_20_93_71_17","Concrete panels","EF_25_10Ss_25_12_15Pr_20_93_71_17","3BAB","01.04 Structures","01.04.03.06.03 Wall Panels",,"Point Asset","Line","Tay, Bryan","565",,"37","13/05/2025 5:15 PM","20/05/2026 5:57 PM","Gunagi, Pooja"
"Precast Plank","No","N/A",,"N/A","No","N/A","CC","101","EF_37_50_20","Cut-and-cover tunnels","Ss_30_12_85_70","Reinforced concrete deck systems","Pr_25_30_30_22","Concrete planks","EF_37_50_20Ss_30_12_85_70Pr_25_30_30_22","2P","N/A","N/A",,,,"Tay, Bryan","547",,"19","13/05/2025 5:15 PM","20/05/2026 2:34 PM","Bird, Cheyne"
"Precast Wall","No","N/A",,"N/A","No","N/A","CC","102","EF_25_10","Walls","Ss_25_10_32_65","Precast concrete wall systems","Pr_20_31_16_37","High strength concrete","EF_25_10Ss_25_10_32_65Pr_20_31_16_37","2P","N/A","N/A",,,,"Tay, Bryan","552",,"24","13/05/2025 5:15 PM","20/05/2026 2:34 PM","Bird, Cheyne"
"Preselector Filter","Yes","FIL","FIL","Yes","No","Unsure","RR",,"EF_75_10_21","Data distribution and telecommunications","Ss_75_10_21_21","Data distribution systems","Pr_70_75_69","Radio communications products","EF_75_10_21Ss_75_10_21_21Pr_70_75_69",,"01.05 M&E","01.05.05.02.01 Data communications Network",,"Point Asset",,"Mazarei, Ashkan (DIT)",,,"3359","17/02/2026 8:47 AM","20/05/2026 5:05 PM","Gunagi, Pooja"
"Pressure Control Valve","Yes","PCV","PCV","Yes","No","Model","HY",,"EF_55_70","Water supply","Ss_55_70","Water distribution and supply systems","Pr_65_54_95_25","Differential pressure control valves","EF_55_70Ss_55_70Pr_65_54_95_25",,"01.05 M&E","01.05.04.05.01 Valves & Actuators",,"Point Asset","Point","James McKinlay-T2D",,,"2881","25/07/2025 3:15 PM","20/05/2026 5:52 PM","Gunagi, Pooja"
"Pressure Gauge","No","PGV","PGV","No","No","Model","FS",,"EF_55_30","Fire-extinguishing supply","Ss_55_30","Fire-extinguishing systems","Pr_65_52_34_66","Pressure gauges","EF_55_30Ss_55_30Pr_65_52_34_66",,"01.05 M&E","01.05.03.05.03 Differential pressure gauges",,"Point Asset","Point","James McKinlay-T2D",,,"2788","25/07/2025 3:14 PM","21/05/2026 4:22 PM","Muhammad Abid-T2D"
"Pressure Maintenance Hydrant Pump","N/A","PU","PU","No","No","Model","FS",,"EF_55_30_96","Water firefighting supply","Ss_55_30_96_30","Fire hydrant systems","Pr_65_53_86_66","Pressure booster pumps","EF_55_30_96Ss_55_30_96_30Pr_65_53_86_66",,"01.05 M&E","01.05.02.10.02 Fire Pressure Maintenance (Jacking) Pump",,"Point Asset","Point","James McKinlay-T2D",,,"2789","25/07/2025 3:14 PM","20/05/2026 5:52 PM","Gunagi, Pooja"
"Pressure Maintenance Mist Pump","N/A","PU","PU","No","No","Model","FS",,"EF_55_30_98","Water fire suppression supply","Ss_55_30_98_96","Water mist systems","Pr_65_53_86_66","Pressure booster pumps","EF_55_30_98Ss_55_30_98_96Pr_65_53_86_66",,"01.05 M&E","01.05.02.10.02 Fire Pressure Maintenance (Jacking) Pump",,"Point Asset","Point","James McKinlay-T2D",,,"2790","25/07/2025 3:14 PM","20/05/2026 5:52 PM","Gunagi, Pooja"
"Pressure Reducing Valve","Yes","PRV","PRV","Yes","No","Model","FS",,"EF_55_30","Fire-extinguishing supply","Ss_55_30_98","Water fire suppression systems","Pr_65_54_95_66","Pressure-reducing valves","EF_55_30Ss_55_30_98Pr_65_54_95_66",,"01.05 M&E","01.05.02.12.09 Deluge Pressure Relief Valve",,"Point Asset","Point","James McKinlay-T2D",,,"2791","25/07/2025 3:14 PM","21/05/2026 4:22 PM","Muhammad Abid-T2D"
"Pressure Relief Damper","Yes","PDR","PDR","Yes","No","Model","VA",,"EF_65","Ventilation and air conditioning functions","Ss_65","Ventilation and air conditioning systems","Pr_65_65_24_68","Pressure relief dampers","EF_65Ss_65Pr_65_65_24_68",,"01.05 M&E","01.05.03.02.01 Motorised Relief Dampers",,"Point Asset","Point","James McKinlay-T2D",,,"2858","25/07/2025 3:15 PM","21/05/2026 4:22 PM","Muhammad Abid-T2D"
"Pressure Relief Discharge System Pipework","No","RFD","RFD","No","No","Model","FS",,"EF_55_30","Fire-extinguishing supply","Ss_55_30","Fire-extinguishing systems","Pr_65_52_63_82","Steel pipes","EF_55_30Ss_55_30Pr_65_52_63_82",,"01.05 M&E","01.05.02.12.09 Deluge Pressure Relief Valve",,"Point Asset","Line","James McKinlay-T2D",,,"2792","25/07/2025 3:14 PM","21/05/2026 4:22 PM","Muhammad Abid-T2D"
"Pressure relief valve","No","PSV","PSV","No","No","Model","FD",,"EF_55_30_98","Water fire suppression supply","Ss_55_30_98","Water fire suppression systems","Pr_65_54_95_65","Pressure relief valves","EF_55_30_98Ss_55_30_98Pr_65_54_95_65",,"01.05 M&E","01.05.02.12.09 Deluge Pressure Relief Valve",,"Point Asset","Point","James McKinlay-T2D",,,"2719","25/07/2025 3:13 PM","20/05/2026 5:52 PM","Gunagi, Pooja"
"Pressure Switch","Yes","PSW","PSW","Yes","No","Unsure","FS",,"EF_55_30","Fire-extinguishing supply","Ss_55_30","Fire-extinguishing systems","Pr_65_54_30","Firefighting valves and devices","EF_55_30Ss_55_30Pr_65_54_30",,"01.05 M&E","01.05.03.05.01 Differential Pressure Switch",,"Point Asset","Point","James McKinlay-T2D",,,"2793","25/07/2025 3:14 PM","20/05/2026 5:11 PM","Gunagi, Pooja"
"Pressure Transducer","Yes","PTV","PTV","Yes","No","Unsure","FS",,"EF_55_30","Fire-extinguishing supply","Ss_55_30","Fire-extinguishing systems","Pr_75_50_76_68","Pressure sensors","EF_55_30Ss_55_30Pr_75_50_76_68",,"01.05 M&E","01.05.04.05.02 Sensors",,"Point Asset","Point","James McKinlay-T2D",,,"2794","25/07/2025 3:14 PM","20/05/2026 5:11 PM","Gunagi, Pooja"
"Pressure Transducer (HY)","Yes","PTV","PTV","Yes","No","Unsure","HY",,"EF_50_35","Below-ground drainage collection","Ss_37_16_10_92","Tunnel drainage sump systems","Pr_75_50_76_68","Pressure sensors","EF_50_35Ss_37_16_10_92Pr_75_50_76_68",,"01.05 M&E","01.05.04.05.02 Sensors",,"Point Asset","Point","Mazarei, Ashkan (DIT)",,,"3507","10/04/2026 9:59 AM","20/05/2026 5:12 PM","Gunagi, Pooja"
"Pressurisation Fan","Yes","PSF","PSF","Yes","No","Model","VA",,"EF_65_40_94","Vehicular space ventilation","Ss_65_40_94","Vehicular space ventilation systems","Pr_65_67_29","Fans","EF_65_40_94Ss_65_40_94Pr_65_67_29",,"01.05 M&E","01.05.03.05.02 Egress Pressurisation Fan",,"Point Asset","Point","James McKinlay-T2D",,,"2816","25/07/2025 3:14 PM","20/05/2026 5:52 PM","Gunagi, Pooja"
"Primary Steelwork - Rafters, Girders","No","N/A",,"N/A","No","N/A","BS","323","EF_20_10_30","Framed structures","Ss_20_20","Structural beams","Pr_20_85_08_83","Stainless steel structural beams","EF_20_10_30Ss_20_20Pr_20_85_08_83","3FC","N/A","N/A",,,,"Tay, Bryan","617",,"90","13/05/2025 5:16 PM","20/05/2026 2:35 PM","Bird, Cheyne"
"Programmable Logic Controller","Yes","PLC","PLC","Yes","No","Register","TT",,"EF_75_30_35","Road signals and controls","Ss_75_30_35","Road signal and control systems","Pr_75_50_20_68","Programmabel Logic Controllers","EF_75_30_35Ss_75_30_35Pr_75_50_20_68",,"01.05 M&E","01.05.05.02.02 PMCS Hardware",,"Point Asset","Point","James McKinlay-T2D",,,"2969","25/07/2025 3:17 PM","20/05/2026 4:10 PM","Gunagi, Pooja"
"Prop","No","N/A",,"N/A","No","N/A","CC","102","EF_37_50_20","Cut-and-cover tunnels","Ss_20_20_75_70","Reinforced concrete beam systems","Pr_20_85_86","Struts and props","EF_37_50_20Ss_20_20_75_70Pr_20_85_86","2P","N/A","N/A",,,,"Tay, Bryan","553",,"25","13/05/2025 5:15 PM","20/05/2026 2:34 PM","Bird, Cheyne"
"Prop RS","No","N/A",,"N/A","No","N/A","RS","140","EF_37_50_20","Cut-and-cover tunnels","Ss_20_20_75_70","Pr_20_85_86","Pr_20_85_86","Struts and props","EF_37_50_20Ss_20_20_75_70Pr_20_85_86",,"N/A","N/A",,,,"Dela Cruz, Cyrel",,,"3211","15/10/2025 5:54 PM","20/05/2026 3:53 PM","Muhammad Abid-T2D"
"Protection CT","Conditional","CTX","CTX","No","No","Model","HV",,"EF_70_30_35","High-voltage electricity distribution","Ss_70_30_35_35","High-voltage distribution systems","Pr_65_72_27","Electrical protective devices","EF_70_30_35Ss_70_30_35_35Pr_65_72_27",,"01.05 M&E","01.05.01.01.11 Protection CT",,"Point Asset","Point","James McKinlay-T2D",,,"2589","25/07/2025 3:11 PM","20/05/2026 5:35 PM","Gunagi, Pooja"
"Protection Relay (HV)","Conditional","IED","IED","No","No","Model","HV",,"EF_70_30_35","High-voltage electricity distribution","Ss_70_20_60","High-voltage control and protection systems","Pr_65_72_27","Electrical protective devices","EF_70_30_35Ss_70_20_60Pr_65_72_27",,"01.05 M&E","01.05.01.01.07 Protection Relay (HV)",,"Point Asset","Point","James McKinlay-T2D",,,"2604","25/07/2025 3:11 PM","20/05/2026 5:45 PM","Gunagi, Pooja"
"PSU SHELF POWER SUPPLY","Yes","PDC","PDC","Yes","No","Unsure","WF",,"EF_75_10_21","Data distribution and telecommunications","Ss_75_10_21_21","Data distribution systems","Pr_70_75_20","Data communication products","EF_75_10_21Ss_75_10_21_21Pr_70_75_20",,"01.05 M&E","01.05.05.02.01 Data communications Network",,"Point Asset",,"Mazarei, Ashkan (DIT)",,,"3640","15/05/2026 2:24 PM","20/05/2026 5:12 PM","Gunagi, Pooja"
"PTZ Camera","Yes","CAM","CAM","Yes","No","Model","TT",,"EF_75_40_53","Monitoring","Ss_75_40_53_86","Surveillance CCTV systems","Pr_60_75_86_65","Internet protocol (IP) high-speed pan-tilt-zoom (PTZ) cameras","EF_75_40_53Ss_75_40_53_86Pr_60_75_86_65","3FC; 1FC; 2FC; 3","01.05 M&E","01.05.05.01.10 Camera",,"Point Asset","Point","James McKinlay-T2D",,,"3190","26/09/2025 11:20 AM","20/05/2026 5:37 PM","Gunagi, Pooja"
"Public address system","Yes","PA","PA","Yes","No","Model","TT",,"EF_75_10_68","Public communications","Ss_75_10_68_68","Public address systems","Pr_70_75","Communications products","EF_75_10_68Ss_75_10_68_68Pr_70_75",,"01.05 M&E","01.05.05.04.01 Public Address System",,"Point Asset","Point","James McKinlay-T2D",,,"2968","25/07/2025 3:17 PM","20/05/2026 5:52 PM","Gunagi, Pooja"
"Pump - Dry inline","Yes","PU","PU","Yes","No","Model","HY",,"EF_55_70","Water supply","Ss_55_70","Water distribution and supply systems","Pr_65_53_96","Water supply and wastewater pumps","EF_55_70Ss_55_70Pr_65_53_96",,"01.05 M&E","01.05.04.06.03 Rising Main Pump",,"Point Asset","Point","James McKinlay-T2D",,,"2919","25/07/2025 3:16 PM","20/05/2026 5:52 PM","Gunagi, Pooja"
"Pump Control Panel","Yes","PCP","PCP","Yes","No","Model","HY",,"EF_55_30_98","Water fire suppression supply","Ss_55_70","Water distribution and supply systems","Pr_75_50_18_51","Mechanical services control panels","EF_55_30_98Ss_55_70Pr_75_50_18_51",,"01.05 M&E","01.05.01.03.07 Control Panel - Pumps",,"Point Asset","Point","James McKinlay-T2D",,,"2873","25/07/2025 3:15 PM","20/05/2026 5:52 PM","Gunagi, Pooja"
"Pump submersible - HF","Yes","PU","PU","Yes","No","Model","HY",,"EF_55_70","Water supply","Ss_55_70","Water distribution and supply systems","Pr_65_53_96","Water supply and wastewater pumps","EF_55_70Ss_55_70Pr_65_53_96",,"01.05 M&E","01.05.04.08.01 Stormwater Drainage Pumps",,"Point Asset","Point","James McKinlay-T2D",,,"2920","25/07/2025 3:16 PM","20/05/2026 5:52 PM","Gunagi, Pooja"
"Pump submersible - MF","Yes","PU","PU","Yes","No","Model","HY",,"EF_55_70","Water supply","Ss_55_70","Water distribution and supply systems","Pr_65_53_96","Water supply and wastewater pumps","EF_55_70Ss_55_70Pr_65_53_96",,"01.05 M&E","01.05.04.04.01 Drainage Pumps",,"Point Asset","Point","James McKinlay-T2D",,,"2921","25/07/2025 3:16 PM","20/05/2026 5:52 PM","Gunagi, Pooja"
"Push button Pole","Yes","TS","TS","Yes","No","Model","TF","245","EF_75_30_35","Road signals and controls","Ss_37_17_50","Mast and pole systems","Pr_20_85_50","Masts and poles","EF_75_30_35Ss_37_17_50Pr_20_85_50","2; 3","01.05 M&E","01.05.05.05.21.01 Traffic Signal Lantern",,"Point Asset","Point","Tay, Bryan","715",,"188","13/05/2025 5:19 PM","20/05/2026 5:57 PM","Gunagi, Pooja"
"Pushbutton","Yes","PBT","PBT","Yes","No","Model","LV",,"EF_70_30_45","Low-voltage electricity distribution","Ss_70_30_25","Electrical protection systems","Pr_75_51_17_66","Push-button switches","EF_70_30_45Ss_70_30_25Pr_75_51_17_66",,"01.05 M&E","01.05.01.03.06 Control Panel – Lighting",,"Point Asset","Point","James McKinlay-T2D",,,"2654","25/07/2025 3:13 PM","20/05/2026 5:52 PM","Gunagi, Pooja"
"Rack Cabinet","Yes","CAB","CAB","Yes","No","Model","TT",,"EF_75_30_35","Road signals and controls","Ss_75_30_35","Road signal and control systems","Pr_80_77_28_70","Rack cabinets","EF_75_30_35Ss_75_30_35Pr_80_77_28_70",,"01.05 M&E","01.05.05.04.10 Communication Rack Cabinet",,"Point Asset","Point","James McKinlay-T2D",,,"2944","25/07/2025 3:17 PM","20/05/2026 5:36 PM","Gunagi, Pooja"
"RACK MOUNTED POWER BOARD","Yes","TPB","TPB","Yes","No","Unsure","WF",,"EF_75_10_21","Data distribution and telecommunications","Ss_75_10_21_21","Data distribution systems","Pr_70_75_20","Data communication products","EF_75_10_21Ss_75_10_21_21Pr_70_75_20",,"01.05 M&E","01.05.05.02.01 Data communications Network",,"Point Asset",,"Mazarei, Ashkan (DIT)",,,"3644","15/05/2026 2:24 PM","20/05/2026 5:22 PM","Gunagi, Pooja"
"Radar detector","Yes","RAD","RAD","Yes","No","Model","TT",,"EF_75_30_35","Road signals and controls","Ss_75_30_35","Road signal and control systems","Pr_70_75_72_01","Above-ground vehicle detection products","EF_75_30_35Ss_75_30_35Pr_70_75_72_01",,"01.05 M&E","01.05.05.05.20 Vehicle Detection System",,"Point Asset","Point","James McKinlay-T2D",,,"2972","25/07/2025 3:18 PM","20/05/2026 5:52 PM","Gunagi, Pooja"
"Radio Frequency Donor","Yes","RFQ","RFQ","Yes","No","Unsure","MP",,"EF_75_10_21","Data distribution and telecommunications","Ss_75_10_21_52","Mobile telecommunications systems","Pr_70_75_88","Telecoms equipment","EF_75_10_21Ss_75_10_21_52Pr_70_75_88",,"01.05 M&E","01.05.05.02.01 Data communications Network",,"Point Asset",,"Mazarei, Ashkan (DIT)",,,"3578","21/04/2026 10:13 AM","20/05/2026 5:22 PM","Gunagi, Pooja"
"Radio Repeater","Yes","RPT","RPT","Yes","No","Unsure","RR",,"EF_75_10_21","Data distribution and telecommunications","Ss_75_10_21_21","Data distribution systems","Pr_70_75_69","Radio communications products","EF_75_10_21Ss_75_10_21_21Pr_70_75_69",,"01.05 M&E","01.05.05.02.01 Data communications Network",,"Point Asset",,"Mazarei, Ashkan (DIT)",,,"3363","17/02/2026 8:47 AM","20/05/2026 5:22 PM","Gunagi, Pooja"
"Railway crossing active signage (excludes AWS)","Yes","RLX","RLX","Yes","No","Unsure","TT",,"EF_40_10","Signage","Ss_40_10_90_72","Road traffic signage systems","Pr_70_75_72_95","Vehicle-activated signs","EF_40_10Ss_40_10_90_72Pr_70_75_72_95",,"01.05 M&E","01.01.03.01.04 Pedestrian Crossings",,"Point Asset","Point","James McKinlay-T2D",,,"2981","25/07/2025 3:18 PM","20/05/2026 5:22 PM","Gunagi, Pooja"
"Raised Access Floors","No","N/A",,"N/A","No","N/A","AR","327","EF_30_20","Floors","Ss_30_20_70_70","Raised access floor systems","Pr_25_71_42_70","Raised access floor panels","EF_30_20Ss_30_20_70_70Pr_25_71_42_70","3FC","N/A","N/A",,,,"Tay, Bryan","822",,"297","13/05/2025 5:19 PM","20/05/2026 3:52 PM","Muhammad Abid-T2D"
"Ramp Control Sign - RC1","Yes","RC1","RC1","Yes","No","Model","TT",,"EF_75_30_35","Road signals and controls","Ss_40_10_90_72","Road traffic signage systems","Pr_70_75_72_94","Variable message traffic signs","EF_75_30_35Ss_40_10_90_72Pr_70_75_72_94",,"01.05 M&E","01.05.05.05.13 Ramp Control Sign",,"Point Asset","Point","James McKinlay-T2D",,,"2973","25/07/2025 3:18 PM","20/05/2026 5:52 PM","Gunagi, Pooja"
"Ramp Control Sign - RC2","Yes","RC2","RC2","Yes","No","Model","TT","250","EF_75_30_35","Road signals and controls","Ss_40_10_90_72","Road traffic signage systems","Pr_70_75_72_94","Variable message traffic signs","EF_75_30_35Ss_40_10_90_72Pr_70_75_72_94","3","01.05 M&E","01.05.05.05.13 Ramp Control Sign",,"Point Asset","Point","James McKinlay-T2D",,,"2974","25/07/2025 3:18 PM","20/05/2026 5:52 PM","Gunagi, Pooja"
"Ramp Control Sign - RC3","Yes","RC3","RC3","Yes","No","Model","TT",,"EF_75_30_35","Road signals and controls","Ss_40_10_90_72","Road traffic signage systems","Pr_70_75_72_94","Variable message traffic signs","EF_75_30_35Ss_40_10_90_72Pr_70_75_72_94",,"01.05 M&E","01.05.05.05.13 Ramp Control Sign",,"Point Asset","Point","James McKinlay-T2D",,,"2975","25/07/2025 3:18 PM","20/05/2026 5:52 PM","Gunagi, Pooja"
"Ramps","No","N/A",,"N/A","No","N/A","BS","322","EF_35_20","Ramps","Ss_35_10","Stair and ramp structure systems","Pr_30_59_01","Access ramps","EF_35_20Ss_35_10Pr_30_59_01","3FC","N/A","N/A",,,,"Tay, Bryan","606",,"79","13/05/2025 5:16 PM","20/05/2026 2:34 PM","Bird, Cheyne"
"Ramps (MS)","No","N/A",,"N/A","No","N/A","MS","322","EF_35_20","Ramps","Ss_35_10","Stair and ramp structure systems","Pr_30_59_01","Access ramps","EF_35_20Ss_35_10Pr_30_59_01","2","N/A","N/A",,,,"Bird, Cheyne",,,"3704","2/06/2026 10:22 AM","2/06/2026 10:35 AM","Long, Mike"
"Reactive High Power Splitter","Yes","TLS","TLS","Yes","No","Unsure","MP",,"EF_75_10_21","Data distribution and telecommunications","Ss_75_10_21_52","Mobile telecommunications systems","Pr_70_75_88","Telecoms equipment","EF_75_10_21Ss_75_10_21_52Pr_70_75_88",,"01.05 M&E","01.05.05.02.01 Data communications Network",,"Point Asset",,"Mazarei, Ashkan (DIT)",,,"3579","21/04/2026 10:26 AM","20/05/2026 5:22 PM","Gunagi, Pooja"
"REBROADCAST REMOTE","Yes","UPA","UPA","Yes","No","Unsure","RR",,"EF_75_10_21","Data distribution and telecommunications","Ss_75_10_21_21","Data distribution systems","Pr_70_75_69","Radio communications products","EF_75_10_21Ss_75_10_21_21Pr_70_75_69",,"01.05 M&E","01.05.05.02.01 Data communications Network",,"Point Asset",,"Mazarei, Ashkan (DIT)",,,"3371","17/02/2026 8:48 AM","20/05/2026 5:22 PM","Gunagi, Pooja"
"Receiver","No","RCX","RCX","No","No","Model","TT",,"EF_75_30_35","Road signals and controls","Ss_75_30_35","Road signal and control systems","Pr_70_75_52","Computer network products","EF_75_30_35Ss_75_30_35Pr_70_75_52",,"01.05 M&E","01.05.05.04.13 Receiver",,"Point Asset","Point","James McKinlay-T2D",,,"2977","25/07/2025 3:18 PM","20/05/2026 5:52 PM","Gunagi, Pooja"
"Receiver Multicoupler","Yes","MUX","MUX","Yes","No","Unsure","RR",,"EF_75_10_21","Data distribution and telecommunications","Ss_75_10_21_21","Data distribution systems","Pr_70_75_69","Radio communications products","EF_75_10_21Ss_75_10_21_21Pr_70_75_69",,"01.05 M&E","01.05.05.02.01 Data communications Network",,"Point Asset",,"Mazarei, Ashkan (DIT)",,,"3360","17/02/2026 8:47 AM","20/05/2026 5:12 PM","Gunagi, Pooja"
"Redundancy Module","No","RDM","RDM","No","No","Unsure","LV",,"EF_70_30","Electricity distribution","Ss_70_30_25","Electrical protection systems","Pr_65_72_27","Electrical protective devices","EF_70_30Ss_70_30_25Pr_65_72_27",,"01.05 M&E","01.05.01.03.09 Essential Electrical Distribution Board",,"Point Asset","Point","James McKinlay-T2D",,,"2655","25/07/2025 3:13 PM","20/05/2026 5:21 PM","Gunagi, Pooja"
"REDUNDANCY SYNCHRO RACK","Yes","RED","RED","Yes","No","Unsure","WF",,"EF_75_10_21","Data distribution and telecommunications","Ss_75_10_21_21","Data distribution systems","Pr_70_75_20","Data communication products","EF_75_10_21Ss_75_10_21_21Pr_70_75_20",,"01.05 M&E","01.05.05.02.01 Data communications Network",,"Point Asset",,"Mazarei, Ashkan (DIT)",,,"3641","15/05/2026 2:24 PM","20/05/2026 5:22 PM","Gunagi, Pooja"
"Reinforced Concrete Beam","No","N/A",,"N/A","No","N/A","CC","102","EF_37_50_20","Cut-and-cover tunnels","Ss_20_20_75_70","Reinforced concrete beam systems","Pr_20_85_08_15","Concrete beams","EF_37_50_20Ss_20_20_75_70Pr_20_85_08_15","2P","N/A","N/A",,,,"Tay, Bryan","554",,"26","13/05/2025 5:15 PM","20/05/2026 2:34 PM","Bird, Cheyne"
"Reinforced Concrete Column","No","N/A",,"N/A","No","N/A","CC","102","EF_37_50_20","Cut-and-cover tunnels","Ss_20_30_75_70","Reinforced concrete column systems","Pr_20_85_16_15","Concrete columns","EF_37_50_20Ss_20_30_75_70Pr_20_85_16_15","2P","N/A","N/A",,,,"Tay, Bryan","555",,"27","13/05/2025 5:15 PM","20/05/2026 2:34 PM","Bird, Cheyne"
"Reinforced Concrete Pipe","No","RCP","RCP","No","No","Model","HY",,"EF_50_35","Below-ground drainage collection","Ss_50_70_45_20","Culvert land drainage systems","Pr_65_52_20_19","Concrete pipe culverts","EF_50_35Ss_50_70_45_20Pr_65_52_20_19",,"01.05 M&E","01.05.04.07.04 Reinforced Concrete Pipe",,"Point Asset","Line","James McKinlay-T2D",,,"2884","25/07/2025 3:16 PM","20/05/2026 5:52 PM","Gunagi, Pooja"
"Reinforced Concrete Wall","No","N/A",,"N/A","No","N/A","CC","102","EF_25_10","Walls","Ss_25_10_32_70","Reinforced concrete wall structure systems","Pr_20_31_16_37","High strength concrete","EF_25_10Ss_25_10_32_70Pr_20_31_16_37","2P","N/A","N/A",,,,"Tay, Bryan","551",,"23","13/05/2025 5:15 PM","20/05/2026 2:34 PM","Bird, Cheyne"
"Relay","No","RLY","RLY","No","No","Model","TT",,"EF_75_30_35","Road signals and controls","Ss_75_30_35","Road signal and control systems","Pr_70_75_70_80","Signalling relays","EF_75_30_35Ss_75_30_35Pr_70_75_70_80",,"01.05 M&E","01.05.05.02.08 Relay",,"Point Asset","Point","James McKinlay-T2D",,,"2982","25/07/2025 3:18 PM","20/05/2026 5:52 PM","Gunagi, Pooja"
"Relieving/Approach Slabs","Yes","APP","APP","No","No","Model","BR","120","EF_20_50_10","Bridge decks","Ss_30_12_85_70","Reinforced concrete deck systems","Pr_20_85_13_30","Concrete floating slab foundations","EF_20_50_10Ss_30_12_85_70Pr_20_85_13_30","3BAP","01.04 Structures","01.04.01.01.07 Slab",,"Point Asset","Polygon","Tay, Bryan","564",,"36","13/05/2025 5:15 PM","20/05/2026 5:35 PM","Gunagi, Pooja"
"Remote I/O Cabinet","Yes","RIC","RIC","Yes","No","Unsure","TT",,"EF_75_30_35","Road signals and controls","Ss_75_30_35","Road signal and control systems","Pr_75_50_18_41","Instrumetation, automation and control panels","EF_75_30_35Ss_75_30_35Pr_75_50_18_41",,"01.05 M&E","01.05.05.02.05 PMCS I/O Hardware",,"Point Asset","Point","James McKinlay-T2D",,,"2979","25/07/2025 3:18 PM","20/05/2026 5:22 PM","Gunagi, Pooja"
"Remote I/O Rack","Yes","RIO","RIO","Yes","No","Model","TT",,"EF_75_30_35","Road signals and controls","Ss_75_30_35","Road signal and control systems","Pr_75_50_18_41","Instrumetation, automation and control panels","EF_75_30_35Ss_75_30_35Pr_75_50_18_41",,"01.05 M&E","01.05.05.02.05 PMCS I/O Hardware",,"Point Asset","Point","James McKinlay-T2D",,,"2980","25/07/2025 3:18 PM","20/05/2026 5:52 PM","Gunagi, Pooja"
"Remote IO Controller – High Voltage SAS Network","Conditional","HIO","HIO","No","No","Register","HV",,"EF_70_30_35","High-voltage electricity distribution","Ss_70_20_60","High-voltage control and protection systems","Pr_75_50_20","Controllers and control components","EF_70_30_35Ss_70_20_60Pr_75_50_20",,"01.05 M&E","01.05.05.02.05 PMCS I/O Hardware",,"Point Asset","Point","James McKinlay-T2D",,,"3102","27/08/2025 2:09 PM","20/05/2026 4:10 PM","Gunagi, Pooja"
"Remote Pump Starter","Yes","RPS","RPS","No","No","Unsure","FS",,"EF_55_30_98","Water fire suppression supply","Ss_55_30_98","Water fire suppression systems","Pr_75_50_20","Controllers and control components","EF_55_30_98Ss_55_30_98Pr_75_50_20",,"01.05 M&E","01.05.02.09.03 Misting system pump",,"Point Asset","Point","Mazarei, Ashkan (DIT)",,,"3235","13/11/2025 10:11 AM","20/05/2026 5:22 PM","Gunagi, Pooja"
"Resistance Temperature Detector","No","RTD","RTD","No","No","Unsure","TV",,"EF_65_40_94","Vehicular space ventilation","Ss_65_40_94_90","Tunnel ventilation systems","Pr_75_50_76","Sensors and detectors","EF_65_40_94Ss_65_40_94_90Pr_75_50_76",,"01.05 M&E","01.05.04.05.02 Sensors",,"Point Asset","Point","James McKinlay-T2D",,,"2656","25/07/2025 3:13 PM","20/05/2026 5:21 PM","Gunagi, Pooja"
"Retaining Wall","Yes","RWL","RWL","No","No","Model","BR","120","EF_25_10","Walls","Ss_25_11_16","Concrete wall systems","Pr_20_93_71","Retaining wall units","EF_25_10Ss_25_11_16Pr_20_93_71","3BAB","01.04 Structures","01.04.01.01.02 Abutment Structure",,"Linear Referenced Asset","Line","Tay, Bryan","563",,"35","13/05/2025 5:15 PM","20/05/2026 2:33 PM","Bird, Cheyne"
"Retaining Wall (Gabion)","Yes","RWL","RWL","No","No","Model","MS","142","EF_25_10","Walls","Ss_20_60_35_10","Caged fill retaining wall systems","Pr_20_93_71","Retaining wall units","EF_25_10Ss_20_60_35_10Pr_20_93_71","2; 2CA; 3","01.04 Structures","01.04.01.01.02 Abutment Structure",,"Linear Referenced Asset","Line","Bird, Cheyne",,,"3334","30/01/2026 11:21 AM","20/05/2026 2:33 PM","Bird, Cheyne"
"Retaining Wall RS","No","N/A",,"No","No","N/A","RS","141","EF_25_10","Walls","Ss_25_11_16","Concrete wall systems","Pr_20_93_71","Retaining wall units","EF_25_10Ss_25_11_16Pr_20_93_71",,"N/A","N/A",,,,"Dela Cruz, Cyrel",,,"3258","26/11/2025 9:27 PM","20/05/2026 3:53 PM","Muhammad Abid-T2D"
"Retention Basins","No","N/A",,"N/A","No","N/A","SD","225","EF_50_30","Above-ground drainage collection","Ss_50_70_85","Sustainable drainage systems (SuDS)","Pr_15_31_26","Excavated earth and fill materials","EF_50_30Ss_50_70_85Pr_15_31_26","2; 3","N/A","N/A",,,,"Tay, Bryan","678",,"151","13/05/2025 5:18 PM","20/05/2026 2:35 PM","Bird, Cheyne"
"Return Air Grille","No","RAG","RAG","No","No","Unsure","VA",,"EF_65_80","Air conditioning","Ss_65_80","Air conditioning systems","Pr_70_65_04_03","Air grilles","EF_65_80Ss_65_80Pr_70_65_04_03",,"01.05 M&E","01.05.03.06.01 Ventilation Louvers",,"Point Asset","Point","James McKinlay-T2D",,,"2859","25/07/2025 3:15 PM","20/05/2026 5:22 PM","Gunagi, Pooja"
"RF COMBINER","Yes","COM","COM","Yes","No","Unsure","RR",,"EF_75_10_21","Data distribution and telecommunications","Ss_75_10_21_21","Data distribution systems","Pr_70_75_69","Radio communications products","EF_75_10_21Ss_75_10_21_21Pr_70_75_69",,"01.05 M&E","01.05.05.02.01 Data communications Network",,"Point Asset",,"Mazarei, Ashkan (DIT)",,,"3581","21/04/2026 11:18 AM","20/05/2026 4:54 PM","Gunagi, Pooja"
"RF Coupler","Yes","CUP","CUP","Yes","No","Model","RR",,"EF_75_10_21","Data distribution and telecommunications","Ss_75_10_21_21","Data distribution systems","Pr_70_75_69","Radio communications products","EF_75_10_21Ss_75_10_21_21Pr_70_75_69",,"01.05 M&E","01.05.05.02.01 Data communications Network",,"Point Asset",,"Mazarei, Ashkan (DIT)",,,"3356","17/02/2026 8:47 AM","21/05/2026 3:42 PM","Muhammad Abid-T2D"
"RF Duplexer","Yes","DPL","DPL","Yes","No","Unsure","RR",,"EF_75_10_21","Data distribution and telecommunications","Ss_75_10_21_21","Data distribution systems","Pr_70_75_69","Radio communications products","EF_75_10_21Ss_75_10_21_21Pr_70_75_69",,"01.05 M&E","01.05.05.02.01 Data communications Network",,"Point Asset",,"Mazarei, Ashkan (DIT)",,,"3357","17/02/2026 8:47 AM","20/05/2026 4:54 PM","Gunagi, Pooja"
"RF Hybrid Combiner","Yes","MNC","MNC","Yes","No","Unsure","MP",,"EF_75_10_21","Data distribution and telecommunications","Ss_75_10_21_52","Mobile telecommunications systems","Pr_70_75_88","Telecoms equipment","EF_75_10_21Ss_75_10_21_52Pr_70_75_88",,"01.05 M&E","01.05.05.02.01 Data communications Network",,"Point Asset",,"Mazarei, Ashkan (DIT)",,,"3441","19/03/2026 10:26 AM","20/05/2026 5:12 PM","Gunagi, Pooja"
"RF Hybrid QuadPlexer","Yes","QPX","QPX","Yes","No","Unsure","MP",,"EF_75_10_21","Data distribution and telecommunications","Ss_75_10_21_52","Mobile telecommunications systems","Pr_70_75_88","Telecoms equipment","EF_75_10_21Ss_75_10_21_52Pr_70_75_88",,"01.05 M&E","01.05.05.02.01 Data communications Network",,"Point Asset",,"Mazarei, Ashkan (DIT)",,,"3442","19/03/2026 10:26 AM","20/05/2026 5:12 PM","Gunagi, Pooja"
"RF Over Fibre","Yes","ROF","ROF","Yes","No","Unsure","RR",,"EF_75_10_21","Data distribution and telecommunications","Ss_75_10_21_21","Data distribution systems","Pr_70_75_69","Radio communications products","EF_75_10_21Ss_75_10_21_21Pr_70_75_69",,"01.05 M&E","01.05.05.02.01 Data communications Network",,"Point Asset",,"Mazarei, Ashkan (DIT)",,,"3362","17/02/2026 8:47 AM","20/05/2026 5:22 PM","Gunagi, Pooja"
"RF OVER FIBRE ENCLOSURE","Yes","FIB","FIB","Yes","No","Unsure","WF",,"EF_75_10_21","Data distribution and telecommunications","Ss_75_10_21_21","Data distribution systems","Pr_70_75_20","Data communication products","EF_75_10_21Ss_75_10_21_21Pr_70_75_20",,"01.05 M&E","01.05.05.02.01 Data communications Network",,"Point Asset",,"Mazarei, Ashkan (DIT)",,,"3638","15/05/2026 2:24 PM","20/05/2026 5:05 PM","Gunagi, Pooja"
"RF TAP","Yes","RFT","RFT","Yes","No","Unsure","RR",,"EF_75_10_21","Data distribution and telecommunications","Ss_75_10_21_21","Data distribution systems","Pr_70_75_69","Radio communications products","EF_75_10_21Ss_75_10_21_21Pr_70_75_69",,"01.05 M&E","01.05.05.02.01 Data communications Network",,"Point Asset",,"Mazarei, Ashkan (DIT)",,,"3376","17/02/2026 8:48 AM","20/05/2026 5:22 PM","Gunagi, Pooja"
"RF-1 COUPLER","Yes","RFO","RFO","Yes","No","Unsure","RR",,"EF_75_10_21","Data distribution and telecommunications","Ss_75_10_21_21","Data distribution systems","Pr_70_75_69","Radio communications products","EF_75_10_21Ss_75_10_21_21Pr_70_75_69",,"01.05 M&E","01.05.05.02.01 Data communications Network",,"Point Asset",,"Mazarei, Ashkan (DIT)",,,"3377","17/02/2026 8:48 AM","20/05/2026 5:22 PM","Gunagi, Pooja"
"RF-2 COUPLER","Yes","RFP","RFP","Yes","No","Unsure","RR",,"EF_75_10_21","Data distribution and telecommunications","Ss_75_10_21_21","Data distribution systems","Pr_70_75_69","Radio communications products","EF_75_10_21Ss_75_10_21_21Pr_70_75_69",,"01.05 M&E","01.05.05.02.01 Data communications Network",,"Point Asset",,"Mazarei, Ashkan (DIT)",,,"3378","17/02/2026 8:48 AM","20/05/2026 5:22 PM","Gunagi, Pooja"
"Rigid Pavement","Yes","RPV","RPV","No","No","Model","PV","222","EF_30_60_60","Pedestrian pavements","Ss_30_14_15","Concrete road and paving systems","Pr_20_31_16_22","Designed concrete","EF_30_60_60Ss_30_14_15Pr_20_31_16_22","1","01.01 Roads","01.01.01.01.02 Rigid Pavement",,"Linear Feature","Polygon","Tay, Bryan","674",,"147","13/05/2025 5:18 PM","20/05/2026 5:51 PM","Gunagi, Pooja"
"RIO Rack Comms Adapter S2 Redundancy","Yes","CAR","CAR","Yes","No","Unsure","CP",,"EF_75_30_35","Road signals and controls","Ss_75_30_35","Road signal and control systems","Pr_70_75_20","Data communication products","EF_75_30_35Ss_75_30_35Pr_70_75_20",,"01.05 M&E","01.05.05.02.02 PMCS Hardware",,"Point Asset","Point","James McKinlay-T2D",,,"3131","16/09/2025 9:56 AM","20/05/2026 4:54 PM","Gunagi, Pooja"
"Rising Main Pipe","No","RMP","RMP","No","No","Model","HY",,"EF_50_75","Wastewater treatment and disposal","Ss_50_35_68","Wastewater collection pumping systems","Pr_65_52_63_82","Steel pipes","EF_50_75Ss_50_35_68Pr_65_52_63_82",,"01.05 M&E","01.05.04.06.02 Rising Main Pipe",,"Point Asset","Line","James McKinlay-T2D",,,"2885","25/07/2025 3:16 PM","20/05/2026 5:52 PM","Gunagi, Pooja"
"Rising Main Pump","Yes","PU","PU","Yes","No","Model","HY",,"EF_50_75","Wastewater treatment and disposal","Ss_50_35_68","Wastewater collection pumping systems","Pr_65_53_96","Water supply and wastewater pumps","EF_50_75Ss_50_35_68Pr_65_53_96",,"01.05 M&E","01.05.04.06.03 Rising Main Pump",,"Point Asset","Point","James McKinlay-T2D",,,"2887","25/07/2025 3:16 PM","20/05/2026 5:52 PM","Gunagi, Pooja"
"Rising Main Valve","Yes","RMV","RMV","Yes","No","Model","HY",,"EF_50_75","Wastewater treatment and disposal","Ss_50_35_68","Wastewater collection pumping systems","Pr_65_54_94","Water supply and wastewater valves","EF_50_75Ss_50_35_68Pr_65_54_94",,"01.05 M&E","01.05.04.06.01 Rising Main Valve",,"Point Asset","Point","James McKinlay-T2D",,,"2886","25/07/2025 3:16 PM","20/05/2026 5:52 PM","Gunagi, Pooja"
"Road Deck","No","N/A",,"N/A","No","N/A","CC","101","EF_37_50_20","Cut-and-cover tunnels","Ss_20_50_25_16","Concrete slab deck systems","Pr_20_85_14_16","Concrete solid slabs","EF_37_50_20Ss_20_50_25_16Pr_20_85_14_16","2P","N/A","N/A",,,,"Tay, Bryan","546",,"18","13/05/2025 5:15 PM","20/05/2026 2:34 PM","Bird, Cheyne"
"Road light","Yes","RL","RL","Yes","No","Model","LT",,"EF_70_80","Lighting","Ss_70_80_25_70","Roadway lighting systems","Pr_70_70_48_73","Road and amenity lighting luminaires","EF_70_80Ss_70_80_25_70Pr_70_70_48_73",,"01.05 M&E","01.05.06.01.12 Surface Road and Interchange Lighting",,"Point Asset","Point","James McKinlay-T2D",,,"3027","25/07/2025 3:19 PM","20/05/2026 5:52 PM","Gunagi, Pooja"
"Road Lighting Pole","Yes","RL","RL","Yes","No","Model","LT","243","EF_70_80","Lighting","Ss_70_80_25_70","Roadway lighting systems","Pr_80_77_48_80","Steel lighting columns","EF_70_80Ss_70_80_25_70Pr_80_77_48_80","2; 3","01.05 M&E","01.05.06.01.12 Surface Road and Interchange Lighting",,"Point Asset","Point","Tay, Bryan","696",,"169","13/05/2025 5:19 PM","20/05/2026 5:51 PM","Gunagi, Pooja"
"Road Lighting Switchboard","Yes","SWB","SWB","Yes","No","Model","LV",,"EF_70_30_45","Low-voltage electricity distribution","Ss_70_30_45_45","Low-voltage distribution systems","Pr_60_70_22_46","Lighting distribution boxes","EF_70_30_45Ss_70_30_45_45Pr_60_70_22_46",,"01.05 M&E","01.05.01.03.20 Main LV Switchboard",,"Point Asset","Point","James McKinlay-T2D",,,"2624","25/07/2025 3:11 PM","20/05/2026 5:58 PM","Gunagi, Pooja"
"Road Safety Camera","Yes","RSC","RSC","Yes","No","Model","TT",,"EF_75_40_53","Monitoring","Ss_75_40_53_86","Surveillance CCTV systems","Pr_60_75_86_30","Fixed cameras","EF_75_40_53Ss_75_40_53_86Pr_60_75_86_30",,"01.05 M&E","01.05.05.01.02 CCTV Camera (fixed)",,"Point Asset","Point","James McKinlay-T2D",,,"2978","25/07/2025 3:18 PM","20/05/2026 5:52 PM","Gunagi, Pooja"
"Rock Beaching","No","N/A",,"N/A","No","N/A","LA","217","EF_25","Wall and barrier elements","Ss_25_16_50_72","Rock armour systems","Pr_15_31_26_46","Landscape area fill materials","EF_25Ss_25_16_50_72Pr_15_31_26_46","2CA","N/A","N/A",,,,"Bird, Cheyne","982",,"469","21/05/2025 11:05 AM","20/05/2026 3:52 PM","Muhammad Abid-T2D"
"Rock Bolts and Anchors","No","N/A",,"N/A","No","N/A","RS","141","EF_15_10","Groundworks and earthworks","Ss_15_10_80_70","Rock bolting and dowelling systems","Pr_20_29_03","Anchors and components","EF_15_10Ss_15_10_80_70Pr_20_29_03","2; 3","N/A","N/A",,,,"Tay, Bryan","813",,"288","13/05/2025 5:19 PM","20/05/2026 3:52 PM","Muhammad Abid-T2D"
"Rocks and Logs","No","N/A",,"N/A","No","N/A","LA","217","EF_45","Flora and fauna elements","Ss_40_70","Recreational FF&E systems","Pr_40_50_33","Garden furnishings","EF_45Ss_40_70Pr_40_50_33",,"N/A","N/A",,,,"Bird, Cheyne",,,"3709","12/06/2026 4:34 PM","12/06/2026 4:38 PM","Bird, Cheyne"
"Roof Slab","No","N/A",,"N/A","No","N/A","CC","101","EF_37_50_20","Cut-and-cover tunnels","Ss_30_12_85_70","Reinforced concrete deck systems","Pr_20_85_14","Concrete flooring and decking products","EF_37_50_20Ss_30_12_85_70Pr_20_85_14","2P","N/A","N/A",,,,"Tay, Bryan","545",,"17","13/05/2025 5:15 PM","20/05/2026 2:34 PM","Bird, Cheyne"
"Room Temperature Sensors","Yes","RTS","RTS","Yes","No","Model","VA",,"EF_65_80","Air conditioning","Ss_65_80","Air conditioning systems","Pr_75_50_76_03","Air temperature sensors","EF_65_80Ss_65_80Pr_75_50_76_03",,"01.05 M&E","01.05.03.04.02 Room Temperature Sensors",,"Point Asset","Point","James McKinlay-T2D",,,"2821","25/07/2025 3:15 PM","20/05/2026 5:52 PM","Gunagi, Pooja"
"Rooms","N/A","N/A",,"N/A","No","N/A","AR",,"N/A","N/A","N/A","N/A","N/A","N/A","N/AN/AN/A","3FC","N/A","N/A",,,,"Tay, Bryan","962",,"438","14/05/2025 2:05 PM","20/05/2026 3:52 PM","Muhammad Abid-T2D"
"Root Barrier","No","N/A",,"N/A","No","N/A","LA","217","EF_25_55","Wall and barrier elements","Ss_45_10_95_72","Rooted plants on hard surfaces control systems","Pr_25_57_65_37","High-density polyethylene (PE-HD) sheets","EF_25_55Ss_45_10_95_72Pr_25_57_65_37","3BDE","N/A","N/A",,,,"Bird, Cheyne",,,"3094","15/08/2025 3:24 PM","20/05/2026 3:53 PM","Muhammad Abid-T2D"
"Router","Yes","RTR","RTR","Yes","No","Model","TT",,"EF_75_30_35","Road signals and controls","Ss_75_30_35","Road signal and control systems","Pr_70_75_52_96","Wireless sensor node","EF_75_30_35Ss_75_30_35Pr_70_75_52_96",,"01.05 M&E","01.05.05.02.09 Router",,"Point Asset","Point","James McKinlay-T2D",,,"2983","25/07/2025 3:18 PM","20/05/2026 5:52 PM","Gunagi, Pooja"
"RRB Communications Cabinet","Yes","RRC","RRC","Yes","No","Model","RR",,"EF_75_10_21","Data distribution and telecommunications","Ss_75_10_21_21","Data distribution systems","Pr_70_75_69","Radio communications products","EF_75_10_21Ss_75_10_21_21Pr_70_75_69",,"01.05 M&E","01.05.05.02.01 Data communications Network",,"Point Asset",,"Mazarei, Ashkan (DIT)",,,"3355","17/02/2026 8:47 AM","21/05/2026 4:22 PM","Muhammad Abid-T2D"
"RX SYNCHRO BOX","Yes","SYR","SYR","Yes","No","Unsure","WF",,"EF_75_10_21","Data distribution and telecommunications","Ss_75_10_21_21","Data distribution systems","Pr_70_75_20","Data communication products","EF_75_10_21Ss_75_10_21_21Pr_70_75_20",,"01.05 M&E","01.05.05.02.01 Data communications Network",,"Point Asset",,"Mazarei, Ashkan (DIT)",,,"3642","15/05/2026 2:24 PM","20/05/2026 5:22 PM","Gunagi, Pooja"
"Safe-T-CAM / truck scan","Yes","STC","STC","Yes","No","Unsure","TT",,"EF_75_70_54","Metering, monitoring and management","Ss_25_16_94_95","Vehicle safety control systems","Pr_70_75_72_01","Above-ground vehicle detection products","EF_75_70_54Ss_25_16_94_95Pr_70_75_72_01",,"01.05 M&E","01.05.05.01.01 Automatic Vehicle Incident Detection Systems",,"Point Asset","Point","James McKinlay-T2D",,,"2987","25/07/2025 3:18 PM","20/05/2026 5:22 PM","Gunagi, Pooja"
"Safety Rail","Yes","RRS","RRS","No","No","Model","BR","121","EF_25_55_30","Fixed barriers","Ss_25_60_05","Balustrade and handrail systems","Pr_20_85_07","Barrier rails","EF_25_55_30Ss_25_60_05Pr_20_85_07","3BDE","01.04 Structures","01.04.01.01.09 Rails and Screens",,"Point Asset","Line","Tay, Bryan","585",,"58","13/05/2025 5:16 PM","20/05/2026 5:51 PM","Gunagi, Pooja"
"Safety Screens/ Anti Throw Screens","Yes","RRS","RRS","No","No","Model","BR","121","EF_25_55_30","Fixed barriers","Ss_25_60_05","Balustrade and handrail systems","Pr_20_85_07","Barrier rails","EF_25_55_30Ss_25_60_05Pr_20_85_07","3BDE","01.04 Structures","01.04.01.01.09 Rails and Screens",,"Point Asset","Line","Tay, Bryan","584",,"57","13/05/2025 5:16 PM","20/05/2026 5:51 PM","Gunagi, Pooja"
"Safety Screens/ Anti Throw Screens CC","Yes","RRS","RRS","No","No","Model","CC","102","EF_25_55_30","Fixed barriers","Ss_25_60_05","Balustrade and handrail systems","Pr_20_85_07","Barrier rails","EF_25_55_30Ss_25_60_05Pr_20_85_07",,"01.04 Structures","01.04.01.01.09 Rails and Screens",,"Point Asset","Line","Dela Cruz, Cyrel",,,"3706","5/06/2026 10:16 AM","10/06/2026 3:30 PM","Bird, Cheyne"
"Safety Screens/ Anti Throw Screens RS","Yes","RRS","RRS","No","No","Model","RS","141","EF_25_55_30","Fixed barriers","Ss_25_60_05","Balustrade and handrail systems","Pr_20_85_07","Barrier rails","EF_25_55_30Ss_25_60_05Pr_20_85_07",,"01.04 Structures","01.04.01.01.09 Rails and Screens",,"Point Asset","Line","Dela Cruz, Cyrel",,,"3244","18/11/2025 8:04 PM","20/05/2026 5:53 PM","Gunagi, Pooja"
"Safety Valve","No","SAV","SAV","No","No","Unsure","FS",,"EF_55_30","Fire-extinguishing supply","Ss_55_30","Fire-extinguishing systems","Pr_65_54_30","Firefighting valves and devices","EF_55_30Ss_55_30Pr_65_54_30",,"01.05 M&E","01.05.02.12.09 Deluge Pressure Relief Valve",,"Point Asset","Point","James McKinlay-T2D",,,"2795","25/07/2025 3:14 PM","20/05/2026 5:21 PM","Gunagi, Pooja"
"SCALANCE switch memory card","Yes","MCS","MCS","Yes","No","Unsure","CP",,"EF_75_30_35","Road signals and controls","Ss_75_30_35","Road signal and control systems","Pr_70_75_15_65","Portable data storage devices","EF_75_30_35Ss_75_30_35Pr_70_75_15_65",,"01.05 M&E","01.05.05.02.02 PMCS Hardware",,"Point Asset","Point","James McKinlay-T2D",,,"3144","16/09/2025 9:56 AM","20/05/2026 5:04 PM","Gunagi, Pooja"
"Scour Valve","Yes","SCV","SCV","Yes","No","Model","HY",,"EF_55_70","Water supply","Ss_55_70","Water distribution and supply systems","Pr_65_54_24","Drainage valves","EF_55_70Ss_55_70Pr_65_54_24",,"01.05 M&E","01.05.04.05.01 Valves & Actuators",,"Point Asset","Point","James McKinlay-T2D",,,"2922","25/07/2025 3:16 PM","21/05/2026 4:22 PM","Muhammad Abid-T2D"
"Screed","No","N/A",,"N/A","No","N/A","AR","327","EF_30_10","Roofs","Ss_30_42_15","Cementitious screed systems","Pr_15","Preparatory products","EF_30_10Ss_30_42_15Pr_15","3FC","N/A","N/A",,,,"Bird, Cheyne",,,"552","18/06/2025 3:48 PM","20/05/2026 3:52 PM","Muhammad Abid-T2D"
"Screed CC","No","N/A",,"N/A","No","N/A","CC","101","EF_30_10","Roofs","_30_42_15","Cementitious screed systems","Pr_15","Preparatory products","EF_30_10_30_42_15Pr_15",,"N/A","N/A",,,,"Dela Cruz, Cyrel",,,"3617","7/05/2026 7:20 PM","20/05/2026 3:53 PM","Muhammad Abid-T2D"
"Secondary Damper Frame","Yes","SDF","SDF","Yes","No","Model","TV",,"EF_65_40_94","Vehicular space ventilation","Ss_65_40_94_90","Tunnel ventilation systems","Pr_20_76_51","Metal sections","EF_65_40_94Ss_65_40_94_90Pr_20_76_51",,"01.05 M&E","N/A",,"Point Asset","Point","Mazarei, Ashkan (DIT)",,,"3268","9/12/2025 8:35 AM","21/05/2026 5:01 PM","James McKinlay-T2D"
"Secondary Steelwork - Purlins, Girts","No","N/A",,"N/A","No","N/A","BS","323","EF_20_10_30","Framed structures","Ss_20_20","Structural beams","Pr_20_85_08_83","Stainless steel structural beams","EF_20_10_30Ss_20_20Pr_20_85_08_83","3FC","N/A","N/A",,,,"Tay, Bryan","616",,"89","13/05/2025 5:16 PM","20/05/2026 2:35 PM","Bird, Cheyne"
"Select Formation","Yes","FPV","FPV","No","No","Model","PV","222","EF_30_60_95","Vehicular pavements","Ss_30_14_80_48","Loose gravel paving systems","Pr_20_31_04","Aggregates","EF_30_60_95Ss_30_14_80_48Pr_20_31_04","1","01.01 Roads","01.01.01.01.01 Asphalt Sealed Pavements (Flexible sub-base)",,"Linear Feature","Polygon","Tay, Bryan","673",,"146","13/05/2025 5:18 PM","20/05/2026 5:35 PM","Gunagi, Pooja"
"Selector Valve System","N/A","SVS","SVS","No","No","Model","FS",,"EF_55_30","Fire-extinguishing supply","Ss_55_30","Fire-extinguishing systems","Pr_65_54_30","Firefighting valves and devices","EF_55_30Ss_55_30Pr_65_54_30",,"01.05 M&E","01.05.02.12.02 Deluge Valve",,"Point Asset","Point","James McKinlay-T2D",,,"2796","25/07/2025 3:14 PM","20/05/2026 5:58 PM","Gunagi, Pooja"
"Self Monitoring High Capacity Filter","N/A","SHF","SHF","No","No","Unsure","FS",,"EF_55_30","Fire-extinguishing supply","Ss_55_30","Fire-extinguishing systems","Pr_65_57_95","Water feature filters and strainers","EF_55_30Ss_55_30Pr_65_57_95",,"01.05 M&E","01.05.01.03.17 Harmonic Filters",,"Point Asset","Point","James McKinlay-T2D",,,"2797","25/07/2025 3:14 PM","20/05/2026 5:21 PM","Gunagi, Pooja"
"Sensor (all types) (WTP)","Yes","WSN","WSN","Yes","No","Unsure","HY",,"EF_55_15","Water extraction and treatment","Ss_55_15","Water extraction, treatment and storage systems","Pr_75_50_76","Sensors and detectors","EF_55_15Ss_55_15Pr_75_50_76",,"01.05 M&E","01.05.04.10.04 Instrumentation",,"Point Asset","Point","James McKinlay-T2D",,,"2923","25/07/2025 3:16 PM","20/05/2026 5:22 PM","Gunagi, Pooja"
"Sensors","No","SEN","SEN","No","No","Register","HY",,"EF_55_70","Water supply","Ss_55_70","Water distribution and supply systems","Pr_75_50_76","Sensors and detectors","EF_55_70Ss_55_70Pr_75_50_76",,"01.05 M&E","01.05.04.05.02 Sensors",,"Point Asset","Point","James McKinlay-T2D",,,"2889","25/07/2025 3:16 PM","20/05/2026 4:10 PM","Gunagi, Pooja"
"SERIAL TO ETHERNET CONVERTER","Yes","SEC","SEC","Yes","No","Unsure","RR",,"EF_75_10_21","Data distribution and telecommunications","Ss_75_10_21_21","Data distribution systems","Pr_70_75_20","Data communication products","EF_75_10_21Ss_75_10_21_21Pr_70_75_20",,"01.05 M&E","01.05.05.02.01 Data communications Network",,"Point Asset",,"Mazarei, Ashkan (DIT)",,,"3374","17/02/2026 8:48 AM","20/05/2026 5:22 PM","Gunagi, Pooja"
"Server Cabinet","Yes","CSP","CSP","Yes","No","Unsure","CP",,"EF_75_30_35","Road signals and controls","Ss_75_30_35","Road signal and control systems","Pr_70_75_15_80","Servers","EF_75_30_35Ss_75_30_35Pr_70_75_15_80",,"01.05 M&E","01.05.05.05.30 Servers",,"Point Asset","Point","James McKinlay-T2D",,,"3145","16/09/2025 9:56 AM","20/05/2026 4:54 PM","Gunagi, Pooja"
"Servers","Yes","SRV","SRV","Yes","No","Model","TT",,"EF_75_30_35","Road signals and controls","Ss_75_40_53_86","Surveillance CCTV systems","Pr_70_75_15_80","Servers","EF_75_30_35Ss_75_40_53_86Pr_70_75_15_80",,"01.05 M&E","01.05.05.05.30 Servers",,"Point Asset","Point","James McKinlay-T2D",,,"2986","25/07/2025 3:18 PM","20/05/2026 5:58 PM","Gunagi, Pooja"
"Service and Test Valve","No","STV","STV","No","No","Unsure","FS",,"EF_55_30","Fire-extinguishing supply","Ss_55_30","Fire-extinguishing systems","Pr_65_54_30_23","Drain and test valves","EF_55_30Ss_55_30Pr_65_54_30_23",,"01.05 M&E","01.05.02.12.07 Deluge Release Valve",,"Point Asset","Point","James McKinlay-T2D",,,"2798","25/07/2025 3:14 PM","20/05/2026 5:21 PM","Gunagi, Pooja"
"Service Point","No","N/A",,"N/A","No","N/A","LT","243","EF_70_80","Lighting","Ss_70_80","Lighting systems","Pr_65_72_27","Electrical protective devices","EF_70_80Ss_70_80Pr_65_72_27","2; 3","N/A","N/A",,,,"Tay, Bryan","695",,"168","13/05/2025 5:19 PM","20/05/2026 2:35 PM","Bird, Cheyne"
"Service Valve","No","SPV","SPV","No","No","Unsure","FS",,"EF_55_30","Fire-extinguishing supply","Ss_55_30","Fire-extinguishing systems","Pr_65_54_30_23","Drain and test valves","EF_55_30Ss_55_30Pr_65_54_30_23",,"01.05 M&E","01.05.02.12.07 Deluge Release Valve",,"Point Asset","Point","James McKinlay-T2D",,,"2799","25/07/2025 3:14 PM","20/05/2026 5:21 PM","Gunagi, Pooja"
"SFP Transceiver","Yes","TSF","TSF","Yes","No","Unsure","CD",,"EF_75_30_35","Road signals and controls","Ss_75_30_35","Road signal and control systems","Pr_70_75_20","Data communication products","EF_75_30_35Ss_75_30_35Pr_70_75_20",,"01.05 M&E","01.05.05.02.01 Data communications Network",,"Point Asset","Point","James McKinlay-T2D",,,"3150","16/09/2025 9:56 AM","20/05/2026 5:22 PM","Gunagi, Pooja"
"Shaft - Access Hatch","No","N/A",,"N/A","No","N/A","TU","308","EF_25_10_30","Access covers and frames","Ss_25_30_30","Access cover systems  ","Pr_30_59_36","Hatches and access panels","EF_25_10_30Ss_25_30_30Pr_30_59_36","2T;2P","N/A","N/A",,,,"Ryan, Xavier",,,"3570","16/04/2026 11:40 AM","20/05/2026 3:53 PM","Muhammad Abid-T2D"
"Shaft - Bollards","No","N/A",,"N/A","No","N/A","TU","308","EF_37_50","Tunnels and shafts","Ss_25_16_94_10","Bollard systems","Pr_20_76_08","Bollards and impact protectors","EF_37_50Ss_25_16_94_10Pr_20_76_08","2T;2P","N/A","N/A",,,,"Ryan, Xavier",,,"3405","23/02/2026 10:55 AM","20/05/2026 3:53 PM","Muhammad Abid-T2D"
"Shaft - Capping Beam","No","N/A",,"N/A","No","N/A","TU","311","EF_37_50","Tunnels and shafts","Ss_20_50_30_11","Capping beam systems","Pr_20_85_08","Beams and joists","EF_37_50Ss_20_50_30_11Pr_20_85_08","2T;2P","N/A","N/A",,,,"Tay, Bryan","809",,"284","13/05/2025 5:19 PM","20/05/2026 3:52 PM","Muhammad Abid-T2D"
"Shaft - Continuity Beam","No","N/A",,"N/A","No","N/A","TU","311","EF_37_50","Tunnels and shafts","Ss_37_50_80_71","Reinforced concrete shaft structure systems","Pr_20_85_08","Beams and joists","EF_37_50Ss_37_50_80_71Pr_20_85_08","2T;2P","N/A","N/A",,,,"Tay, Bryan","806",,"281","13/05/2025 5:19 PM","20/05/2026 3:52 PM","Muhammad Abid-T2D"
"Shaft - Cross Bores","No","N/A",,"N/A","No","N/A","TU","311","EF_37_50","Tunnels and shafts","Ss_37_50_80","Shaft structure systems","Pr_65_52_63_33","Glass fibre-reinforced plastics (GRP) pressure pipes and fittings","EF_37_50Ss_37_50_80Pr_65_52_63_33","2T;2P","N/A","N/A",,,,"Tay, Bryan","808",,"283","13/05/2025 5:19 PM","20/05/2026 3:52 PM","Muhammad Abid-T2D"
"Shaft - Cross Bores (Grout Infill)","No","N/A",,"N/A","No","N/A","TU","308","EF_37_50","Tunnels and shafts","Ss_20_05_80_12","Cementitious grout systems","Pr_20_31_53_13","Cementitious grouts","EF_37_50Ss_20_05_80_12Pr_20_31_53_13","2T;2P","N/A","N/A",,,,"Ryan, Xavier",,,"3404","23/02/2026 10:39 AM","20/05/2026 3:53 PM","Muhammad Abid-T2D"
"Shaft - Diaphragm Walls","No","N/A",,"N/A","No","N/A","TU","311","EF_37_50","Tunnels and shafts","Ss_37_50_80_71","Reinforced concrete shaft structure systems","Pr_20_93_71_18","Concrete diaphragm wall units","EF_37_50Ss_37_50_80_71Pr_20_93_71_18","2T;2P","N/A","N/A",,,,"Tay, Bryan","807",,"282","13/05/2025 5:19 PM","20/05/2026 3:52 PM","Muhammad Abid-T2D"
"Shaft - Handrails","No","N/A",,"N/A","No","N/A","TU","308","EF_37_50","Tunnels and shafts","Ss_25_60_05","Balustrade and handrail systems","Pr_25_30_36","Handrails","EF_37_50Ss_25_60_05Pr_25_30_36","2T;2P","N/A","N/A","N/A",,,"Ryan, Xavier",,,"3407","23/02/2026 11:24 AM","20/05/2026 3:53 PM","Muhammad Abid-T2D"
"Shaft - Internal Slab","No","N/A",,"N/A","No","N/A","TU","308","EF_37_50","Tunnels and shafts","Ss_37_50_80_71","Reinforced concrete shaft structure systems","Pr_20_85_14_16","Concrete solid slabs","EF_37_50Ss_37_50_80_71Pr_20_85_14_16","2T;2P","N/A","N/A",,,,"Ryan, Xavier",,,"3609","6/05/2026 11:36 AM","20/05/2026 3:53 PM","Muhammad Abid-T2D"
"Shaft - Internal Walls","No","N/A",,"N/A","No","N/A","TU","308","EF_25_10_40","Internal walls","Ss_25_11_16","Concrete wall systems","Concrete solid wall and composite wall units","Pr_20_93_85_14","EF_25_10_40Ss_25_11_16Concrete solid wall and composite wall units","2T;2P","N/A","N/A","N/A",,,"Ryan, Xavier",,,"3406","23/02/2026 11:19 AM","20/05/2026 3:53 PM","Muhammad Abid-T2D"
"Shaft - Slab","No","N/A",,"N/A","No","N/A","TU","311","EF_37_50","Tunnels and shafts","Ss_37_50_80_71","Reinforced concrete shaft structure systems","Pr_20_85_14_16","Concrete solid slabs","EF_37_50Ss_37_50_80_71Pr_20_85_14_16","2T;2P","N/A","N/A",,,,"Tay, Bryan","810",,"285","13/05/2025 5:19 PM","20/05/2026 3:52 PM","Muhammad Abid-T2D"
"Shaft - Stairs","No","N/A",,"N/A","No","N/A","TU","308","EF_37_50","Tunnels and shafts","Ss_35_10","Stair and ramp structure systems","Pr_25_30_85","Stair and ladder units","EF_37_50Ss_35_10Pr_25_30_85","2T;2P","N/A","N/A",,,,"Ryan, Xavier",,,"546","16/06/2025 5:15 PM","20/05/2026 3:52 PM","Muhammad Abid-T2D"
"Shaft - Steel Framing","No","N/A",,"N/A","No","N/A","TU","308","EF_37_50","Tunnels and shafts","Ss_20_10_75","Structural framing systems","Pr_20_65_34_51","Metal-framed structures","EF_37_50Ss_20_10_75Pr_20_65_34_51","2T;2P","N/A","N/A",,,,"Ryan, Xavier",,,"3403","23/02/2026 10:32 AM","20/05/2026 3:53 PM","Muhammad Abid-T2D"
"Shaft - Tympanum (Concrete)","No","N/A",,"N/A","No","N/A","TU","311","EF_37_50","Tunnels and shafts","Ss_37_60_90","Tunnel and shaft waterproofing systems","Pr_20_93_90","Tunnel-lining products","EF_37_50Ss_37_60_90Pr_20_93_90","2T;2P","N/A","N/A",,,,"Ryan, Xavier",,,"3342","4/02/2026 11:39 AM","20/05/2026 3:53 PM","Muhammad Abid-T2D"
"Shaft - Tympanum (Steel)","No","N/A",,"N/A","No","N/A","TU","311","EF_37_50","Tunnels and shafts","Ss_37_60_90","Tunnel and shaft waterproofing systems","Pr_20_93_90","Tunnel-lining products","EF_37_50Ss_37_60_90Pr_20_93_90","2T;2P","N/A","N/A",,,,"Ryan, Xavier",,,"3343","4/02/2026 11:48 AM","20/05/2026 3:53 PM","Muhammad Abid-T2D"
"Shared Balustrade/Pedestrian","Yes","RRS","RRS","No","No","Model","BR","121","EF_25_55_30","Fixed barriers","Ss_25_60_05","Balustrade and handrail systems","Pr_20_85_07","Barrier rails","EF_25_55_30Ss_25_60_05Pr_20_85_07","3BDE","01.04 Structures","01.04.01.01.09 Rails and Screens",,"Point Asset","Line","Tay, Bryan","583",,"56","13/05/2025 5:16 PM","20/05/2026 5:51 PM","Gunagi, Pooja"
"Shared use path","Yes","SHA","SHA","No","No","Model","RW","230","EF_30_60","Pavements","Ss_30_14_65","Paving structure systems","Pr_35_31_05","Asphalt, bitumen and resin mixtures","EF_30_60Ss_30_14_65Pr_35_31_05","1","01.03 Roadside","01.01.01.01.01 Asphalt Sealed Pavements (Flexible sub-base)",,"Point Asset","Line","Tay, Bryan","687",,"160","13/05/2025 5:19 PM","20/05/2026 5:51 PM","Gunagi, Pooja"
"Shared use path (Concrete)","Yes","SHA","SHA","No","No","Model","MS","142","EF_30_60","Pavements","Ss_30_14_65","Paving structure systems","Pr_20_31_16","Concretes","EF_30_60Ss_30_14_65Pr_20_31_16","1","01.03 Roadside","01.01.01.01.01 Asphalt Sealed Pavements (Flexible sub-base)",,"Point Asset","Line","Bird, Cheyne",,,"3426","12/03/2026 10:06 AM","20/05/2026 5:53 PM","Gunagi, Pooja"
"Sheet Piles","No","N/A",,"N/A","No","N/A","RS","140","EF_25_10","Walls","Ss_20_60_30_85","Steel sheet pile retaining wall systems","Pr_20_85_62_16","Composite steel sheet piles","EF_25_10Ss_20_60_30_85Pr_20_85_62_16","2; 3","N/A","N/A",,,,"Tay, Bryan","620",,"93","13/05/2025 5:18 PM","20/05/2026 2:34 PM","Bird, Cheyne"
"Shelter","Yes","OSH","OSH","Yes","No","Model","LA","217","EF_40_30","Furnishings","Ss_20_10_70_62","People shelter systems","Pr_20_65_78_58","Open-sided shelters","EF_40_30Ss_20_10_70_62Pr_20_65_78_58","2CA","01.03 Roadside","01.03.01.01.02 Vegetation and Landscape",,"Point Asset","Point","Bird, Cheyne","988",,"475","21/05/2025 11:18 AM","20/05/2026 5:52 PM","Gunagi, Pooja"
"Shelters","Yes","OSH","OSH","Yes","No","Model","BR","121","EF_40_30","Furnishings","Ss_20_10_70_62","People shelter systems","Pr_20_65_78_58","Open-sided shelters","EF_40_30Ss_20_10_70_62Pr_20_65_78_58","3BDE","01.04 Structures","01.04.01.01.09 Rails and Screens",,"Point Asset","Point","Bird, Cheyne",,,"3311","22/01/2026 3:22 PM","20/05/2026 5:53 PM","Gunagi, Pooja"
"Shock Pulse Monitoring","Yes","SPM","SPM","Yes","No","Unsure","VA",,"EF_65","Ventilation and air conditioning functions","Ss_65","Ventilation and air conditioning systems","Pr_65_72_27","Electrical protective devices","EF_65Ss_65Pr_65_72_27",,"01.04 Structures","01.04.03.05.02 Corrosion Monitoring Points",,"Point Asset","Point","James McKinlay-T2D",,,"2860","25/07/2025 3:15 PM","20/05/2026 5:22 PM","Gunagi, Pooja"
"Shotcrete Floor","Yes","SHO","SHO","No","No","Model","BR","120","EF_30","Roofs, floor and paving elements","Ss_30_42","Floor covering and finishing systems","Pr_20_31_16_84","Sprayed concretes","EF_30Ss_30_42Pr_20_31_16_84","2; 3","01.04 Structures","01.04.03.04.03 Shotcrete Lining",,"Point Asset","Line","Bird, Cheyne",,,"3432","18/03/2026 3:07 PM","20/05/2026 5:53 PM","Gunagi, Pooja"
"Shotcrete Walls","Yes","SHO","SHO","No","No","Model","RS","141","EF_25_10","Walls","Ss_20_60_35","Gravity retaining wall systems","Pr_20_31_16_84","Sprayed concretes","EF_25_10Ss_20_60_35Pr_20_31_16_84","2; 3","01.04 Structures","01.04.03.04.03 Shotcrete Lining",,"Point Asset","Line","Tay, Bryan","812",,"287","13/05/2025 5:19 PM","20/05/2026 5:51 PM","Gunagi, Pooja"
"Side Entry Pits ","Yes","SEP","SEP","Yes","No","Model","HY",,"EF_50_70","Drainage treatment and disposal","Ss_50_30_02","Rainwater drainage systems","Pr_65_52_24","Drainage gullies and channels","EF_50_70Ss_50_30_02Pr_65_52_24",,"01.05 M&E","01.05.04.03.03 Side Entry Pits ",,"Point Asset","Point","James McKinlay-T2D",,,"2890","25/07/2025 3:16 PM","20/05/2026 5:36 PM","Gunagi, Pooja"
"Side Entry Pits MS","Yes","SEP","SEP","Yes","No","Model","MS","145","EF_50_70","Drainage treatment and disposal","Ss_50_30_02","Rainwater drainage systems","Pr_65_52_24","Drainage gullies and channels","EF_50_70Ss_50_30_02Pr_65_52_24","2; 2CA","01.05 M&E","01.05.04.03.03 Side Entry Pits ",,"Point Asset","Point","Bird, Cheyne",,,"3413","5/03/2026 12:12 PM","20/05/2026 5:37 PM","Gunagi, Pooja"
"Sign Face Plate","Yes","SGN","SGN","No","No","Model","GD","247","EF_40_10","Signage","Ss_40_10_90_72","Road traffic signage systems","Pr_40_10_77_85","Street signs","EF_40_10Ss_40_10_90_72Pr_40_10_77_85","1; 2; 2P; 3","01.01 Roads","01.01.02.01.03 Sign Face Plate",,"Point Asset","Point","Tay, Bryan","727",,"200","13/05/2025 5:19 PM","4/06/2026 3:54 PM","Long, Mike"
"Sign Face Plate BR","Yes","SGN ","SGN","No","No","N/A","BR","121","EF_40_10","Signage","Ss_40_10_90_72","Road traffic signage systems","Pr_40_10_77_85","Street signs","EF_40_10Ss_40_10_90_72Pr_40_10_77_85","3BAP; 3BDE; 3BAB; 3BSP; 3BPI","01.01 Roads","01.01.02.01.03 Sign Face Plate",,"Point Asset","Point","Bird, Cheyne",,,"3416","5/03/2026 12:15 PM","20/05/2026 3:53 PM","Muhammad Abid-T2D"
"Sign Post","Yes","SGP","SGP","No","No","Model","GD","247","EF_40_10","Signage","Ss_40_10_90_72","Road traffic signage systems","Pr_20_85_50","Masts and poles","EF_40_10Ss_40_10_90_72Pr_20_85_50","2; 3","01.01 Roads","01.01.02.01.01 Sign Post",,"Point Asset","Point","Tay, Bryan","726",,"199","13/05/2025 5:19 PM","20/05/2026 5:51 PM","Gunagi, Pooja"
"Signage LA","Yes","SGN","SGN","Yes","No","Model","LA","217","EF_40_10","Signage","Ss_40_10_90","Traffic signage and marking systems","Pr_40_10_77","Signs and markers","EF_40_10Ss_40_10_90Pr_40_10_77","2CA","01.01 Roads","01.01.02.01.01 Sign Post",,"Point Asset","Point","Bird, Cheyne",,,"3049","25/07/2025 5:14 PM","21/05/2026 10:14 AM","Muhammad Abid-T2D"
"Signs","No","SIG","SIG","No","No","Model","TT",,"EF_40_10","Signage","Ss_40_10_90_72","Road traffic signage systems","Pr_40_10_77_72","Road traffic signs","EF_40_10Ss_40_10_90_72Pr_40_10_77_72","1; 2; 3","01.05 M&E","01.05.05.05.21 Fixed and Regulatory Signs",,"Point Asset","Point","James McKinlay-T2D",,,"2984","25/07/2025 3:18 PM","20/05/2026 5:52 PM","Gunagi, Pooja"
"SIMATIC BusAdapter 2 x RJ45 sockets","Yes","BAS","BAS","Yes","No","Unsure","CP",,"EF_75_30_35","Road signals and controls","Ss_75_30_35","Road signal and control systems","Pr_75_50_20","Controllers and control components","EF_75_30_35Ss_75_30_35Pr_75_50_20",,"01.05 M&E","01.05.05.02.02 PMCS Hardware",,"Point Asset","Point","James McKinlay-T2D",,,"3133","16/09/2025 9:56 AM","20/05/2026 4:54 PM","Gunagi, Pooja"
"Single Line Variable Message Sign (SLVMS)","Yes","VMS","VMS","Yes","No","Model","TT",,"EF_75_30_35","Road signals and controls","Ss_75_30_35","Road signal and control systems","Pr_70_75_72_94","Variable message traffic signs","EF_75_30_35Ss_75_30_35Pr_70_75_72_94",,"01.05 M&E","01.05.05.05.09 Variable Message Signs (VMS)",,"Point Asset","Point","James McKinlay-T2D",,,"3189","25/09/2025 10:08 AM","20/05/2026 5:58 PM","Gunagi, Pooja"
"Single-Mode Plug-in tranceiver","Yes","TSM","TSM","Yes","No","Unsure","CP",,"EF_75_30_35","Road signals and controls","Ss_75_30_35","Road signal and control systems","Pr_70_75_20","Data communication products","EF_75_30_35Ss_75_30_35Pr_70_75_20",,"01.05 M&E","01.05.05.02.02 PMCS Hardware",,"Point Asset","Point","James McKinlay-T2D",,,"3143","16/09/2025 9:56 AM","20/05/2026 5:22 PM","Gunagi, Pooja"
"Site Alarm Module","Yes","SAM","SAM","Yes","No","Unsure","RR",,"EF_75_10_21","Data distribution and telecommunications","Ss_75_10_21_21","Data distribution systems","Pr_70_75_69","Radio communications products","EF_75_10_21Ss_75_10_21_21Pr_70_75_69",,"01.05 M&E","01.05.05.02.01 Data communications Network",,"Point Asset",,"Mazarei, Ashkan (DIT)",,,"3364","17/02/2026 8:48 AM","20/05/2026 5:22 PM","Gunagi, Pooja"
"Site Vantage","Yes","SVT","SVT","Yes","No","Unsure","RR",,"EF_75_10_21","Data distribution and telecommunications","Ss_75_10_21_21","Data distribution systems","Pr_70_75_69","Radio communications products","EF_75_10_21Ss_75_10_21_21Pr_70_75_69",,"01.05 M&E","01.05.05.02.01 Data communications Network",,"Point Asset",,"Mazarei, Ashkan (DIT)",,,"3365","17/02/2026 8:48 AM","20/05/2026 5:22 PM","Gunagi, Pooja"
"Slab on Grade","No","N/A",,"N/A","No","N/A","BS","321","EF_30_20","Floors","Ss_30_12","Floor and deck structure systems","Pr_20_85_14","Concrete flooring and decking products","EF_30_20Ss_30_12Pr_20_85_14","3FC","N/A","N/A",,,,"Tay, Bryan","600",,"73","13/05/2025 5:16 PM","20/05/2026 2:34 PM","Bird, Cheyne"
"Smoke Duct Detector","Yes","SMD","SMD","Yes","No","Unsure","FD",,"EF_75_50_28","Fire and smoke detection and alarms","Ss_75_50_28_24","Duct smoke detector systems","Pr_75_80_30_22","Duct smoke detectors","EF_75_50_28Ss_75_50_28_24Pr_75_80_30_22",,"01.05 M&E","01.05.02.01.03 Optical Smoke Detection unit",,"Point Asset","Point","James McKinlay-T2D",,,"2800","25/07/2025 3:14 PM","20/05/2026 5:21 PM","Gunagi, Pooja"
"Soft Starter","Yes","SST","SST","Yes","No","Model","LV",,"EF_70_30_45","Low-voltage electricity distribution","Ss_70_30_45_45","Low-voltage distribution systems","Pr_75_51_52","Motor starters, variable frequency drives and contactors","EF_70_30_45Ss_70_30_45_45Pr_75_51_52",,"01.05 M&E","01.05.01.07.02 Soft Starter",,"Point Asset","Point","James McKinlay-T2D",,,"2623","25/07/2025 3:11 PM","20/05/2026 5:58 PM","Gunagi, Pooja"
"Softfall Rubber","No","N/A",,"N/A","No","N/A","LA","217","EF_30_60_60","Pedestrian pavements","Ss_30_14_02_85","Synthetic play surfacing systems","Pr_35_31_05_64","Polyurethane-bound ethylene propylene diene monomer (EPDM) rubber crumb surfacings","EF_30_60_60Ss_30_14_02_85Pr_35_31_05_64","2CA","N/A","N/A",,,,"Bird, Cheyne","979",,"466","21/05/2025 10:53 AM","20/05/2026 3:52 PM","Muhammad Abid-T2D"
"Soil Nails","No","N/A",,"N/A","No","N/A","RS","141","EF_25_10","Walls","Ss_20_60_35","Gravity retaining wall systems","Pr_20_29_81","Soil nails","EF_25_10Ss_20_60_35Pr_20_29_81","2; 3","N/A","N/A",,,,"Tay, Bryan","811",,"286","13/05/2025 5:19 PM","20/05/2026 3:52 PM","Muhammad Abid-T2D"
"Solenoid Valve","Yes","SLV","SLV","Yes","No","Unsure","FS",,"EF_55_30","Fire-extinguishing supply","Ss_55_30","Fire-extinguishing systems","Pr_65_54_30_96","Fire suppression control valve sets","EF_55_30Ss_55_30Pr_65_54_30_96",,"01.05 M&E","01.05.04.05.01 Valves & Actuators",,"Point Asset",,"Mazarei, Ashkan (DIT)",,,"3350","9/02/2026 12:34 PM","20/05/2026 5:22 PM","Gunagi, Pooja"
"Sound Attenuator","Yes","SIL","SIL","Yes","No","Unsure","VA",,"EF_65_80","Air conditioning","Ss_65_80","Air conditioning systems","Pr_65_67_78","Sound attenuators","EF_65_80Ss_65_80Pr_65_67_78",,"01.05 M&E","01.05.03.03.01 Noise Attenuators",,"Point Asset","Point","James McKinlay-T2D",,,"2861","25/07/2025 3:15 PM","20/05/2026 5:22 PM","Gunagi, Pooja"
"SP Circuit Breaker DC","Yes","LCB","LCB","Yes","No","Unsure","MC",,"EF_75_30_35","Road signals and controls","Ss_75_30_35","Road signal and control systems","Pr_65_72_27","Electrical protective devices","EF_75_30_35Ss_75_30_35Pr_65_72_27",,"01.05 M&E","01.05.05.02.02 PMCS Hardware",,"Point Asset","Point","James McKinlay-T2D",,,"3158","16/09/2025 9:57 AM","20/05/2026 5:04 PM","Gunagi, Pooja"
"SP MCB AC","Yes","MCB","MCB","Yes","No","Unsure","MC",,"EF_75_30_35","Road signals and controls","Ss_75_30_35","Road signal and control systems","Pr_65_72_27","Electrical protective devices","EF_75_30_35Ss_75_30_35Pr_65_72_27",,"01.05 M&E","01.05.05.02.02 PMCS Hardware",,"Point Asset","Point","James McKinlay-T2D",,,"3159","16/09/2025 9:57 AM","20/05/2026 5:04 PM","Gunagi, Pooja"
"Speaker","Yes","SPK","SPK","Yes","No","Model","TT",,"EF_75_10_68","Public communications","Ss_75_10_68_68","Public address systems","Pr_70_75_06_50","Loudspeakers","EF_75_10_68Ss_75_10_68_68Pr_70_75_06_50",,"01.05 M&E","01.05.05.04.09 Loudspeakers (Speaker)",,"Point Asset","Point","James McKinlay-T2D",,,"2985","25/07/2025 3:18 PM","20/05/2026 5:52 PM","Gunagi, Pooja"
"Special Hazards Indication Panel ","Yes","SHIP","SHIP","Yes","No","Model","FD",,"EF_75_50_28","Fire and smoke detection and alarms","Ss_75_50_28_29","Fire detection and alarm systems","Pr_75_50_18","Control and indicator panels","EF_75_50_28Ss_75_50_28_29Pr_75_50_18",,"01.05 M&E","01.05.02.01.12 Fire Panel",,"Point Asset","Point","Mazarei, Ashkan (DIT)",,,"3215","21/10/2025 3:29 PM","21/05/2026 4:22 PM","Muhammad Abid-T2D"
"Specialty Steel Framing","Yes","SSF","SSF","No","No","Model","MS","143","EF_20_50_82","Spans","Ss_20_10_75","Structural framing systems","Pr_20_85_08_11","Carbon steel beams","EF_20_50_82Ss_20_10_75Pr_20_85_08_11","1; 2; 2B; 2CA; 3","N/A","N/A",,"Point Asset","Point","Bird, Cheyne",,,"3214","21/10/2025 2:23 PM","20/05/2026 5:58 PM","Gunagi, Pooja"
"Specialty Steel Framing CC","Unsure","SSF",,,"Yes","Unsure","CC","102","EF_20_50_82","Spans","Ss_20_10_75","Structural framing systems","Pr_20_85_08_11","Carbon steel beams","EF_20_50_82Ss_20_10_75Pr_20_85_08_11",,"N/A","N/A",,,,"Dela Cruz, Cyrel",,,"3727","23/06/2026 11:40 AM","23/06/2026 11:40 AM","Dela Cruz, Cyrel"
"Spine Beam","No","N/A",,"N/A","No","N/A","CC","101","EF_20_10","Superstructure","Ss_20_20_75","Structural beam systems","Pr_20_85_08_15","Concrete beams","EF_20_10Ss_20_20_75Pr_20_85_08_15",,"N/A","N/A",,,,"Vaz, Alex",,,"537","11/06/2025 4:23 PM","20/05/2026 3:52 PM","Muhammad Abid-T2D"
"Sports Equipment","Yes","OSE","OSE","Yes","No","Model","LA","217","EF_40_40","Equipment","Ss_40_70_75","Sports FF&E systems","Pr_40_30_83","Sports fittings","EF_40_40Ss_40_70_75Pr_40_30_83","2CA","01.03 Roadside","01.03.01.01.02 Vegetation and Landscape",,"Point Asset","Point","Bird, Cheyne",,,"3092","14/08/2025 12:26 PM","20/05/2026 5:52 PM","Gunagi, Pooja"
"Sports Surface","No","N/A",,"N/A","No","N/A","LA","217","EF_30_60_60","Pedestrian pavements","Ss_30_14_02_42","Impervious acrylic coated sports paving systems","Pr_35_31_05_42","Impervious textured sports surfacings","EF_30_60_60Ss_30_14_02_42Pr_35_31_05_42","2CA","N/A","N/A",,,,"Bird, Cheyne","980",,"467","21/05/2025 10:54 AM","20/05/2026 3:52 PM","Muhammad Abid-T2D"
"Stairs","No","N/A",,"N/A","No","N/A","CC","102","EF_35","Stairs and ramps","Ss_35_10","Stair and ramp structure systems","Pr_25_30_85","Stair and ladder units","EF_35Ss_35_10Pr_25_30_85","2P","N/A","N/A",,,,"Tay, Bryan","550",,"22","13/05/2025 5:15 PM","20/05/2026 2:34 PM","Bird, Cheyne"
"Stairs (MS)","No","N/A",,"N/A","No","N/A","MS","102","EF_35_10","Stairs","Ss_35_10","Stair and ramp structure systems","Pr_25_30_85","Stair and ladder units","EF_35_10Ss_35_10Pr_25_30_85","2P","N/A","N/A",,,,"Bird, Cheyne",,,"3702","2/06/2026 10:22 AM","2/06/2026 10:22 AM","Bird, Cheyne"
"Steel Beam","No","N/A",,"N/A","No","N/A","CC","102","EF_20_50_82","Spans","Ss_20_10_75","Structural framing systems","Pr_20_85_08_11","Carbon steel beams","EF_20_50_82Ss_20_10_75Pr_20_85_08_11",,"N/A","N/A",,,,"Vaz, Alex",,,"532","11/06/2025 4:20 PM","20/05/2026 3:52 PM","Muhammad Abid-T2D"
"Steel Columns","No","N/A",,"N/A","No","N/A","BS","323","EF_20","Structural elements","Ss_20_30","Structural columns","Pr_20_85_16_84","Stainless steel structural columns","EF_20Ss_20_30Pr_20_85_16_84","3FC","N/A","N/A",,,,"Tay, Bryan","615",,"88","13/05/2025 5:16 PM","20/05/2026 2:34 PM","Bird, Cheyne"
"Steel Framed Floor Plates","No","N/A",,"N/A","No","N/A","BS","323","EF_30","Roofs, floor and paving elements","Ss_30_12","Floor and deck structure systems","Pr_20_65_60","Panelled and framed structure products","EF_30Ss_30_12Pr_20_65_60","3FC","N/A","N/A",,,,"Tay, Bryan","614",,"87","13/05/2025 5:16 PM","20/05/2026 2:34 PM","Bird, Cheyne"
"Steel Member","Yes","GIR","GIR","No","No","Model","BR","121","EF_20_50_82","Spans","Ss_20_10_75","Structural framing systems","Pr_20_85_08_11","Carbon steel beams","EF_20_50_82Ss_20_10_75Pr_20_85_08_11","3BSP","01.04 Structures","01.04.01.01.03 Girders (Span)",,"Point Asset","Line","Tay, Bryan","581",,"54","13/05/2025 5:16 PM","20/05/2026 5:35 PM","Gunagi, Pooja"
"Steel Sheet Piles","No","N/A",,"N/A","No","N/A","MS","142","EF_25_10","Walls","Ss_20_60_30_85","Steel sheet pile retaining wall systems","Pr_20_85_62_16","Composite steel sheet piles","EF_25_10Ss_20_60_30_85Pr_20_85_62_16","2; 2CA; 3","N/A","N/A",,,,"Bird, Cheyne",,,"3206","9/10/2025 2:48 PM","20/05/2026 3:53 PM","Muhammad Abid-T2D"
"Stop Valve","Yes","SVL","SVL","Yes","No","Model","HY",,"EF_55_70","Water supply","Ss_55_70","Water distribution and supply systems","Pr_65_54_94_84","Steel gate valves","EF_55_70Ss_55_70Pr_65_54_94_84",,"01.05 M&E","01.05.04.05.01 Valves & Actuators",,"Point Asset","Point","James McKinlay-T2D",,,"2895","25/07/2025 3:16 PM","20/05/2026 5:58 PM","Gunagi, Pooja"
"Storage Area Network","Yes","SAN","SAN","Yes","No","Unsure","CP",,"EF_75_30_35","Road signals and controls","Ss_75_30_35","Road signal and control systems","Pr_70_75_52","Computer network products","EF_75_30_35Ss_75_30_35Pr_70_75_52",,"01.05 M&E","N/A",,"Point Asset","Point","Mazarei, Ashkan (DIT)",,,"3291","19/12/2025 8:46 AM","21/05/2026 5:01 PM","James McKinlay-T2D"
"Stormwater detention tank","Yes","SDT","SDT","Yes","No","Model","HY",,"EF_50_70","Drainage treatment and disposal","Ss_50_30_02","Rainwater drainage systems","Pr_60_50_96","Water storage products","EF_50_70Ss_50_30_02Pr_60_50_96",,"01.05 M&E","01.05.04.01.01 Stormwater detention tank",,"Point Asset","Point","James McKinlay-T2D",,,"2888","25/07/2025 3:16 PM","21/05/2026 4:22 PM","Muhammad Abid-T2D"
"Stormwater Drainage Pumps","Yes","PU","PU","Yes","No","Model","HY",,"EF_50_70","Drainage treatment and disposal","Ss_50_30_02","Rainwater drainage systems","Pr_65_53_24","Drainage pumps","EF_50_70Ss_50_30_02Pr_65_53_24",,"01.05 M&E","01.05.04.08.01 Stormwater Drainage Pumps",,"Point Asset","Point","James McKinlay-T2D",,,"2892","25/07/2025 3:16 PM","20/05/2026 5:52 PM","Gunagi, Pooja"
"Stormwater pipe","Yes","SWP","SWP","Yes","No","Model","HY",,"EF_50_30","Above-ground drainage collection","Ss_50_30_02","Rainwater drainage systems","Pr_65_52_63_89","Unplasticized polyvinyl chloride (PVC-U) pipes","EF_50_30Ss_50_30_02Pr_65_52_63_89",,"01.05 M&E","01.05.04.01.02 Stormwater pipe",,"Point Asset","Line","James McKinlay-T2D",,,"2896","25/07/2025 3:16 PM","20/05/2026 5:58 PM","Gunagi, Pooja"
"Stormwater pit","Yes","SPT","SPT","Yes","No","Model","HY",,"EF_50_70","Drainage treatment and disposal","Ss_50_30_02","Rainwater drainage systems","Pr_65_52_25_15","Concrete catch pits","EF_50_70Ss_50_30_02Pr_65_52_25_15",,"01.05 M&E","01.05.04.01.03 Stormwater pit",,"Point Asset","Point","James McKinlay-T2D",,,"2891","25/07/2025 3:16 PM","20/05/2026 5:52 PM","Gunagi, Pooja"
"Stormwater Storage Tank","Yes","SWD","SWD","Yes","No","Model","MS","145","EF_50_35","Below-ground drainage collection","Ss_50_70_05_85","Below-ground drainage surface water storage tank systems","Pr_60_50_96_15","Concrete tanks","EF_50_35Ss_50_70_05_85Pr_60_50_96_15","2; 3SP","01.05 M&E","01.05.04.01.01 Stormwater detention tank",,"Point Asset","Point","Tay, Bryan","630",,"103","13/05/2025 5:18 PM","20/05/2026 5:57 PM","Gunagi, Pooja"
"Stormwater treatment device","Yes","SWT","SWT","Yes","No","Model","HY",,"EF_50_70","Drainage treatment and disposal","Ss_50_75","Wastewater storage, treatment and disposal systems","Pr_60_55_97","Water treatment products","EF_50_70Ss_50_75Pr_60_55_97",,"01.05 M&E","01.05.04.01.04 Stormwater treatment device",,"Point Asset","Point","James McKinlay-T2D",,,"2897","25/07/2025 3:16 PM","20/05/2026 5:58 PM","Gunagi, Pooja"
"Streams Field Processors","Yes","PFS","PFS","Yes","No","Unsure","MC",,"EF_75_30_35","Road signals and controls","Ss_75_30_35","Road signal and control systems","Pr_75_50_20_12","Central processor units","EF_75_30_35Ss_75_30_35Pr_75_50_20_12",,"01.05 M&E","01.05.05.02.02 PMCS Hardware",,"Point Asset","Point","James McKinlay-T2D",,,"3156","16/09/2025 9:57 AM","20/05/2026 5:11 PM","Gunagi, Pooja"
"Strip Footings","No","N/A",,"N/A","No","N/A","BS","321","EF_20_05","Substructure","Ss_20_05_15","Concrete foundation systems","Pr_20_85_13_35","Concrete ground beams","EF_20_05Ss_20_05_15Pr_20_85_13_35","3FC","N/A","N/A",,,,"Tay, Bryan","599",,"72","13/05/2025 5:16 PM","20/05/2026 2:34 PM","Bird, Cheyne"
"Structural Column","No","N/A",,"N/A","No","N/A","MS","143","EF_20_05_30","Foundations","Ss_20_50_20_70","Reinforced concrete bridge pier systems","Pr_20_85_16_15","Concrete columns","EF_20_05_30Ss_20_50_20_70Pr_20_85_16_15","2; 3","N/A","N/A",,,,"Tay, Bryan","626",,"99","13/05/2025 5:18 PM","20/05/2026 2:34 PM","Bird, Cheyne"
"Structural Column (Steel)","No","N/A",,"N/A","No","N/A","MS","145","EF_20_10_30","Framed structures","Ss_20_30_75_35","Heavy steel column systems","Pr_20_85_16_84","Stainless steel structural columns","EF_20_10_30Ss_20_30_75_35Pr_20_85_16_84","2; 3SP","N/A","N/A",,,,"Bird, Cheyne",,,"3205","8/10/2025 4:55 PM","20/05/2026 3:53 PM","Muhammad Abid-T2D"
"Structural Framing","No","N/A",,"N/A","No","N/A","MS","143","EF_20_50_82","Spans","Ss_20_10_75","Structural framing systems","Pr_20_85_08","Beams and joists","EF_20_50_82Ss_20_10_75Pr_20_85_08","1; 2; 2B; 3; 3SP","N/A","N/A",,,,"Tay, Bryan","625",,"98","13/05/2025 5:18 PM","30/06/2026 3:19 PM","Bird, Cheyne"
"Structural Framing (RS)","No","N/A",,"No","No","N/A","RS","141","EF_20_50_82","Spans","Ss_20_10_75","Structural framing systems","Pr_20_85_08_11","Carbon steel beams","EF_20_50_82Ss_20_10_75Pr_20_85_08_11",,"N/A","N/A",,,,"Dela Cruz, Cyrel",,,"3330","29/01/2026 2:44 PM","20/05/2026 3:53 PM","Muhammad Abid-T2D"
"Structural Mounted Luminaire BR","Yes","LLD","LLD","Yes","No","Model","BR","121","EF_70_80","Lighting","Ss_70_80_25_70","Roadway lighting systems","Pr_70_70_48_73","Road and amenity lighting luminaires","EF_70_80Ss_70_80_25_70Pr_70_70_48_73","3BAP; 3BDE; 3BAB; 3BSP; 3BPI","01.05 M&E","01.05.06.01.08 Linear LED Luminaire",,"Point Asset","Point","Dela Cruz, Cyrel",,,"3245","19/11/2025 2:29 PM","20/05/2026 5:45 PM","Gunagi, Pooja"
"Structural Mounted Luminaire RS","Yes","LLD","LLD","Yes","Yes","Model","RS","141","EF_70_80","Lighting","Ss_70_80_25_70","Roadway lighting systems","Pr_70_70_48_73","Road and amenity lighting luminaires","EF_70_80Ss_70_80_25_70Pr_70_70_48_73",,"01.05 M&E","01.05.06.01.08 Linear LED Luminaire",,"Point Asset","Point","Dela Cruz, Cyrel",,,"3724","23/06/2026 11:30 AM","29/06/2026 4:52 PM","Bird, Cheyne"
"Structural Soil","No","N/A",,"N/A","No","N/A","LA","217","EF_15_10","Groundworks and earthworks","Ss_15_10_30_27","Earthworks filling systems","Pr_15_31_26","Excavated earth and fill materials","EF_15_10Ss_15_10_30_27Pr_15_31_26",,"N/A","N/A",,,,"Bird, Cheyne",,,"3344","4/02/2026 3:41 PM","20/05/2026 3:53 PM","Muhammad Abid-T2D"
"Structurally Designed Stairs","No","N/A",,"N/A","No","N/A","BS","322","EF_35_10","Stairs","Ss_35_10_85","Structural stair and ramp systems","Pr_25_30_85","Stair and ladder units","EF_35_10Ss_35_10_85Pr_25_30_85","3FC","N/A","N/A",,,,"Tay, Bryan","604",,"77","13/05/2025 5:16 PM","20/05/2026 2:34 PM","Bird, Cheyne"
"Sub Fire Indication Panel","Yes","SFIP","SFIP","Yes","No","Model","FD",,"EF_75_50_28","Fire and smoke detection and alarms","Ss_75_50_28_29","Fire detection and alarm systems","Pr_75_50_18_31","Fire-suppression system indicator panels","EF_75_50_28Ss_75_50_28_29Pr_75_50_18_31",,"01.05 M&E","01.05.02.01.12 Fire Panel",,"Point Asset","Point","James McKinlay-T2D",,,"2720","25/07/2025 3:13 PM","20/05/2026 5:52 PM","Gunagi, Pooja"
"SUB MANAGER","Yes","SMG","SMG","Yes","No","Unsure","WF",,"EF_75_10_21","Data distribution and telecommunications","Ss_75_10_21_21","Data distribution systems","Pr_70_75_20","Data communication products","EF_75_10_21Ss_75_10_21_21Pr_70_75_20",,"01.05 M&E","01.05.05.02.01 Data communications Network",,"Point Asset",,"Mazarei, Ashkan (DIT)",,,"3514","13/04/2026 11:23 AM","20/05/2026 5:22 PM","Gunagi, Pooja"
"Subbase","Yes","FPV","FPV","No","No","Model","PV","222","EF_30_60_95","Vehicular pavements","Ss_30_14_65_82","Sub-base layer systems","Pr_35_31_05_03","Asphalt concrete (AC) base courses","EF_30_60_95Ss_30_14_65_82Pr_35_31_05_03","1","01.01 Roads","01.01.01.01.01 Asphalt Sealed Pavements (Flexible sub-base)",,"Linear Feature","Polygon","Tay, Bryan","672",,"145","13/05/2025 5:18 PM","20/05/2026 5:35 PM","Gunagi, Pooja"
"Subgrade","Yes","FPV","FPV","No","No","Model","PV","222","EF_30_60_95","Vehicular pavements","Ss_30_14_65_82","Sub-base layer systems","Pr_15_31_26_33","Graded granular fill materials","EF_30_60_95Ss_30_14_65_82Pr_15_31_26_33","1","01.01 Roads","01.01.01.01.01 Asphalt Sealed Pavements (Flexible sub-base)",,"Linear Feature","Polygon","Tay, Bryan","671",,"144","13/05/2025 5:18 PM","20/05/2026 5:35 PM","Gunagi, Pooja"
"Subsoil Drain","Yes","SSD","SSD","No","No","Model","PV","225","EF_30_60_95","Vehicular pavements","Ss_50_70_45_85","Subsoil drainage pipe drain systems","Pr_65_52_07_27","Filtration drainage pipes and fittings","EF_30_60_95Ss_50_70_45_85Pr_65_52_07_27","2; 3","01.02 Drainage","01.02.04.01.01 Drainage Trench",,"Point Asset","Line","Tay, Bryan","677",,"150","13/05/2025 5:18 PM","20/05/2026 5:57 PM","Gunagi, Pooja"
"Substation Earth Bar","No","SEB","SEB","No","No","Unsure","EB",,"EF_70_30_45","Low-voltage electricity distribution","Ss_70_30_25_25","Earthing and bonding systems","Pr_65_70_46_24","Earth bars","EF_70_30_45Ss_70_30_25_25Pr_65_70_46_24",,"01.05 M&E","01.05.01.01.15 Earth Marshalling Bar",,"Point Asset","Point","James McKinlay-T2D",,,"2657","25/07/2025 3:13 PM","20/05/2026 5:21 PM","Gunagi, Pooja"
"Substation Neutral Bar","No","SNB","SNB","No","No","Unsure","EB",,"EF_70_30_45","Low-voltage electricity distribution","Ss_70_30_25_25","Earthing and bonding systems","Pr_65_70_46","Lightning protection and earthing components","EF_70_30_45Ss_70_30_25_25Pr_65_70_46",,"01.04 Structures","01.04.03.02.03 Substation and Equipment Rooms",,"Point Asset","Point","James McKinlay-T2D",,,"2658","25/07/2025 3:13 PM","20/05/2026 5:21 PM","Gunagi, Pooja"
"SUBWAVE INTEGRITY SENSOR","Yes","SIS","SIS","Yes","No","Unsure","WF",,"EF_75_10_21","Data distribution and telecommunications","Ss_75_10_21_21","Data distribution systems","Pr_70_75_20","Data communication products","EF_75_10_21Ss_75_10_21_21Pr_70_75_20",,"01.05 M&E","01.05.05.02.01 Data communications Network",,"Point Asset",,"Mazarei, Ashkan (DIT)",,,"3519","13/04/2026 11:23 AM","20/05/2026 5:22 PM","Gunagi, Pooja"
"Sump Structure","No","N/A",,"N/A","No","N/A","CC","102","EF_50_35","Below-ground drainage collection","Ss_37_16_10_92","Tunnel drainage sump systems","Pr_20_31_16_37","High strength concrete","EF_50_35Ss_37_16_10_92Pr_20_31_16_37","2P","N/A","N/A",,,,"Tay, Bryan","559",,"31","13/05/2025 5:15 PM","20/05/2026 2:34 PM","Bird, Cheyne"
"Sump structure HY","No","SUM","SUM","No","No","Model","HY",,"EF_50_35","Below-ground drainage collection","Ss_37_16_10_92","Tunnel drainage sump systems","Pr_65_52_25","Drainage traps, separators and accessories","EF_50_35Ss_37_16_10_92Pr_65_52_25",,"01.05 M&E","01.05.04.09.01 Sump structure",,"Point Asset","Point","James McKinlay-T2D",,,"2894","25/07/2025 3:16 PM","20/05/2026 5:58 PM","Gunagi, Pooja"
"Sump Ventilation Fan","Yes","SVF","SVF","Yes","No","Unsure","TV",,"EF_65_40_94","Vehicular space ventilation","Ss_65_40_94","Vehicular space ventilation systems","Pr_65_67_29","Fans","EF_65_40_94Ss_65_40_94Pr_65_67_29",,"01.05 M&E","01.05.03.01.03 Fan other (building ventilation)",,"Point Asset","Point","James McKinlay-T2D",,,"2862","25/07/2025 3:15 PM","20/05/2026 5:22 PM","Gunagi, Pooja"
"Supply Air Duct","No","DSA","DSA","No","No","Model","VA",,"EF_65_80","Air conditioning","Ss_65_80","Air conditioning systems","Pr_65_65_25","Ductwork and fittings","EF_65_80Ss_65_80Pr_65_65_25",,"01.04 Structures","01.04.03.03.01 Longitudinal Ducting",,"Point Asset","Line","James McKinlay-T2D",,,"2863","25/07/2025 3:15 PM","21/05/2026 3:42 PM","Muhammad Abid-T2D"
"Supply Air Fan","Yes","SAF","SAF","Yes","No","Unsure","FS",,"EF_65_80","Air conditioning","Ss_65_80","Air conditioning systems","Pr_65_67_29","Fans","EF_65_80Ss_65_80Pr_65_67_29",,"01.05 M&E","01.05.03.01.01 Jet Fans (JTF)",,"Point Asset","Point","James McKinlay-T2D",,,"2864","25/07/2025 3:15 PM","20/05/2026 5:22 PM","Gunagi, Pooja"
"Supply Air Grille","No","SAG","SAG","No","No","Model","VA",,"EF_65_80","Air conditioning","Ss_65_80","Air conditioning systems","Pr_70_65_04_03","Air grilles","EF_65_80Ss_65_80Pr_70_65_04_03",,"01.05 M&E","01.05.03.06.01 Ventilation Louvers",,"Point Asset","Point","James McKinlay-T2D",,,"2865","25/07/2025 3:15 PM","21/05/2026 4:22 PM","Muhammad Abid-T2D"
"Suppressant Foam Release Solenoid Valve","Yes","FSO","FSO","Yes","No","Unsure","FS",,"EF_55_30_30","Foam fire-extinguishing supply","Ss_55_30_30_31","Foam fire-extinguishing systems","Pr_65_54_30_96","Fire suppression control valve sets","EF_55_30_30Ss_55_30_30_31Pr_65_54_30_96",,"01.05 M&E","01.05.02.07.03 Suppressant gas release solenoid valve",,"Point Asset","Point","James McKinlay-T2D",,,"2801","25/07/2025 3:14 PM","20/05/2026 5:04 PM","Gunagi, Pooja"
"Suppressant gas release controller","N/A","GRC","GRC","No","No","Model","FS",,"EF_55_30_35","Gaseous fire-extinguishing supply","Ss_55_30_35","Gaseous fire-extinguishing systems","Pr_75_50_33","Gas fire-extinguishing controls","EF_55_30_35Ss_55_30_35Pr_75_50_33",,"01.05 M&E","01.05.02.07.01 Suppressant gas release controller",,"Point Asset","Point","James McKinlay-T2D",,,"2698","25/07/2025 3:13 PM","20/05/2026 5:45 PM","Gunagi, Pooja"
"Suppressant gas release solenoid valve","N/A","GSV","GSV","No","No","Model","FS",,"EF_55_30_35","Gaseous fire-extinguishing supply","Ss_55_30_35","Gaseous fire-extinguishing systems","Pr_65_54_33_38","Gas solenoid valves","EF_55_30_35Ss_55_30_35Pr_65_54_33_38",,"01.05 M&E","01.05.02.07.03 Suppressant gas release solenoid valve ",,"Point Asset","Point","James McKinlay-T2D",,,"2702","25/07/2025 3:13 PM","20/05/2026 5:45 PM","Gunagi, Pooja"
"Suppressant gas release warning sign","Yes","GRW","GRW","Yes","No","Model","FS",,"EF_40_10","Signage","Ss_40_10_30_25","Evacuation and safe condition signage systems","Pr_40_10_77_97","Warning signs","EF_40_10Ss_40_10_30_25Pr_40_10_77_97",,"01.05 M&E","01.05.02.07.02 Suppressant gas release warning sign",,"Point Asset","Point","James McKinlay-T2D",,,"2699","25/07/2025 3:13 PM","20/05/2026 5:45 PM","Gunagi, Pooja"
"Suppressant gas system - gas storage bottle","N/A","GSB","GSB","No","No","Model","FS",,"EF_55_30_35","Gaseous fire-extinguishing supply","Ss_55_30_35","Gaseous fire-extinguishing systems","Pr_60_50_33_48","Low-pressure fire-extinguishing gas storage cylinders","EF_55_30_35Ss_55_30_35Pr_60_50_33_48",,"01.05 M&E","01.05.02.07.05 Suppressant gas system - gas storage bottle",,"Point Asset","Point","James McKinlay-T2D",,,"2700","25/07/2025 3:13 PM","20/05/2026 5:45 PM","Gunagi, Pooja"
"Suppressant gas system manifold","N/A","GSM","GSM","No","No","Model","FS",,"EF_55_30_35","Gaseous fire-extinguishing supply","Ss_55_30_35","Gaseous fire-extinguishing systems","Pr_65_54_30_34","Gas fire suppression manifolds","EF_55_30_35Ss_55_30_35Pr_65_54_30_34",,"01.05 M&E","01.05.02.07.04 Suppressant gas system manifold",,"Point Asset","Point","James McKinlay-T2D",,,"2701","25/07/2025 3:13 PM","20/05/2026 5:45 PM","Gunagi, Pooja"
"Surface Drainage Pipes","Yes","SRP","SRP","No","No","Model","SD","262","EF_50_35","Below-ground drainage collection","Ss_50_35_08","Below-ground gravity drainage systems","Pr_65_52_07_16","Concrete plain wall below-ground drainage pipes and fittings","EF_50_35Ss_50_35_08Pr_65_52_07_16","2; 2B; 3","01.05 M&E","01.05.04.03.01 Surface Road Drainage pipe",,"Point Asset","Line","Tay, Bryan","783",,"257","13/05/2025 5:19 PM","19/06/2026 1:04 PM","Taylor, Daniel"
"Surface Drainage Pits","Yes","SPT","SPT","Yes","No","Model","SD","261","EF_50_35","Below-ground drainage collection","Ss_50_35_08","Below-ground gravity drainage systems","Pr_65_52_25_15","Concrete catch pits","EF_50_35Ss_50_35_08Pr_65_52_25_15","2; 3","01.05 M&E","01.05.04.01.03 Stormwater pit",,"Point Asset","Point","Tay, Bryan","778",,"252","13/05/2025 5:19 PM","20/05/2026 5:51 PM","Gunagi, Pooja"
"Surface Drainage Stormwater pipe","Conditional","SWP","SWP","No","No","Model","SD",,"EF_50_70","Drainage treatment and disposal","Ss_50_30_02","Rainwater drainage systems","Pr_65_52_63","Pipes and fittings","EF_50_70Ss_50_30_02Pr_65_52_63",,"01.05 M&E","01.05.04.01.02 Stormwater pipe",,"Point Asset","Line","Cini, Craig",,,"3459","24/03/2026 2:15 PM","20/05/2026 5:58 PM","Gunagi, Pooja"
"Surface Road Drainage pipe","No","SRP","SRP","No","No","Model","HY",,"EF_50_35","Below-ground drainage collection","Ss_50_35_08","Below-ground gravity drainage systems","Pr_65_52_07_16","Concrete plain wall below-ground drainage pipes and fittings","EF_50_35Ss_50_35_08Pr_65_52_07_16",,"01.05 M&E","01.05.04.03.01 Surface Road Drainage pipe",,"Point Asset","Line","James McKinlay-T2D",,,"2893","25/07/2025 3:16 PM","20/05/2026 5:52 PM","Gunagi, Pooja"
"Surge Protection Device","No","SPD","SPD","No","No","Model","LV",,"EF_70_30","Electricity distribution","Ss_70_30_25","Electrical protection systems","Pr_65_72_27","Electrical protective devices","EF_70_30Ss_70_30_25Pr_65_72_27",,"01.05 M&E","01.05.01.03.19 Protection Relay (LV)
",,"Point Asset","Line","James McKinlay-T2D",,,"2659","25/07/2025 3:13 PM","20/05/2026 5:52 PM","Gunagi, Pooja"
"Surge Reduction Filter","No","SRF","SRF","No","No","Unsure","LV",,"EF_70_30","Electricity distribution","Ss_70_30_25","Electrical protection systems","Pr_65_72_27","Electrical protective devices","EF_70_30Ss_70_30_25Pr_65_72_27",,"01.05 M&E","01.05.01.03.17 Harmonic Filters",,"Point Asset","Point","James McKinlay-T2D",,,"2660","25/07/2025 3:13 PM","20/05/2026 5:21 PM","Gunagi, Pooja"
"Suspended Slab","No","N/A",,"N/A","No","N/A","BS","322","EF_30_20_93","Upper floors","Ss_30_12","Floor and deck structure systems","Pr_20_85_14_16","Concrete solid slabs","EF_30_20_93Ss_30_12Pr_20_85_14_16","3FC","N/A","N/A",,,,"Tay, Bryan","605",,"78","13/05/2025 5:16 PM","20/05/2026 2:34 PM","Bird, Cheyne"
"Switchboard and Cubicles (HV)","Yes","HVS","HVS","Yes","No","Model","HV",,"EF_70_30_35","High-voltage electricity distribution","Ss_70_30_35_35","High-voltage distribution systems","Pr_60_70_22_19","Cubicle switchboards","EF_70_30_35Ss_70_30_35_35Pr_60_70_22_19",,"01.05 M&E","01.05.01.01.08 Switchboard and Cubicles (HV)",,"Point Asset","Point","James McKinlay-T2D",,,"2603","25/07/2025 3:11 PM","20/05/2026 5:45 PM","Gunagi, Pooja"
"Switching Battery and Charger","Yes","CHR","CHR","Yes","No","Model","HV",,"EF_70_30_35","High-voltage electricity distribution","Ss_70_30_35_35","High-voltage distribution systems","Pr_60_70_06","Batteries and chargers","EF_70_30_35Ss_70_30_35_35Pr_60_70_06",,"01.05 M&E","01.05.01.01.09 Switching Battery and Charger",,"Point Asset","Point","James McKinlay-T2D",,,"2583","25/07/2025 3:11 PM","20/05/2026 5:35 PM","Gunagi, Pooja"
"Symbols","Yes","PSY","PSY","No","No","Model","GD","247","EF_40_10","Signage","Ss_40_10_90","Traffic signage and marking systems","Pr_35_31_85_90","Thermoplastic road markings","EF_40_10Ss_40_10_90Pr_35_31_85_90","1","01.01 Roads","01.01.03.02.01 Pavement Symbols",,"Linear Feature","Polygon","Tay, Bryan","725",,"198","13/05/2025 5:19 PM","20/05/2026 5:51 PM","Gunagi, Pooja"
"System User Interface","Yes","SUI","SUI","Yes","No","Unsure","MP",,"EF_75_10_21","Data distribution and telecommunications","Ss_75_10_21_52","Mobile telecommunications systems","Pr_70_75_88","Telecoms equipment","EF_75_10_21Ss_75_10_21_52Pr_70_75_88",,"01.05 M&E","01.05.05.02.01 Data communications Network",,"Point Asset",,"Mazarei, Ashkan (DIT)",,,"3580","21/04/2026 10:30 AM","20/05/2026 5:22 PM","Gunagi, Pooja"
"Tachometer","Yes","TAC","TAC","Yes","No","Unsure","TV",,"EF_65","Ventilation and air conditioning functions","Ss_65","Ventilation and air conditioning systems","Pr_75_50_50","Measuring and monitoring products","EF_65Ss_65Pr_75_50_50",,"01.05 M&E","N/A",,"Point Asset",,"Mazarei, Ashkan (DIT)",,,"3466","31/03/2026 8:55 AM","21/05/2026 5:01 PM","James McKinlay-T2D"
"Tactile Indicators","No","N/A",,"N/A","No","N/A","AR","336","EF_30_20","Floors","Ss_30_42_32_30","External floor tiling systems","Pr_35_90_60_87","Tactile paving studs","EF_30_20Ss_30_42_32_30Pr_35_90_60_87",,"N/A","N/A",,,,"Bird, Cheyne",,,"3067","8/08/2025 1:02 PM","20/05/2026 3:52 PM","Muhammad Abid-T2D"
"Tactile Indicators DU","No","N/A",,"N/A","No","N/A","DU","387","EF_30_20","Floors","Ss_30_42_32_30","External floor tiling systems","Pr_35_90_60_87","Tactile paving studs","EF_30_20Ss_30_42_32_30Pr_35_90_60_87",,"N/A","N/A",,,,"Tay, Bryan","969",,"450","14/05/2025 6:22 PM","20/05/2026 3:52 PM","Muhammad Abid-T2D"
"Tanks (WTP)","No","WTK","WTK","No","No","Unsure","HY",,"EF_55_15","Water extraction and treatment","Ss_55_15","Water extraction, treatment and storage systems","Pr_60_50_96","Water storage products","EF_55_15Ss_55_15Pr_60_50_96",,"01.05 M&E","01.05.02.12.01 Fire Water Tank",,"Point Asset","Point","James McKinlay-T2D",,,"2924","25/07/2025 3:16 PM","20/05/2026 5:22 PM","Gunagi, Pooja"
"TBM Base Slab","No","N/A",,"N/A","No","N/A","CC","101","EF_37_50_20","Cut-and-cover tunnels","Ss_20_05_15","Concrete foundation systems","Pr_20_85_14_16","Concrete solid slabs","EF_37_50_20Ss_20_05_15Pr_20_85_14_16","2P","N/A","N/A",,,,"Tay, Bryan","544",,"16","13/05/2025 5:15 PM","20/05/2026 2:32 PM","Bird, Cheyne"
"TBM Envelope","N/A","N/A",,"N/A","No","N/A","CC","103","N/A","N/A","N/A","N/A","N/A","N/A","N/AN/AN/A","N/A","N/A","N/A",,,,"Tay, Bryan","562",,"34","13/05/2025 5:15 PM","20/05/2026 2:34 PM","Bird, Cheyne"
"Temperature and Humidity Sensor","Yes","HMT","HMT","Yes","No","Model","TV",,"EF_65_40_94","Vehicular space ventilation","Ss_65_40_94","Vehicular space ventilation systems","Pr_75_50_52_39","Humidity and temperature probes","EF_65_40_94Ss_65_40_94Pr_75_50_52_39",,"01.05 M&E","01.05.03.04.02 Room Temperature Sensors",,"Point Asset","Point","James McKinlay-T2D",,,"2866","25/07/2025 3:15 PM","1/06/2026 10:44 AM","Mazarei, Ashkan (DIT)"
"Temperature Sensor","Yes","TMP","TMP","Yes","No","Unsure","VA",,"EF_65_80","Air conditioning","Ss_65_80","Air conditioning systems","Pr_75_50_76_03","Air temperature sensors","EF_65_80Ss_65_80Pr_75_50_76_03",,"01.05 M&E","01.05.03.04.02 Room Temperature Sensors",,"Point Asset","Point","James McKinlay-T2D",,,"2867","25/07/2025 3:15 PM","20/05/2026 5:22 PM","Gunagi, Pooja"
"Thermal Duct Detector","N/A","THD","THD","No","No","Unsure","FD",,"EF_75_50_28","Fire and smoke detection and alarms","Ss_75_50_28_29","Fire detection and alarm systems","Pr_75_80_30_64","Point heat detectors","EF_75_50_28Ss_75_50_28_29Pr_75_80_30_64",,"01.05 M&E","01.05.02.01.06 In-Tunnel Smoke Detector",,"Point Asset","Point","James McKinlay-T2D",,,"2802","25/07/2025 3:14 PM","20/05/2026 5:21 PM","Gunagi, Pooja"
"Thermal Incident Detection","Yes","TID","TID","Yes","No","Model","TT",,"EF_75_70_54","Metering, monitoring and management","Ss_75_30_35","Road signal and control systems","Pr_75_50_20_12","Central processor units","EF_75_70_54Ss_75_30_35Pr_75_50_20_12",,"01.05 M&E","01.05.05.05.20 Vehicle Detection System",,"Point Asset","Point","James McKinlay-T2D",,,"2991","25/07/2025 3:18 PM","20/05/2026 5:58 PM","Gunagi, Pooja"
"Thermal Overload Relay","No","TOL","TOL","No","No","Unsure","LV",,"EF_70_30","Electricity distribution","Ss_70_30_25","Electrical protection systems","Pr_60_70_15_59","Over-temperature relays","EF_70_30Ss_70_30_25Pr_60_70_15_59",,"01.05 M&E","01.05.01.07.01 Motor Protection Relay",,"Point Asset","Point","James McKinlay-T2D",,,"2661","25/07/2025 3:13 PM","20/05/2026 5:21 PM","Gunagi, Pooja"
"Thermistor","No","THM","THM","No","No","Model","TT",,"EF_75_70_54","Metering, monitoring and management","Ss_75_30_35","Road signal and control systems","Pr_75_50_20_12","Central processor units","EF_75_70_54Ss_75_30_35Pr_75_50_20_12",,"01.05 M&E","01.05.05.02.10 Thermistor",,"Point Asset","Point","James McKinlay-T2D",,,"2990","25/07/2025 3:18 PM","20/05/2026 5:58 PM","Gunagi, Pooja"
"Three Aspect Lantern","Yes","TSL","TSL","Yes","No","Model","TF","245","EF_75_30_35","Road signals and controls","Ss_75_30_35_88","Traffic signal systems","Pr_70_75_72_96","Vehicular traffic signals","EF_75_30_35Ss_75_30_35_88Pr_70_75_72_96","2; 3","01.05 M&E","01.05.05.05.21 Fixed and Regulatory Signs",,"Point Asset","Point","Tay, Bryan","714",,"187","13/05/2025 5:19 PM","20/05/2026 5:57 PM","Gunagi, Pooja"
"Throw Screens (Architectural Component)","Yes","RRS","RRS","No","No","Model","DU","383","EF_25_55_30","Fixed barriers","Ss_25_16_73_05","Anti-throw barrier systems","Pr_25_71_50_51","Mesh panels","EF_25_55_30Ss_25_16_73_05Pr_25_71_50_51","3FC; 2P; 2B; 2","01.04 Structures","01.04.01.01.09 Rails and Screens",,"Point Asset","Line","Tay, Bryan","967",,"448","14/05/2025 6:22 PM","8/07/2026 12:31 PM","Carson, Morgan"
"TIRTL Detectors","Yes","TLD","TLD","Yes","No","Model","TT",,"EF_75_70_54","Metering, monitoring and management","Ss_25_16_94_95","Vehicle safety control systems","Pr_75_75_90_41","Infrared receivers","EF_75_70_54Ss_25_16_94_95Pr_75_75_90_41",,"01.05 M&E","01.05.05.05.20 Vehicle Detection System",,"Point Asset","Point","James McKinlay-T2D",,,"2996","25/07/2025 3:18 PM","20/05/2026 5:58 PM","Gunagi, Pooja"
"Traffic Railings","Yes","GRA","GRA","No","No","Model","RS","141","EF_25_55_28","Fences","Ss_25_16_94_65","Protective rail systems","Pr_20_85_07_12","Carbon steel fencing and barrier top rails","EF_25_55_28Ss_25_16_94_65Pr_20_85_07_12","2; 3","01.03 Roadside","01.03.03.01.05 Guard Rail ",,"Point Asset","Line","Tay, Bryan","814",,"289","13/05/2025 5:19 PM","20/05/2026 5:45 PM","Gunagi, Pooja"
"Traffic Signal Conduit","No","N/A",,"N/A","No","N/A","TF","245","EF_75_30","Signalling","Ss_75_30_35_88","Traffic signal systems","Pr_65_70_11_71","Rigid conduit","EF_75_30Ss_75_30_35_88Pr_65_70_11_71","2; 3","N/A","N/A",,,,"Tay, Bryan","713",,"186","13/05/2025 5:19 PM","20/05/2026 2:35 PM","Bird, Cheyne"
"Traffic Signal Controller","Yes","TSC","TSC","Yes","No","Register","TT",,"EF_75_30_35","Road signals and controls","Ss_75_30_35_88","Traffic signal systems","Pr_70_75_72_87","Traffic signal controller units","EF_75_30_35Ss_75_30_35_88Pr_70_75_72_87",,"01.05 M&E","01.05.05.05.21 Fixed and Regulatory Signs",,"Point Asset","Point","James McKinlay-T2D",,,"2998","25/07/2025 3:18 PM","20/05/2026 4:10 PM","Gunagi, Pooja"
"Traffic Signal Controller (Cabinet)","Yes","TSC","TSC","Yes","No","Register","TF","245","EF_75_30","Signalling","Ss_75_30_35_88","Traffic signal systems","Pr_70_75_72_87","Traffic signal controller units","EF_75_30Ss_75_30_35_88Pr_70_75_72_87","2; 3","01.05 M&E","01.05.05.05.21 Fixed and Regulatory Signs",,"Point Asset","Point","Tay, Bryan","712",,"185","13/05/2025 5:19 PM","20/05/2026 4:09 PM","Gunagi, Pooja"
"Traffic Signal Lantern","Yes","TSL","TSL","Yes","No","Model","TF","245","EF_75_30_35","Road signals and controls","Ss_75_30_35_88","Traffic signal systems","Pr_70_75_72_96","Vehicular traffic signals","EF_75_30_35Ss_75_30_35_88Pr_70_75_72_96","1; 2; 3","01.05 M&E","01.05.05.05.21 Fixed and Regulatory Signs",,"Point Asset","Point","Tay, Bryan","711",,"184","13/05/2025 5:19 PM","28/05/2026 3:28 PM","Long, Mike"
"Traffic Signal Lantern TT","No","TSL","TSL","No","No","Model","TT",,"EF_75_30_35","Road signals and controls","Ss_75_30_35_88","Traffic signal systems","Pr_70_75_72_96","Vehicular traffic signals","EF_75_30_35Ss_75_30_35_88Pr_70_75_72_96",,"01.05 M&E","01.05.05.05.21 Fixed and Regulatory Signs",,"Point Asset","Point","James McKinlay-T2D",,,"2999","25/07/2025 3:18 PM","20/05/2026 5:58 PM","Gunagi, Pooja"
"Traffic Signal Pit","Yes","TSP","TSP","Yes","No","Model","TF","245","EF_75_30","Signalling","Ss_75_30_35_88","Traffic signal systems","Pr_65_52_25_15","Concrete catch pits","EF_75_30Ss_75_30_35_88Pr_65_52_25_15","2; 3","01.05 M&E","01.05.01.03.03 Cable Pits (LV)",,"Point Asset","Point","Tay, Bryan","710",,"183","13/05/2025 5:19 PM","20/05/2026 5:57 PM","Gunagi, Pooja"
"Traffic Signal Pole","Yes","TS","TS","Yes","No","Model","TF","245","EF_75_30","Signalling","Ss_37_17_50","Mast and pole systems","Pr_20_85_50_90","Traffic signal poles","EF_75_30Ss_37_17_50Pr_20_85_50_90","2; 3","01.05 M&E","01.05.05.05.21.01 Traffic Signal Lantern",,"Point Asset","Point","Tay, Bryan","709",,"182","13/05/2025 5:19 PM","20/05/2026 5:57 PM","Gunagi, Pooja"
"Traffic Signal Pole (Combo, Signal and Lighting)","Yes","TS","TS","Yes","No","Model","TF","245","EF_75_30","Signalling","Ss_37_17_50","Mast and pole systems","Pr_20_85_50_90","Traffic signal poles","EF_75_30Ss_37_17_50Pr_20_85_50_90","2; 3","01.05 M&E","01.05.05.05.21.01 Traffic Signal Lantern",,"Point Asset","Point","Tay, Bryan","708",,"181","13/05/2025 5:19 PM","20/05/2026 5:57 PM","Gunagi, Pooja"
"Traffic Signal Pole with Mast Arm","Yes","TS","TS","Yes","No","Model","TF","245","EF_75_30","Signalling","Ss_37_17_50","Mast and pole systems","Pr_20_85_50_90","Traffic signal poles","EF_75_30Ss_37_17_50Pr_20_85_50_90","2; 3","01.05 M&E","01.05.05.05.21.01 Traffic Signal Lantern",,"Point Asset","Point","Tay, Bryan","707",,"180","13/05/2025 5:19 PM","20/05/2026 5:57 PM","Gunagi, Pooja"
"Transfer Air Grille","No","TAG","TAG","No","No","Unsure","VA",,"EF_65","Ventilation and air conditioning functions","Ss_65","Ventilation and air conditioning systems","Pr_70_65_04_03","Air grilles","EF_65Ss_65Pr_70_65_04_03",,"01.05 M&E","01.05.03.06.01 Ventilation Louvers",,"Point Asset","Point","James McKinlay-T2D",,,"2868","25/07/2025 3:15 PM","20/05/2026 5:22 PM","Gunagi, Pooja"
"Transmitter","No","TMX","TMX","No","No","Model","TT",,"EF_75_70_54","Metering, monitoring and management","Ss_75_30_35","Road signal and control systems","Pr_75_50_20_12","Central processor units","EF_75_70_54Ss_75_30_35Pr_75_50_20_12",,"01.05 M&E","01.05.05.02.11 Transmitter",,"Point Asset","Point","James McKinlay-T2D",,,"2995","25/07/2025 3:18 PM","20/05/2026 5:58 PM","Gunagi, Pooja"
"Transverse Line Marking","Yes","TLM","TLM","No","No","Model","GD",,"EF_40_10","Signage","Ss_40_10_90","Traffic signage and marking systems","Pr_35_31_85_88","Thermoplastic line markings","EF_40_10Ss_40_10_90Pr_35_31_85_88","1","01.01 Roads","01.01.03.01.02 Transverse (Lateral) Line Marking",,"Linear Feature","Line","Tay, Bryan","948",,"423","13/05/2025 5:21 PM","20/05/2026 5:58 PM","Gunagi, Pooja"
"Travel information sign","No","TIS","TIS","No","No","Unsure","TT",,"EF_40_10","Signage","Ss_40_10_90_72","Road traffic signage systems","Pr_40_10_77_04","Alphanumeric characters","EF_40_10Ss_40_10_90_72Pr_40_10_77_04",,"01.05 M&E","01.05.05.05.09 Variable Message Signs (VMS)",,"Point Asset","Point","James McKinlay-T2D",,,"2992","25/07/2025 3:18 PM","20/05/2026 5:22 PM","Gunagi, Pooja"
"Trees","Yes","VEG","VEG","N/A","No","Model","LA","217","EF_45_90","Tree, shrub and herbaceous plant elements","Ss_45_35_05","Amenity and ornamental planting systems","Pr_45_30_90","Trees","EF_45_90Ss_45_35_05Pr_45_30_90","2CA","01.03 Roadside","01.03.01.01.02 Vegetation and Landscape",,"Point Asset","Point","Bird, Cheyne","974",,"457","20/05/2025 2:10 PM","20/05/2026 5:58 PM","Gunagi, Pooja"
"Trusses","No","N/A",,"N/A","No","N/A","BS","323","EF_20","Structural elements","Ss_20_10_75","Structural framing systems","Pr_20_85_90","Trusses and lattice frames","EF_20Ss_20_10_75Pr_20_85_90","3FC","N/A","N/A",,,,"Tay, Bryan","613",,"86","13/05/2025 5:16 PM","20/05/2026 2:34 PM","Bird, Cheyne"
"Tunnel - Excavation - Check with CNOP","N/A","N/A",,"N/A","No","N/A","TU","306","N/A","N/A","N/A","N/A","N/A","N/A","N/AN/AN/A","N/A","N/A","N/A",,,,"Tay, Bryan","790",,"264","13/05/2025 5:19 PM","20/05/2026 2:35 PM","Bird, Cheyne"
"Tunnel Adapter Device","Yes","TAD","TAD","Yes","No","Unsure","FD",,"EF_75_50_28","Fire and smoke detection and alarms","Ss_75_50_28","Fire and smoke detection and alarm systems","Pr_75_80_30","Fire detection and alarm devices and control equipment","EF_75_50_28Ss_75_50_28Pr_75_80_30",,"01.05 M&E","01.05.05.02.06 Human Machine Interface",,"Point Asset","Point","James McKinlay-T2D",,,"2803","25/07/2025 3:14 PM","20/05/2026 5:21 PM","Gunagi, Pooja"
"Tunnel Carriageway Base Light","Yes","LTB","LTB","Yes","No","Model","LT",,"EF_70_80_25","External lighting","Ss_70_80_25_90","Tunnel lighting systems","Pr_70_70_48_73","Road and amenity lighting luminaires","EF_70_80_25Ss_70_80_25_90Pr_70_70_48_73",,"01.05 M&E","01.05.06.01.02 Tunnel Lighting",,"Point Asset","Point","James McKinlay-T2D",,,"3034","25/07/2025 3:19 PM","21/05/2026 4:18 PM","Muhammad Abid-T2D"
"Tunnel Carriageway Lighting","Yes","LTT","LTT","Yes","No","Model","LT",,"EF_70_80_25","External lighting","Ss_70_80_25_90","Tunnel lighting systems","Pr_70_70_48_73","Road and amenity lighting luminaires","EF_70_80_25Ss_70_80_25_90Pr_70_70_48_73",,"01.05 M&E","01.05.06.01.02 Tunnel Lighting",,"Point Asset","Point","James McKinlay-T2D",,,"3024","25/07/2025 3:19 PM","20/05/2026 5:45 PM","Gunagi, Pooja"
"Tunnel Carriageway Mains Failure Light","Yes","LTM","LTM","Yes","No","Model","LT",,"EF_70_80_25","External lighting","Ss_70_80_25_90","Tunnel lighting systems","Pr_70_70_48_25","Emergency luminaires","EF_70_80_25Ss_70_80_25_90Pr_70_70_48_25",,"01.05 M&E","01.05.06.01.02 Tunnel Lighting",,"Point Asset","Point","James McKinlay-T2D",,,"3035","25/07/2025 3:19 PM","21/05/2026 4:18 PM","Muhammad Abid-T2D"
"Tunnel Carriageway Reinforcement Light","Yes","LTR","LTR","Yes","No","Model","LT",,"EF_70_80_25","External lighting","Ss_70_80_25_90","Tunnel lighting systems","Pr_70_70_48_73","Road and amenity lighting luminaires","EF_70_80_25Ss_70_80_25_90Pr_70_70_48_73",,"01.05 M&E","01.05.06.01.02 Tunnel Lighting",,"Point Asset","Point","James McKinlay-T2D",,,"3036","25/07/2025 3:19 PM","21/05/2026 4:18 PM","Muhammad Abid-T2D"
"Tunnel Closure System Cabinet","Yes","CSC","CSC","Yes","No","Unsure","TT",,"EF_75_30_35","Road signals and controls","Ss_75_30_35","Road signal and control systems","Pr_75_50_18_41","Instrumetation, automation and control panels","EF_75_30_35Ss_75_30_35Pr_75_50_18_41",,"01.05 M&E","01.05.05.05.18 Tunnel closure system (Boom Gate System)",,"Point Asset",,"Mazarei, Ashkan (DIT)",,,"3598","29/04/2026 10:09 AM","20/05/2026 4:54 PM","Gunagi, Pooja"
"Tunnel Drainage Pipes & Fittings","Yes","SRP","SRP","No","No","Model","SD","261","EF_50_35","Below-ground drainage collection","Ss_37_16_10_92","Tunnel drainage sump systems","Pr_65_52_63","Pipes and fittings","EF_50_35Ss_37_16_10_92Pr_65_52_63","3IN; 3CW; 3XP","01.05 M&E","01.05.04.03.01 Surface Road Drainage pipe",,"Point Asset","Line","Tay, Bryan","777",,"251","13/05/2025 5:19 PM","20/05/2026 5:51 PM","Gunagi, Pooja"
"Tunnel Drainage Pits","Yes","SPT","SPT","Yes","No","Model","SD","261","EF_50_35","Below-ground drainage collection","Ss_37_16_10_92","Tunnel drainage sump systems","Pr_65_52_24","Drainage gullies and channels","EF_50_35Ss_37_16_10_92Pr_65_52_24","2; 3; 3CW; 3XP","01.05 M&E","01.05.04.01.03 Stormwater pit",,"Point Asset","Point","Tay, Bryan","779",,"253","13/05/2025 5:19 PM","20/05/2026 5:51 PM","Gunagi, Pooja"
"Tunnel Envelope","N/A","N/A",,"N/A","No","N/A","CC","103","N/A","N/A","N/A","N/A","N/A","N/A","N/AN/AN/A","N/A","N/A","N/A",,,,"Tay, Bryan","561",,"33","13/05/2025 5:15 PM","20/05/2026 2:34 PM","Bird, Cheyne"
"Tunnel Groundwater pipe","No","TWP","TWP","No","No","Model","HY",,"EF_50_35","Below-ground drainage collection","Ss_37_16_10_92","Tunnel drainage sump systems","Pr_65_52_63_82","Steel pipes","EF_50_35Ss_37_16_10_92Pr_65_52_63_82",,"01.05 M&E","01.05.04.02.01 Tunnel Groundwater pipe",,"Point Asset","Line","James McKinlay-T2D",,,"2898","25/07/2025 3:16 PM","20/05/2026 5:58 PM","Gunagi, Pooja"
"Tunnel Groundwater pit","Yes","GWP","GWP","Yes","No","Model","HY",,"EF_50_35","Below-ground drainage collection","Ss_37_16_10_92","Tunnel drainage sump systems","Pr_65_52_25_15","Concrete catch pits","EF_50_35Ss_37_16_10_92Pr_65_52_25_15",,"01.05 M&E","01.05.04.02.02 Tunnel Groundwater pit",,"Point Asset","Point","James McKinlay-T2D",,,"2877","25/07/2025 3:15 PM","20/05/2026 5:45 PM","Gunagi, Pooja"
"Tunnel Horn","Yes","PAH","PAH","Yes","No","Unsure","PA",,"EF_75_10_68","Public communications","Ss_75_10_68_68","Public address systems","Pr_75_75_94_37","Horn voice alarm loudspeakers","EF_75_10_68Ss_75_10_68_68Pr_75_75_94_37",,"01.05 M&E","01.05.05.04.01 Public Address System",,"Point Asset",,"Mazarei, Ashkan (DIT)",,,"3383","17/02/2026 8:48 AM","20/05/2026 5:12 PM","Gunagi, Pooja"
"Tunnel Lining - TBM Ring Lining Composite Steel","No","N/A",,"N/A","No","N/A","TU","307","EF_37_50_07","Bored tunnels","Ss_37_50_92","Tunnel structure systems","Pr_20_93_90","Tunnel-lining products","EF_37_50_07Ss_37_50_92Pr_20_93_90","2T","N/A","N/A",,,,"Tay, Bryan","793",,"267","13/05/2025 5:19 PM","20/05/2026 2:35 PM","Bird, Cheyne"
"Tunnel Lining - TBM Ring Lining Concrete","No","N/A",,"N/A","No","N/A","TU","307","EF_37_50_07","Bored tunnels","Ss_37_50_92","Tunnel structure systems","Pr_20_93_90_15","Concrete tunnel-lining segments","EF_37_50_07Ss_37_50_92Pr_20_93_90_15","2T","N/A","N/A",,,,"Tay, Bryan","792",,"266","13/05/2025 5:19 PM","20/05/2026 2:35 PM","Bird, Cheyne"
"Tunnel Lining Crack Meter","Yes","TCM","TCM","Yes","No","Model","TT",,"EF_75_70_54","Metering, monitoring and management","Ss_75_30_35","Road signal and control systems","Pr_75_50_20_12","Central processor units","EF_75_70_54Ss_75_30_35Pr_75_50_20_12",,"01.05 M&E","01.05.05.02.14 Tunnel Lining Crack Meter",,"Point Asset","Point","James McKinlay-T2D",,,"2988","25/07/2025 3:18 PM","20/05/2026 5:58 PM","Gunagi, Pooja"
"Tunnel Lining Displacement Monitoring","Yes","TDM","TDM","Yes","No","Model","TT",,"EF_75_70_54","Metering, monitoring and management","Ss_75_30_35","Road signal and control systems","Pr_75_50_20_12","Central processor units","EF_75_70_54Ss_75_30_35Pr_75_50_20_12",,"01.05 M&E","01.05.05.02.15 Tunnel Lining Displacement Monitoring",,"Point Asset","Point","James McKinlay-T2D",,,"2989","25/07/2025 3:18 PM","20/05/2026 5:58 PM","Gunagi, Pooja"
"Tunnel Message Signs","Yes","TMS","TMS","Yes","No","Model","TT",,"EF_40_10","Signage","Ss_40_10_90_72","Road traffic signage systems","Pr_40_10_77_72","Road traffic signs","EF_40_10Ss_40_10_90_72Pr_40_10_77_72",,"01.05 M&E","01.05.05.05.12 Tunnel Message Signs",,"Point Asset","Point","James McKinlay-T2D",,,"2994","25/07/2025 3:18 PM","20/05/2026 5:58 PM","Gunagi, Pooja"
"Tunnel Spaceproofing - Civil Guidance & Delineation Envelope","N/A","N/A",,"N/A","No","N/A","TU","303","N/A","N/A","N/A","N/A","N/A","N/A","N/AN/AN/A","N/A","N/A","N/A",,,,"Tay, Bryan","786",,"260","13/05/2025 5:19 PM","20/05/2026 2:35 PM","Bird, Cheyne"
"Tunnel Spaceproofing - Construction Tolerance Envelope","N/A","N/A",,"N/A","No","N/A","TU","301","N/A","N/A","N/A","N/A","N/A","N/A","N/AN/AN/A","N/A","N/A","N/A",,,,"Tay, Bryan","785",,"259","13/05/2025 5:19 PM","20/05/2026 2:35 PM","Bird, Cheyne"
"Tunnel Spaceproofing - Drainage Envelope","N/A","N/A",,"N/A","No","N/A","TU","305","N/A","N/A","N/A","N/A","N/A","N/A","N/AN/AN/A","N/A","N/A","N/A",,,,"Tay, Bryan","789",,"263","13/05/2025 5:19 PM","20/05/2026 2:35 PM","Bird, Cheyne"
"Tunnel Spaceproofing - MEP Envelope","N/A","N/A",,"N/A","No","N/A","TU","304","N/A","N/A","N/A","N/A","N/A","N/A","N/AN/AN/A","N/A","N/A","N/A",,,,"Tay, Bryan","787",,"261","13/05/2025 5:19 PM","20/05/2026 2:35 PM","Bird, Cheyne"
"Tunnel status sign","N/A","TSS","TMS","N/A","No","Model","TT","250","EF_40_10","Signage","Ss_40_10_90_72","Road traffic signage systems","Pr_40_10_77","Signs and markers","EF_40_10Ss_40_10_90_72Pr_40_10_77",,"01.05 M&E","01.05.05.05.12 Tunnel Message Signs",,"Point Asset","Point","James McKinlay-T2D",,,"3000","25/07/2025 3:18 PM","20/05/2026 5:58 PM","Gunagi, Pooja"
"Tunnel Valves","Yes","VLV","VLV","Yes","No","Model","SD","261","EF_50_35","Below-ground drainage collection","Ss_37_16_10_92","Tunnel drainage sump systems","Pr_65_54_24","Valve products","EF_50_35Ss_37_16_10_92Pr_65_54_24","2; 3; 3CW; 3XP","01.05 M&E","01.05.04.05.01 Valves & Actuators",,"Point Asset","Point","Bird, Cheyne",,,"3088","12/08/2025 10:06 AM","20/05/2026 5:58 PM","Gunagi, Pooja"
"Twinax copper Direct Attached Cable","Yes","SSC","SSC","Yes","No","Unsure","CD",,"EF_75_30_35","Road signals and controls","Ss_75_30_35","Road signal and control systems","Pr_65_70_15_16","Copper cable terminations","EF_75_30_35Ss_75_30_35Pr_65_70_15_16",,"01.05 M&E","01.05.05.02.01 Data communications Network",,"Point Asset","Point","James McKinlay-T2D",,,"3149","16/09/2025 9:56 AM","20/05/2026 5:22 PM","Gunagi, Pooja"
"Two Aspect Lantern with Yellow and Red Arrows (Left or Right Turn)","Yes","TSL","TSL","Yes","No","Model","TF","245","EF_75_30_35","Road signals and controls","Ss_75_30_35_88","Traffic signal systems","Pr_70_75_72_96","Vehicular traffic signals","EF_75_30_35Ss_75_30_35_88Pr_70_75_72_96","2; 3","01.05 M&E","01.05.05.05.21 Fixed and Regulatory Signs",,"Point Asset","Point","Tay, Bryan","706",,"179","13/05/2025 5:19 PM","20/05/2026 5:57 PM","Gunagi, Pooja"
"Two Aspect Pedestrian Lantern","Yes","TSL","TSL","Yes","No","Model","TF","245","EF_75_30_35","Road signals and controls","Ss_75_30_35_88","Traffic signal systems","Pr_70_75_72_61","Pedestrian crossing signals","EF_75_30_35Ss_75_30_35_88Pr_70_75_72_61","2; 3","01.05 M&E","01.05.05.05.21 Fixed and Regulatory Signs",,"Point Asset","Point","Tay, Bryan","705",,"178","13/05/2025 5:19 PM","20/05/2026 5:57 PM","Gunagi, Pooja"
"TX SYNCHRO BOX","Yes","SYT","SYT","Yes","No","Unsure","WF",,"EF_75_10_21","Data distribution and telecommunications","Ss_75_10_21_21","Data distribution systems","Pr_70_75_20","Data communication products","EF_75_10_21Ss_75_10_21_21Pr_70_75_20",,"01.05 M&E","01.05.05.02.01 Data communications Network",,"Point Asset",,"Mazarei, Ashkan (DIT)",,,"3643","15/05/2026 2:24 PM","20/05/2026 5:22 PM","Gunagi, Pooja"
"UDB Circuit Break Incomer","Conditional","UQI","UQI","No","No","Unsure","LV",,"EF_70_30_45","Low-voltage electricity distribution","Ss_70_30_25","Electrical protection systems","Pr_65_72_27","Electrical protective devices","EF_70_30_45Ss_70_30_25Pr_65_72_27",,"01.05 M&E","01.05.01.03.12 Incoming Breaker (LV)",,"Point Asset","Point","James McKinlay-T2D",,,"2667","25/07/2025 3:13 PM","20/05/2026 5:21 PM","Gunagi, Pooja"
"UDB Circuit Breaker Feeder","Conditional","UQF","UQF","No","No","Unsure","LV",,"EF_70_30_45","Low-voltage electricity distribution","Ss_70_30_25","Electrical protection systems","Pr_65_72_27","Electrical protective devices","EF_70_30_45Ss_70_30_25Pr_65_72_27",,"01.05 M&E","01.05.01.03.05 Circuit Breaker (LV)",,"Point Asset","Point","James McKinlay-T2D",,,"2669","25/07/2025 3:13 PM","20/05/2026 5:21 PM","Gunagi, Pooja"
"UDB Power Quality Meter","Conditional","UQM","UQM","No","No","Unsure","LV",,"EF_70_30_45","Low-voltage electricity distribution","Ss_70_30_45_45","Low-voltage distribution systems","Pr_80_51_51_63","Power factor meters","EF_70_30_45Ss_70_30_45_45Pr_80_51_51_63",,"01.05 M&E","01.05.01.03.13 Instrumentation & Meters (LV)",,"Point Asset","Point","James McKinlay-T2D",,,"2670","25/07/2025 3:13 PM","20/05/2026 5:21 PM","Gunagi, Pooja"
"UDB Switch Isolator","Conditional","USI","USI","No","No","Register","LV",,"EF_70_30_45","Low-voltage electricity distribution","Ss_70_30_45_45","Low-voltage distribution systems","Pr_60_70_48_47","Low-voltage switch-disconnectors","EF_70_30_45Ss_70_30_45_45Pr_60_70_48_47",,"01.05 M&E","01.05.01.03.14 Isolation Breaker (LV)",,"Point Asset","Point","James McKinlay-T2D",,,"2668","25/07/2025 3:13 PM","20/05/2026 4:10 PM","Gunagi, Pooja"
"Ultrasonic Air Velocity Monitor","Yes","AFM","AFM","Yes","No","Model","TT",,"EF_75_70_54","Metering, monitoring and management","Ss_75_70_54_05","Air Quality Monitoring Systems","Pr_75_50_76_02","Air quality sensors","EF_75_70_54Ss_75_70_54_05Pr_75_50_76_02",,"01.05 M&E","01.05.05.03.02 Tunnel Air Velocity Monitoring Equipment",,"Point Asset","Point","James McKinlay-T2D",,,"2930","25/07/2025 3:16 PM","20/05/2026 5:36 PM","Gunagi, Pooja"
"Ultrasonic Level Sensor","Yes","USL","USL","Yes","No","Model","HY",,"EF_55_70","Water supply","Ss_55_70","Water distribution and supply systems","Pr_75_50_47_92","Ultrasonic sensors","EF_55_70Ss_55_70Pr_75_50_47_92",,"01.05 M&E","01.05.04.10.04 Instrumentation",,"Point Asset","Point","James McKinlay-T2D",,,"2925","25/07/2025 3:16 PM","21/05/2026 4:22 PM","Muhammad Abid-T2D"
"Unclassified Indicating Transmitter","No","XIT","XIT","No","No","Model","TT",,"EF_75_30_35","Road signals and controls","Ss_75_30_35","Road signal and control systems","Pr_75_50_20_12","Central processor units","EF_75_30_35Ss_75_30_35Pr_75_50_20_12",,"01.05 M&E","01.05.05.02.12 Unclassified Indicating Transmitter",,"Point Asset","Point","James McKinlay-T2D",,,"3013","25/07/2025 3:19 PM","20/05/2026 5:58 PM","Gunagi, Pooja"
"Underpass Lighting Luminaire","Yes","LLD","LLD","Yes","No","Model","LT","243","EF_70_80","Lighting","Ss_70_80_25_70","Roadway lighting systems","Pr_70_70_48_73","Road and amenity lighting luminaires","EF_70_80Ss_70_80_25_70Pr_70_70_48_73","2; 3","01.05 M&E","01.05.06.01.08 Linear LED Luminaire",,"Point Asset","Point","Tay, Bryan","694",,"167","13/05/2025 5:19 PM","20/05/2026 5:45 PM","Gunagi, Pooja"
"Uninterruptible Power Supplies","Yes","UPS","UPS","Yes","No","Model","TF",,"EF_70_30_45","Low-voltage electricity distribution","Ss_70_30_45_92","Uninterruptible power supply systems","Pr_60_70_64_93","Uninterruptible power supply (UPS) units","EF_70_30_45Ss_70_30_45_92Pr_60_70_64_93",,"01.05 M&E","01.05.01.05.01 Uninterruptible Power Supplies",,"Point Asset","Point","James McKinlay-T2D",,,"2626","25/07/2025 3:11 PM","20/05/2026 5:58 PM","Gunagi, Pooja"
"UPS Battery","Yes","BAT","BAT","Yes","No","Register","LV",,"EF_70_30_45","Low-voltage electricity distribution","Ss_70_30_45_92","Uninterruptible power supply systems","Pr_60_70_64_93","Uninterruptible power supply (UPS) units","EF_70_30_45Ss_70_30_45_92Pr_60_70_64_93",,"01.05 M&E","01.05.01.05.01 Uninterruptible Power Supplies",,"Point Asset","Point","James McKinlay-T2D",,,"2582","25/07/2025 3:11 PM","20/05/2026 3:59 PM","Muhammad Abid-T2D"
"UPS Distribution Board","Yes","UDB","UDB","Yes","No","Model","LV",,"EF_70_30_45","Low-voltage electricity distribution","Ss_70_30_45_92","Uninterruptible power supply systems","Pr_60_70_22_22","Distribution boards","EF_70_30_45Ss_70_30_45_92Pr_60_70_22_22",,"01.05 M&E","01.05.01.03.09 Essential Electrical Distribution Board",,"Point Asset","Point","James McKinlay-T2D",,,"2662","25/07/2025 3:13 PM","2/06/2026 12:31 PM","Mazarei, Ashkan (DIT)"
"Utilities - Communications Cable (Overhead)","By Other","N/A",,"N/A","No","N/A","UC","203","EF_75_10","Communication","Ss_75_10","Communications systems","Pr_65_70_15","Communications cables and accessories","EF_75_10Ss_75_10Pr_65_70_15","2; 3","N/A","N/A",,,,"Tay, Bryan","658",,"131","13/05/2025 5:18 PM","20/05/2026 2:35 PM","Bird, Cheyne"
"Utilities - Communications Cable (Underground)","By Other","N/A",,"N/A","No","N/A","UC","203","EF_75_10","Communication","Ss_75_10","Communications systems","Pr_65_70_11_09","Buried conduit","EF_75_10Ss_75_10Pr_65_70_11_09","2; 3","N/A","N/A",,,,"Tay, Bryan","657",,"130","13/05/2025 5:18 PM","20/05/2026 2:35 PM","Bird, Cheyne"
"Utilities - Communications Pit","By Other","N/A",,"N/A","No","N/A","UC","203","EF_75_10","Communication","Ss_75_10","Communications systems","Pr_65_52_25_15","Concrete catch pits","EF_75_10Ss_75_10Pr_65_52_25_15","2; 3","N/A","N/A",,,,"Tay, Bryan","656",,"129","13/05/2025 5:18 PM","20/05/2026 2:35 PM","Bird, Cheyne"
"Utilities - Communications Pole","By Other","N/A",,"N/A","No","N/A","UC","203","EF_75_10","Communication","Ss_75_10_21","Data distribution and telecommunications systems","Pr_20_85_16","Columns and column accessories","EF_75_10Ss_75_10_21Pr_20_85_16","2; 3","N/A","N/A",,,,"Tay, Bryan","655",,"128","13/05/2025 5:18 PM","20/05/2026 2:35 PM","Bird, Cheyne"
"Utilities - Electrical Pits (High Voltage)","Yes","HPT","HPT","Yes","No","Model","UE","219","EF_70_30_35","High-voltage electricity distribution","Ss_70_30_35_35","High-voltage distribution systems","Pr_65_52_25_15","Concrete catch pits","EF_70_30_35Ss_70_30_35_35Pr_65_52_25_15","2; 3","01.05 M&E","01.05.01.01.03 Cable Pits (HV)",,"Point Asset","Point","Tay, Bryan","667",,"140","13/05/2025 5:18 PM","20/05/2026 5:45 PM","Gunagi, Pooja"
"Utilities - Electrical Pits (Low Voltage)","By Other","N/A",,"N/A","No","N/A","UE","202","EF_70_30_45","Low-voltage electricity distribution","Ss_70_30_45_45","Low-voltage distribution systems","Pr_65_52_25_15","Concrete catch pits","EF_70_30_45Ss_70_30_45_45Pr_65_52_25_15","2; 3","N/A","N/A",,,,"Tay, Bryan","635",,"108","13/05/2025 5:18 PM","20/05/2026 2:34 PM","Bird, Cheyne"
"Utilities - Electrical Pits (LV)","Yes","LPT","LPT","Yes","No","Model","UE","202","EF_70_30_45","Low-voltage electricity distribution","Ss_70_30_45_45","Low-voltage distribution systems","Pr_65_52_25_15","Concrete catch pits","EF_70_30_45Ss_70_30_45_45Pr_65_52_25_15","2; 3","01.05 M&E","01.05.01.01.03 Cable Pits (HV)",,"Point Asset","Point","Bird, Cheyne","635",,"3544","13/04/2026 3:12 PM","20/05/2026 5:45 PM","Gunagi, Pooja"
"Utilities - Electrical Pits (Transmission)","By Other","N/A",,"N/A","No","N/A","UE","202","EF_70_20","Electricity transmission","Ss_70_20_35","High-voltage transmission and distribution systems","Pr_65_52_25_15","Concrete catch pits","EF_70_20Ss_70_20_35Pr_65_52_25_15","2; 3","N/A","N/A",,,,"Tay, Bryan","949",,"424","13/05/2025 5:21 PM","23/06/2026 5:15 PM","Bird, Cheyne"
"Utilities - Electrical Pits (Transmission) HV","Yes","HPT","HPT","Yes","No","Model","UE","202","EF_70_20","Electricity transmission","Ss_70_20_35","High-voltage transmission and distribution systems","Pr_65_52_25_15","Concrete catch pits","EF_70_20Ss_70_20_35Pr_65_52_25_15","2; 3","01.05 M&E","01.05.01.01.03 Cable Pits (HV)",,"Point Asset","Point","Bird, Cheyne","949",,"3542","13/04/2026 3:12 PM","20/05/2026 5:45 PM","Gunagi, Pooja"
"Utilities - Electrical Poles","Yes","RL","RL","Yes","No","Model","UE","203","EF_70_80","Lighting","Ss_70_80_25_70","Roadway lighting systems","Pr_80_77_48","Lighting columns, brackets and bollards","EF_70_80Ss_70_80_25_70Pr_80_77_48","3FC","01.05 M&E","01.05.06.01.12 Surface Road and Interchange Lighting",,"Point Asset","Point","Tay, Bryan","654",,"127","13/05/2025 5:18 PM","20/05/2026 5:51 PM","Gunagi, Pooja"
"Utilities - Electrical Poles DU","Yes","RL","RL","Yes","No","Model","DU","381","EF_70_80","Lighting","Ss_70_80_25_70","Roadway lighting systems","Pr_80_77_48","Lighting columns, brackets and bollards","EF_70_80Ss_70_80_25_70Pr_80_77_48","2CA; 3BAP; 3BDE","01.05 M&E","01.05.06.01.12 Surface Road and Interchange Lighting",,"Point Asset","Point","Bird, Cheyne",,,"3080","11/08/2025 5:21 PM","20/05/2026 5:52 PM","Gunagi, Pooja"
"Utilities - Electrical Transmission Line (Overhead)","By Other","N/A",,"N/A","No","N/A","UE","203","EF_70_20","Electricity transmission","Ss_70_20_35","High-voltage transmission and distribution systems","Pr_65_70_30","Extra-high-voltage cables","EF_70_20Ss_70_20_35Pr_65_70_30","2; 3","N/A","N/A",,,,"Tay, Bryan","653",,"126","13/05/2025 5:18 PM","20/05/2026 2:35 PM","Bird, Cheyne"
"Utilities - Electrical Transmission Line (Underground)","By Other","N/A",,"N/A","No","N/A","UE","203","EF_70_20","Electricity transmission","Ss_70_20_35","High-voltage transmission and distribution systems","Pr_65_70_11_09","Buried conduit","EF_70_20Ss_70_20_35Pr_65_70_11_09","2; 3","N/A","N/A",,,,"Tay, Bryan","652",,"125","13/05/2025 5:18 PM","20/05/2026 2:35 PM","Bird, Cheyne"
"Utilities - Gas (High Pressure)","By Other","N/A",,"N/A","No","N/A","UG","203","EF_55_20","Gas supply","Ss_55_20_33","Gas distribution network systems","Pr_65_52_63_62","Polyethylene (PE) gaseous fuel pipes and fittings","EF_55_20Ss_55_20_33Pr_65_52_63_62","2; 3","N/A","N/A",,,,"Tay, Bryan","651",,"124","13/05/2025 5:18 PM","20/05/2026 2:35 PM","Bird, Cheyne"
"Utilities - Gas (Low Pressure)","By Other","N/A",,"N/A","No","N/A","UG","203","EF_55_20","Gas supply","Ss_55_20_33","Gas distribution network systems","Pr_65_52_63_62","Polyethylene (PE) gaseous fuel pipes and fittings","EF_55_20Ss_55_20_33Pr_65_52_63_62","2; 3","N/A","N/A",,,,"Tay, Bryan","650",,"123","13/05/2025 5:18 PM","20/05/2026 2:35 PM","Bird, Cheyne"
"Utilities - Gas Asset (Valve)","By Other","N/A",,"N/A","No","N/A","UG","203","EF_55_20","Gas supply","Ss_55_20_33","Gas distribution network systems","Pr_65_54_33","Gas and liquid fuel valves","EF_55_20Ss_55_20_33Pr_65_54_33","2; 3","N/A","N/A",,,,"Tay, Bryan","649",,"122","13/05/2025 5:18 PM","20/05/2026 2:35 PM","Bird, Cheyne"
"Utilities - Gas Transmission line","By Other","N/A",,"N/A","No","N/A","UG","203","EF_55_20","Gas supply","Ss_55_20_33","Gas distribution network systems","Pr_65_52_63","Pipes and fittings","EF_55_20Ss_55_20_33Pr_65_52_63","2; 3","N/A","N/A",,,,"Tay, Bryan","648",,"121","13/05/2025 5:18 PM","20/05/2026 2:35 PM","Bird, Cheyne"
"Utilities - High Voltage Electrical (Underground)","Conditional","HCD","HCD","No","No","Model","UE","203","EF_70_30_35","High-voltage electricity distribution","Ss_70_30_35_35","High-voltage distribution systems","Pr_65_70_11_09","Buried conduit","EF_70_30_35Ss_70_30_35_35Pr_65_70_11_09","2; 3","01.05 M&E","01.05.01.03.04 Cables (LV)",,"Point Asset","Line","Tay, Bryan","647",,"120","13/05/2025 5:18 PM","21/05/2026 3:47 PM","Muhammad Abid-T2D"
"Utilities - High Voltage Electrical Cables (Overhead)","By Other","N/A",,"N/A","No","N/A","UE","203","EF_70_30_35","High-voltage electricity distribution","Ss_70_30_35_35","High-voltage distribution systems","Pr_65_70_36","High-voltage cables","EF_70_30_35Ss_70_30_35_35Pr_65_70_36","2; 3","N/A","N/A",,,,"Tay, Bryan","646",,"119","13/05/2025 5:18 PM","20/05/2026 2:35 PM","Bird, Cheyne"
"Utilities - Hydrant","By Other","N/A",,"N/A","No","N/A","UW","203","EF_55_30","Fire-extinguishing supply","Ss_55_30_96_30","Fire hydrant systems","Pr_70_55_97_01","Above-ground fire hydrants","EF_55_30Ss_55_30_96_30Pr_70_55_97_01","2; 3","N/A","N/A",,,,"Bird, Cheyne","990",,"477","21/05/2025 5:03 PM","20/05/2026 3:52 PM","Muhammad Abid-T2D"
"Utilities - Hydrant (Fire)","Yes","FHY","FHY","Yes","No","Model","UW","203","EF_55_30_96","Water firefighting supply","Ss_55_30_96_30","Fire hydrant systems","Pr_70_55_97_01","Above-ground fire hydrants","EF_55_30_96Ss_55_30_96_30Pr_70_55_97_01",,"01.05 M&E","01.05.02.02.01 Fire Hydrants",,"Point Asset","Point","Hatkhambkar, Pramod",,,"530","11/06/2025 2:21 PM","20/05/2026 5:35 PM","Gunagi, Pooja"
"Utilities - ITS Conduits","No","N/A",,"N/A","No","N/A","UI","256","EF_75_30","Signalling","Ss_75_30_35","Road signal and control systems","Pr_65_70_11_71","Rigid conduit","EF_75_30Ss_75_30_35Pr_65_70_11_71","2; 3","N/A","N/A",,,,"Tay, Bryan","770",,"244","13/05/2025 5:19 PM","20/05/2026 2:35 PM","Bird, Cheyne"
"Utilities - Low Voltage Electrical (Underground)","By Other","N/A",,"N/A","No","N/A","UE","203","EF_70_30_45","Low-voltage electricity distribution","Ss_70_30_45_45","Low-voltage distribution systems","Pr_65_70_11_09","Buried conduit","EF_70_30_45Ss_70_30_45_45Pr_65_70_11_09","2; 3","N/A","N/A",,,,"Tay, Bryan","645",,"118","13/05/2025 5:18 PM","20/05/2026 2:35 PM","Bird, Cheyne"
"Utilities - Low Voltage Electrical Cables (Overhead)","By Other","N/A",,"N/A","No","N/A","UE","203","EF_70_30_45","Low-voltage electricity distribution","Ss_70_30_45_45","Low-voltage distribution systems","Pr_65_70_48","Low-voltage cables","EF_70_30_45Ss_70_30_45_45Pr_65_70_48","2; 3","N/A","N/A",,,,"Tay, Bryan","644",,"117","13/05/2025 5:18 PM","20/05/2026 2:35 PM","Bird, Cheyne"
"Utilities - Potable Water","No","N/A",,"N/A","No","N/A","UW","205","EF_55_70","Water supply","Ss_55_70_95","Water distribution network systems","Pr_65_52_63","Pipes and fittings","EF_55_70Ss_55_70_95Pr_65_52_63","2; 3","N/A","N/A",,,,"Tay, Bryan","660",,"133","13/05/2025 5:18 PM","20/05/2026 2:35 PM","Bird, Cheyne"
"Utilities - Sewer (Gravity Main)","No","N/A",,"N/A","No","N/A","US","203","EF_50_75","Wastewater treatment and disposal","Ss_50_35_08_30","Foul wastewater below-ground drainage pipeline systems","Pr_65_52_07_16","Concrete plain wall below-ground drainage pipes and fittings","EF_50_75Ss_50_35_08_30Pr_65_52_07_16","2; 3","N/A","N/A",,,,"Tay, Bryan","643",,"116","13/05/2025 5:18 PM","20/05/2026 2:35 PM","Bird, Cheyne"
"Utilities - Sewer (Rising Main)","By Other","N/A",,"N/A","No","N/A","US","203","EF_50_75","Wastewater treatment and disposal","Ss_50_35_03_65","Wastewater pressure pipeline systems","Pr_65_52_07","Below-ground and pressure drainage pipes and fittings","EF_50_75Ss_50_35_03_65Pr_65_52_07","2; 3","N/A","N/A",,,,"Tay, Bryan","641",,"114","13/05/2025 5:18 PM","20/05/2026 2:35 PM","Bird, Cheyne"
"Utilities - Sewer Maintenance Hole (MH)","By Other","N/A",,"N/A","No","N/A","US","203","EF_50_75","Wastewater treatment and disposal","Ss_50_35_08_30","Foul wastewater below-ground drainage pipeline systems","Pr_65_52_01_20","Concrete manhole base units","EF_50_75Ss_50_35_08_30Pr_65_52_01_20","2; 3","N/A","N/A",,,,"Tay, Bryan","640",,"113","13/05/2025 5:18 PM","20/05/2026 2:35 PM","Bird, Cheyne"
"Utilities - Sewer Maintenance Pit","Yes","SMP","SMP","Yes","No","Model","US","204","EF_50_75","Wastewater treatment and disposal","Ss_50_35_08_30","Foul wastewater below-ground drainage pipeline systems","Pr_65_52_01_01","Access and inspection chambers","EF_50_75Ss_50_35_08_30Pr_65_52_01_01","2; 3","01.05 M&E","01.05.04.01.03 Stormwater pit",,"Point Asset","Point","Bird, Cheyne","659",,"3557","14/04/2026 12:49 PM","20/05/2026 5:53 PM","Gunagi, Pooja"
"Utilities - Sewer Pit","By Other","N/A",,"N/A","No","N/A","US","204","EF_50_75","Wastewater treatment and disposal","Ss_50_35_08_30","Foul wastewater below-ground drainage pipeline systems","Pr_65_52_01_01","Access and inspection chambers","EF_50_75Ss_50_35_08_30Pr_65_52_01_01","2; 3","N/A","N/A",,,,"Tay, Bryan","659",,"132","13/05/2025 5:18 PM","20/05/2026 2:35 PM","Bird, Cheyne"
"Utilities - Sewer Pump","By Other","N/A",,"N/A","No","N/A","US","203","EF_50_75","Wastewater treatment and disposal","Ss_50_35_03_65","Wastewater pressure pipeline systems","Pr_65_53_96","Water supply and wastewater pumps","EF_50_75Ss_50_35_03_65Pr_65_53_96","2; 3","N/A","N/A",,,,"Tay, Bryan","639",,"112","13/05/2025 5:18 PM","20/05/2026 2:35 PM","Bird, Cheyne"
"Utilities - Sewer Storage System","By Other","N/A",,"N/A","No","N/A","US","203","EF_50_75","Wastewater treatment and disposal","Ss_50_75_98","Wastewater storage systems","Pr_60_50_96_15","Concrete tanks","EF_50_75Ss_50_75_98Pr_60_50_96_15","2; 3","N/A","N/A",,,,"Tay, Bryan","642",,"115","13/05/2025 5:18 PM","20/05/2026 2:35 PM","Bird, Cheyne"
"Utilities - Water (Recycled)","By Other","N/A",,"N/A","No","N/A","UW","203","EF_55_70","Water supply","Ss_50_35_03_65","Wastewater pressure pipeline systems","Pr_65_52_63","Pipes and fittings","EF_55_70Ss_50_35_03_65Pr_65_52_63","2; 3","N/A","N/A",,,,"Tay, Bryan","638",,"111","13/05/2025 5:18 PM","20/05/2026 2:35 PM","Bird, Cheyne"
"Utilities - Water Main (Drinking)","By Other","N/A",,"N/A","No","N/A","UW","203","EF_55_70","Water supply","Ss_55_70_95_50","Treated water pressure pipeline systems","Pr_65_52_63","Pipes and fittings","EF_55_70Ss_55_70_95_50Pr_65_52_63","2; 3","N/A","N/A",,,,"Tay, Bryan","636",,"109","13/05/2025 5:18 PM","20/05/2026 2:35 PM","Bird, Cheyne"
"Utilities - Water Main (Fire)","Yes","RMP","RMP","Yes","No","Model","UW","203","EF_55_30_96","Water firefighting supply","Ss_55_70_95_50","Treated water pressure pipeline systems","Pr_65_52_63","Pipes and fittings","EF_55_30_96Ss_55_70_95_50Pr_65_52_63","2; 3","01.05 M&E","01.05.04.06.02 Rising Main Pipe",,"Point Asset","Line","Bird, Cheyne","992",,"479","21/05/2025 5:09 PM","20/05/2026 5:52 PM","Gunagi, Pooja"
"Utilities - Water Meter","Yes","FMV","FMV","Yes","No","Model","UW","203","Ef_55_70","Water supply","Ss_55_70","Water distribution and supply systems","Pr_80_51_51_97","Water meters","Ef_55_70Ss_55_70Pr_80_51_51_97","2; 3","01.05 M&E","01.05.01.03.13 Instrumentation & Meters (LV)",,"Point Asset","Point","Bird, Cheyne","991",,"478","21/05/2025 5:08 PM","20/05/2026 5:35 PM","Gunagi, Pooja"
"Utilities - Water Meter (Fire)","Yes","FHY","FHY","Yes","No","Model","UW","203","EF_55_30_96","Water firefighting supply","Ss_55_70","Water distribution and supply systems","Pr_80_51_51_97","Water meters","EF_55_30_96Ss_55_70Pr_80_51_51_97","2; 3","01.05 M&E","01.05.02.02.01 Fire Hydrants",,"Point Asset","Point","Hatkhambkar, Pramod",,,"572","19/06/2025 2:52 PM","20/05/2026 5:35 PM","Gunagi, Pooja"
"Utilities- General Transformer","By Other","N/A",,"N/A","No","N/A","HV","202","EF_70_30","Electricity distribution","Ss_70_30","Electricity distribution systems","Pr_60_70","Power supply products","EF_70_30Ss_70_30Pr_60_70","2; 3","N/A","N/A",,,,"Bird, Cheyne",,,"3728","23/06/2026 5:11 PM","23/06/2026 5:15 PM","Bird, Cheyne"
"Utilities -Valves (Fire)","Yes","FHY","FHY","Yes","No","Model","UW","203","EF_55_30_96","Water firefighting supply","Ss_55_70","Water distribution and supply systems","Pr_65_54_30","Firefighting valves and devices","EF_55_30_96Ss_55_70Pr_65_54_30","2; 3","01.05 M&E","01.05.02.02.01 Fire Hydrants",,"Point Asset","Point","Hatkhambkar, Pramod",,,"570","19/06/2025 12:45 PM","20/05/2026 5:35 PM","Gunagi, Pooja"
"Utilities -Valves (Water)","By Other","N/A",,"N/A","No","N/A","UW","203","EF_55_70","Water supply","Ss_55_70_95","Water distribution network systems","Pr_65_54_94","Water supply and wastewater valves","EF_55_70Ss_55_70_95Pr_65_54_94","2; 3","N/A","N/A",,,,"Tay, Bryan","637",,"110","13/05/2025 5:18 PM","20/05/2026 2:35 PM","Bird, Cheyne"
"Utility Meter Panel","Yes","UMP","UMP","Yes","No","Model","HV",,"EF_70_30_35","High-voltage electricity distribution","Ss_70_30_35_35","High-voltage distribution systems","Pr_75_50_18_93","Utility supply control panels","EF_70_30_35Ss_70_30_35_35Pr_75_50_18_93",,"01.05 M&E","01.05.01.01.05 Instrumentation & Meters (HV)",,"Point Asset","Point","Mazarei, Ashkan (DIT)",,,"3251","20/11/2025 11:46 AM","21/05/2026 4:22 PM","Muhammad Abid-T2D"
"Valves","Yes","VLV","VLV","Yes","No","Model","HY",,"EF_55_70","Water supply","Ss_55_70","Water distribution and supply systems","Pr_65_54_94","Water supply and wastewater valves","EF_55_70Ss_55_70Pr_65_54_94",,"01.05 M&E","01.05.04.05.01 Valves & Actuators",,"Point Asset","Point","James McKinlay-T2D",,,"2899","25/07/2025 3:16 PM","20/05/2026 5:58 PM","Gunagi, Pooja"
"Valves (all types) (WTP)","No","WVA","WVA","No","No","Unsure","HY",,"EF_55_15","Water extraction and treatment","Ss_55_15","Water extraction, treatment and storage systems","Pr_65_54_94","Water supply and wastewater valves","EF_55_15Ss_55_15Pr_65_54_94",,"01.05 M&E","01.05.04.05.01 Valves & Actuators",,"Point Asset","Point","James McKinlay-T2D",,,"2926","25/07/2025 3:16 PM","20/05/2026 5:22 PM","Gunagi, Pooja"
"Variable Message Signs (VMS)","Yes","VMS","VMS","Yes","No","Model","TT",,"EF_75_30_35","Road signals and controls","Ss_75_30_35","Road signal and control systems","Pr_70_75_72_94","Variable message traffic signs","EF_75_30_35Ss_75_30_35Pr_70_75_72_94",,"01.05 M&E","01.05.05.05.09 Variable Message Signs (VMS)",,"Point Asset","Point","James McKinlay-T2D",,,"3005","25/07/2025 3:19 PM","20/05/2026 5:58 PM","Gunagi, Pooja"
"Variable Speed Drive","Yes","VSD","VSD","Yes","No","Model","LV",,"EF_70_30_45","Low-voltage electricity distribution","Ss_70_30_45_45","Low-voltage distribution systems","Pr_75_51_52_94","Variable speed drives","EF_70_30_45Ss_70_30_45_45Pr_75_51_52_94",,"01.05 M&E","01.05.01.07.04 Variable Speed Drive",,"Point Asset","Point","James McKinlay-T2D",,,"2627","25/07/2025 3:12 PM","20/05/2026 5:58 PM","Gunagi, Pooja"
"Variable Speed Limit Signs","Yes","VSS","VSS","Yes","No","Model","TT",,"EF_75_30_35","Road signals and controls","Ss_75_30_35","Road signal and control systems","Pr_70_75_72","Road traffic and pedestrian control signals","EF_75_30_35Ss_75_30_35Pr_70_75_72",,"01.05 M&E","01.05.05.05.11 Variable Speed Limit Signs",,"Point Asset","Point","James McKinlay-T2D",,,"3006","25/07/2025 3:19 PM","20/05/2026 5:58 PM","Gunagi, Pooja"
"Vehicle Barrier","Yes","GRA","GRA","No","No","Model","AR","383","EF_25_55","Barriers","Ss_25_16_94_65","Protective rail systems","Pr_20_85_07","Barrier rails","EF_25_55Ss_25_16_94_65Pr_20_85_07","3FC","01.03 Roadside","01.03.03.01.05 Guard Rail ",,"Point Asset","Line","Tay, Bryan","968",,"449","14/05/2025 6:22 PM","20/05/2026 5:45 PM","Gunagi, Pooja"
"Vehicle Detection Loop","Yes","VDL","VDL","Yes","No","Model","TT",,"EF_75_30_35","Road signals and controls","Ss_75_70_90_91","Traffic management control systems","Pr_70_75_72_22","Detector loops","EF_75_30_35Ss_75_70_90_91Pr_70_75_72_22",,"01.05 M&E","01.05.05.01.05 Traffic Loop & Detection System",,"Point Asset","Point","James McKinlay-T2D",,,"2993","25/07/2025 3:18 PM","21/05/2026 4:22 PM","Muhammad Abid-T2D"
"Vehicle Detection System","Yes","VDS","VDS","Yes","No","Register","TT",,"EF_75_30_35","Road signals and controls","Ss_75_70_90_91","Traffic management control systems","Pr_70_75_72_01","Above-ground vehicle detection products","EF_75_30_35Ss_75_70_90_91Pr_70_75_72_01",,"01.05 M&E","01.05.05.05.20 Vehicle Detection System",,"Point Asset","Point","James McKinlay-T2D",,,"3002","25/07/2025 3:18 PM","20/05/2026 4:10 PM","Gunagi, Pooja"
"Vehicle Envelope","N/A","N/A",,"N/A","No","N/A","RW","228","N/A","N/A","N/A","N/A","N/A","N/A","N/AN/AN/A","N/A","N/A","N/A",,,,"Tay, Bryan","684",,"157","13/05/2025 5:19 PM","20/05/2026 2:35 PM","Bird, Cheyne"
"Ventilation Axial Fan","Yes","VAF","VAF","Yes","No","Model","TV",,"EF_65_40_94","Vehicular space ventilation","Ss_65_40_94","Vehicular space ventilation systems","Pr_65_67_29_05","Axial flow fans","EF_65_40_94Ss_65_40_94Pr_65_67_29_05",,"01.05 M&E","01.05.03.01.02 Axial Fans (AXF)",,"Point Asset","Point","James McKinlay-T2D",,,"2869","25/07/2025 3:15 PM","21/05/2026 4:22 PM","Muhammad Abid-T2D"
"Ventilation Louvres","No","VLU","VLU","No","No","Model","VA",,"EF_65_40_94","Vehicular space ventilation","Ss_65_40","Ventilation systems","Pr_70_65_04","Air terminals and diffusers","EF_65_40_94Ss_65_40Pr_70_65_04",,"01.05 M&E","01.05.03.06.01 Ventilation Louvers",,"Point Asset","Point","James McKinlay-T2D",,,"2822","25/07/2025 3:15 PM","20/05/2026 5:58 PM","Gunagi, Pooja"
"Ventilation Stack Outlet Analyser","Yes","VSA","VSA","Yes","No","Model","TV",,"EF_65_40_94","Vehicular space ventilation","Ss_65_40_94_90","Tunnel ventilation systems","Pr_75_50_50","Measuring and monitoring products","EF_65_40_94Ss_65_40_94_90Pr_75_50_50",,"01.05 M&E","N/A",,"Point Asset","Point","Mazarei, Ashkan (DIT)",,,"3269","9/12/2025 8:35 AM","21/05/2026 5:01 PM","James McKinlay-T2D"
"Ventilation Transition Duct","Yes","VTD","VTD","Yes","No","Model","TV",,"EF_65_40_94","Vehicular space ventilation","Ss_65_40_94_90","Tunnel ventilation systems","Pr_65_65_25","Ductwork and fittings","EF_65_40_94Ss_65_40_94_90Pr_65_65_25",,"01.05 M&E","N/A",,"Point Asset",,"Mazarei, Ashkan (DIT)",,,"3267","9/12/2025 8:35 AM","21/05/2026 5:01 PM","James McKinlay-T2D"
"Verge","No","N/A",,"N/A","No","N/A","RW","230","EF_15_10","Groundworks and earthworks","Ss_15_10_30_90","Topsoil filling systems","Pr_15_31_26","Excavated earth and fill materials","EF_15_10Ss_15_10_30_90Pr_15_31_26","1","N/A","N/A",,,,"Tay, Bryan","686",,"159","13/05/2025 5:19 PM","20/05/2026 2:35 PM","Bird, Cheyne"
"VHF RFOF / PA","Yes","VPA","VPA","Yes","No","Unsure","RR",,"EF_75_10_21","Data distribution and telecommunications","Ss_75_10_21_21","Data distribution systems","Pr_70_75_69","Radio communications products","EF_75_10_21Ss_75_10_21_21Pr_70_75_69",,"01.05 M&E","01.05.05.02.01 Data communications Network",,"Point Asset",,"Mazarei, Ashkan (DIT)",,,"3369","17/02/2026 8:48 AM","20/05/2026 5:22 PM","Gunagi, Pooja"
"Vibration monitoring sensors","Yes","VIB","VIB","Yes","No","Model","TT",,"EF_75_70_54","Metering, monitoring and management","Ss_75_30_35","Road signal and control systems","Pr_70_75_72_01","Above-ground vehicle detection products","EF_75_70_54Ss_75_30_35Pr_70_75_72_01",,"01.05 M&E","01.05.05.02.13 Vibration monitoring sensors",,"Point Asset","Point","James McKinlay-T2D",,,"3003","25/07/2025 3:18 PM","20/05/2026 5:58 PM","Gunagi, Pooja"
"Video Wall System","Yes","VWS","VWS","Yes","No","Model","TT",,"EF_75_40_53","Monitoring","Ss_75_40_53_86","Surveillance CCTV systems","Pr_60_75_86_79","Surveillance monitors","EF_75_40_53Ss_75_40_53_86Pr_60_75_86_79",,"01.05 M&E","01.05.05.01.06 Video Wall System",,"Point Asset","Point","James McKinlay-T2D",,,"3007","25/07/2025 3:19 PM","20/05/2026 5:58 PM","Gunagi, Pooja"
"Visual Alarm Device ","N/A","VAD","VAD","No","No","Model","FD",,"EF_75_50_28","Fire and smoke detection and alarms","Ss_75_50_28_29","Fire detection and alarm systems","Pr_75_80_30_97","Visual alarm signal devices","EF_75_50_28Ss_75_50_28_29Pr_75_80_30_97",,"01.05 M&E","01.05.02.01.15 Alarm Signalling Equipment",,"Point Asset","Point","James McKinlay-T2D",,,"2804","25/07/2025 3:14 PM","20/05/2026 5:58 PM","Gunagi, Pooja"
"Visual Warming Device","N/A","VWD","VWD","No","No","Unsure","FD",,"EF_75_50_28","Fire and smoke detection and alarms","Ss_75_50_28_29","Fire detection and alarm systems","Pr_75_80_30_97","Visual alarm signal devices","EF_75_50_28Ss_75_50_28_29Pr_75_80_30_97",,"01.05 M&E","01.05.02.01.15 Alarm Signalling Equipment",,"Point Asset","Point","James McKinlay-T2D",,,"2805","25/07/2025 3:14 PM","20/05/2026 5:21 PM","Gunagi, Pooja"
"Volume Control Damper","Yes","VCD","VCD","Yes","No","Unsure","VA",,"EF_75_70_52","Mechanical engineering services control and management","Ss_75_70_52","Mechanical engineering services control and management systems","Pr_65_65_24_95","Volume control dampers","EF_75_70_52Ss_75_70_52Pr_65_65_24_95",,"01.05 M&E","01.05.03.02.02 Fan Dampers",,"Point Asset","Point","James McKinlay-T2D",,,"2870","25/07/2025 3:15 PM","20/05/2026 5:22 PM","Gunagi, Pooja"
"Wall Finishes","No","N/A",,"N/A","No","N/A","AR","326","EF_25_10","Walls","Ss_25_45","Wall covering and finish systems","Pr_35_93_96","Wall and floor tile units","EF_25_10Ss_25_45Pr_35_93_96","3FC","N/A","N/A",,,,"Tay, Bryan","970",,"451","14/05/2025 6:33 PM","20/05/2026 3:52 PM","Muhammad Abid-T2D"
"Wall Finishes DU","No","N/A",,"N/A","No","N/A","DU","382","EF_25_10","Walls","Ss_25_45","Wall covering and finish systems","Pr_35_93_96","Wall and floor tile units","EF_25_10Ss_25_45Pr_35_93_96","3FC","N/A","N/A",,,,"Phelan, David",,,"3288","12/12/2025 4:22 PM","20/05/2026 3:53 PM","Muhammad Abid-T2D"
"Wall panel dirt accumulation illuminance PE cell","Yes","WPE","WPE","Yes","No","Model","LT",,"EF_70_80","Lighting","Ss_70_80","Lighting systems","Pr_75_50_76_63","Photoelectric sensors","EF_70_80Ss_70_80Pr_75_50_76_63",,"01.05 M&E","01.05.06.01.02 Tunnel Lighting",,"Point Asset","Point","James McKinlay-T2D",,,"3028","25/07/2025 3:19 PM","20/05/2026 5:58 PM","Gunagi, Pooja"
"Water Mist Filter","Yes","WMF","WMF","Yes","No","Model","FS",,"EF_55_30_98","Water fire suppression supply","Ss_55_30_98_96","Water mist systems","Pr_65_57_96","Water filters and strainers","EF_55_30_98Ss_55_30_98_96Pr_65_57_96",,"01.05 M&E","01.05.02.09.04 Misting system range pipework",,"Point Asset","Point","Mazarei, Ashkan (DIT)",,,"3228","11/11/2025 1:42 PM","21/05/2026 4:22 PM","Muhammad Abid-T2D"
"Water Mist Nozzle","No","WMN","WMN","No","No","Model","FS",,"EF_55_30_98","Water fire suppression supply","Ss_55_30_98_96","Water mist systems","Pr_70_55_98","Water inlets and outlets","EF_55_30_98Ss_55_30_98_96Pr_70_55_98",,"01.05 M&E","01.05.02.09.04 Misting system range pipework",,"Point Asset","Point","James McKinlay-T2D",,,"2806","25/07/2025 3:14 PM","21/05/2026 4:22 PM","Muhammad Abid-T2D"
"Water Powered Foam Admixture Pump","Yes","PU","PU","Yes","No","Model","FS",,"EF_55_30_30","Foam fire-extinguishing supply","Ss_55_30_30_31","Foam fire-extinguishing systems","Pr_65_53_86","Supply and exhaust pumps","EF_55_30_30Ss_55_30_30_31Pr_65_53_86",,"01.05 M&E","01.05.02.04.01 Foam System",,"Point Asset","Point","Mazarei, Ashkan (DIT)",,,"3226","11/11/2025 11:43 AM","20/05/2026 5:52 PM","Gunagi, Pooja"
"Water Tank","No","TNK","TNK","No","No","Model","FS",,"EF_55_30_96","Water firefighting supply","Ss_55_30_96","Water firefighting systems","Pr_60_50_96","Water storage products","EF_55_30_96Ss_55_30_96Pr_60_50_96",,"01.05 M&E","01.05.02.12.01 Fire water tank",,"Point Asset","Point","James McKinlay-T2D",,,"2721","25/07/2025 3:13 PM","20/05/2026 5:58 PM","Gunagi, Pooja"
"Water Treatment Plant","Yes","WTP","WTP","Yes","No","Model","HY",,"EF_55_15","Water extraction and treatment","Ss_55_15","Water extraction, treatment and storage systems","Pr_60_55_97","Water treatment products","EF_55_15Ss_55_15Pr_60_55_97",,"01.05 M&E","01.05.04.10.01 Water Treatment Plant",,"Point Asset","Point","James McKinlay-T2D",,,"2902","25/07/2025 3:16 PM","20/05/2026 5:58 PM","Gunagi, Pooja"
"Water Treatment Plant Control Panel","Yes","WCP","WCP","Yes","No","Model","HY",,"EF_55_15","Water extraction and treatment","Ss_55_15","Water extraction, treatment and storage systems","Pr_75_50_18_17","Control panels","EF_55_15Ss_55_15Pr_75_50_18_17",,"01.05 M&E","01.05.04.10.03 Control System
",,"Point Asset","Point","James McKinlay-T2D",,,"2927","25/07/2025 3:16 PM","20/05/2026 5:58 PM","Gunagi, Pooja"
"Wearing Surface","Yes","WSU","WSU","No","No","Model","PV","230","EF_30_60_95","Vehicular pavements","Ss_30_14_65_85","Surface layer systems","Pr_35_31_05_05","Asphalt concrete (AC) surface courses","EF_30_60_95Ss_30_14_65_85Pr_35_31_05_05","1","01.01 Roads","01.01.01.01.01 Asphalt Sealed Pavements (Flexible sub-base)",,"Linear Feature","Polygon","Tay, Bryan","685",,"158","13/05/2025 5:19 PM","20/05/2026 5:57 PM","Gunagi, Pooja"
"Weather Station","Yes","WDS","WDS","Yes","No","Model","TV",,"EF_65","Ventilation and air conditioning functions","Ss_65","Ventilation and air conditioning systems","Pr_75_50_52","Meteorological instrumentation","EF_65Ss_65Pr_75_50_52",,"01.05 M&E","01.05.01.02.04 Winding Temp Sensor",,"Point Asset","Point","James McKinlay-T2D",,,"2871","25/07/2025 3:15 PM","21/05/2026 4:22 PM","Muhammad Abid-T2D"
"Weigh Station","Yes","WST","WST","Yes","No","Model","TT",,"EF_75_70_54","Metering, monitoring and management","Ss_25_16_94_95","Vehicle safety control systems","Pr_80_51_96_00","Above-ground weighbridges","EF_75_70_54Ss_25_16_94_95Pr_80_51_96_00",,"01.05 M&E","01.05.05.01.08 Weigh Station",,"Point Asset","Point","James McKinlay-T2D",,,"3012","25/07/2025 3:19 PM","20/05/2026 5:58 PM","Gunagi, Pooja"
"Wide angle antenna","Yes","AWA","AWA","Yes","No","Unsure","CD",,"EF_75_30_35","Road signals and controls","Ss_75_30_35","Road signal and control systems","Pr_60_75_01","Antennas and satellite dishes","EF_75_30_35Ss_75_30_35Pr_60_75_01",,"01.05 M&E","01.05.05.02.01 Data communications Network",,"Point Asset","Point","James McKinlay-T2D",,,"3153","16/09/2025 9:56 AM","20/05/2026 4:54 PM","Gunagi, Pooja"
"Winding Temp Sensor","No","WTS","WTS","No","No","Model","HV",,"EF_70_30_35","High-voltage electricity distribution","Ss_70_30_35_35","High-voltage distribution systems","Pr_75_50_76","Sensors and detectors","EF_70_30_35Ss_70_30_35_35Pr_75_50_76",,"01.05 M&E","01.05.01.02.04 Winding Temp Sensor",,"Point Asset","Point","James McKinlay-T2D",,,"2629","25/07/2025 3:12 PM","20/05/2026 5:58 PM","Gunagi, Pooja"
"Windows","No","N/A",,"N/A","No","N/A","AR","333","EF_25_30_97","Windows","Ss_25_30_95_95","Window systems","Pr_30_59_97","Window panels","EF_25_30_97Ss_25_30_95_95Pr_30_59_97","3FC","N/A","N/A",,,,"Tay, Bryan","830",,"305","13/05/2025 5:19 PM","20/05/2026 3:52 PM","Muhammad Abid-T2D"
"Windows DU","No","N/A",,"N/A","No","N/A","DU","382","EF_25_30_97","Windows","Ss_25_30_95_95","Window systems","Pr_30_59_97","Window panels","EF_25_30_97Ss_25_30_95_95Pr_30_59_97","3FC","N/A","N/A",,,,"Phelan, David",,,"3289","12/12/2025 4:24 PM","20/05/2026 3:53 PM","Muhammad Abid-T2D"
"Wing Wall","Yes","WWL","WWL","No","No","Model","MS","145","EF_25_10_25","External walls","Ss_25_11_16","Concrete wall systems","Pr_20_93_71","Retaining wall units","EF_25_10_25Ss_25_11_16Pr_20_93_71","3CG","01.04 Structures","01.04.03.06.03 Wall Panels",,"Point Asset","Line","Bird, Cheyne","1,007",,"497","29/05/2025 12:48 PM","20/05/2026 5:58 PM","Gunagi, Pooja"
"Wire Rope Barrier","Yes","WRB","WRB","N/A","No","Model","FN","248","EF_25_55","Barriers","Ss_25_16_94_97","Wire rope safety fence (WRSF) systems","Pr_20_96_97_18","Carbon steel wire ropes","EF_25_55Ss_25_16_94_97Pr_20_96_97_18","2; 3","01.03 Roadside","01.03.03.01.03 Wire Rope",,"Linear Referenced Asset","Line","Tay, Bryan","730",,"203","13/05/2025 5:19 PM","20/05/2026 5:57 PM","Gunagi, Pooja"
"Wire rope monitoring system","Yes","WRM","WRM","Yes","No","Unsure","TT",,"EF_25_55","Barriers","Ss_25_16_73","Road and Rail Barrier Systems","Pr_75_80_50","Monitoring system control products","EF_25_55Ss_25_16_73Pr_75_80_50",,"01.03 Roadside","01.03.03.01.03 Wire Rope",,"Point Asset","Point","James McKinlay-T2D",,,"3011","25/07/2025 3:19 PM","20/05/2026 5:22 PM","Gunagi, Pooja"
"Wireless access point (WI-FI hotspot)","Yes","WAP","WAP","Yes","No","Model","TT",,"EF_75_30_35","Road signals and controls","Ss_75_30_35","Road signal and control systems","Pr_70_75_52_96","Wireless sensor node","EF_75_30_35Ss_75_30_35Pr_70_75_52_96",,"01.05 M&E","01.05.05.02.04 wireless access point (WI-FI hotspot)",,"Point Asset","Point","James McKinlay-T2D",,,"3008","25/07/2025 3:19 PM","20/05/2026 5:58 PM","Gunagi, Pooja"
"Workstation Monitors","Yes","WSM","WSM","Yes","No","Unsure","CP",,"EF_75_30_35","Road signals and controls","Ss_75_30_35","Road signal and control systems","Pr_75_80_50","Monitoring system control products","EF_75_30_35Ss_75_30_35Pr_75_80_50",,"01.05 M&E","01.05.05.02.02 PMCS Hardware",,"Point Asset","Point","James McKinlay-T2D",,,"3147","16/09/2025 9:56 AM","20/05/2026 5:22 PM","Gunagi, Pooja"
"Workstations","Yes","WSE","WSE","Yes","No","Unsure","CP",,"EF_75_30_35","Road signals and controls","Ss_75_30_35","Road signal and control systems","Pr_40_50_21_96","Workstations","EF_75_30_35Ss_75_30_35Pr_40_50_21_96",,"01.05 M&E","01.05.05.02.02 PMCS Hardware",,"Point Asset","Point","James McKinlay-T2D",,,"3146","16/09/2025 9:56 AM","20/05/2026 5:22 PM","Gunagi, Pooja"
"XP Pressurisation Sensor","Yes","PSS","PSS","Yes","No","Model","HY",,"EF_55_70","Water supply","Ss_55_70","Water distribution and supply systems","Pr_75_50_76_68","Pressure sensors","EF_55_70Ss_55_70Pr_75_50_76_68",,"01.05 M&E","01.05.04.10.08 XP Pressurisation Sensor",,"Point Asset","Point","James McKinlay-T2D",,,"2883","25/07/2025 3:15 PM","20/05/2026 5:52 PM","Gunagi, Pooja"
"Y Strainer","Yes","YST","YST","Yes","No","Model","HY",,"EF_55_70","Water supply","Ss_55_70","Water distribution and supply systems","Pr_65_57_96_99","Y-type water strainers","EF_55_70Ss_55_70Pr_65_57_96_99",,"01.05 M&E","01.05.04.05.03 Strainers",,"Point Asset","Point","James McKinlay-T2D",,,"2903","25/07/2025 3:16 PM","20/05/2026 5:58 PM","Gunagi, Pooja"
