"LocationHeirarchyKey","LocationID","LocationParentID","LocationReferenceCode","LocationReferenceDescription","ParentLocationReference","DIT_LocationHierarchyCode","LocationHierarchyDescription","DIT_ProjectRdCode","ProjectRdDescription","DIT_LocationCode","LocationCodeDescription","DIT_SubLocationCode","SubLocationCodeDescription","SiteIDLocationReference","Uniclass_CoCode","Uniclass_CoTitle","Uniclass_EnCode","Uniclass_EnTitle","Uniclass_SLCode","Uniclass_SLTitle","Modified","Modified By","ID"
"1","QQ46K9",,"62035","South Road ",,"62035","South Road ","62035","South Road ",,,,,"3980","Co_80_35_75","Road networks","En_80_35_74","Roads",,,"23/05/2025 10:34 AM","Tay, Bryan","1"
"1","HR19G3",,"62036","South Road ",,"62036","South Road ","62036","South Road ",,,,,"3980","Co_80_35_75","Road networks","En_80_35_74","Roads",,,"23/05/2025 10:34 AM","Tay, Bryan","2"
"1","ES77F7",,"62037","South Road,  SouthBound On-ramp from Manton Street",,"62037","South Road,  SouthBound On-ramp from Manton Street","62037","South Road,  SouthBound On-ramp from Manton Street",,,,,"2490","Co_80_35_75","Road networks","En_80_35_01","Access roads",,,"23/05/2025 10:34 AM","Tay, Bryan","3"
"1","GU79C8",,"62038","North South Motorway, NorthBound Off-ramp to Grange Road",,"62038","North South Motorway, NorthBound Off-ramp to Grange Road","62038","North South Motorway, NorthBound Off-ramp to Grange Road",,,,,"2480","Co_80_35_75","Road networks","En_80_35_74","Roads",,,"23/05/2025 10:34 AM","Tay, Bryan","4"
"1","MM06K2",,"62043","South Road",,"62043","South Road","62043","South Road",,,,,"3980","Co_80_35_75","Road networks","En_80_35_74","Roads","SL_80_35_74","Road sections","26/06/2026 2:10 PM","Muhammad Abid-T2D","5"
"1","CC46K7",,"05648","Port Road",,"05648","Port Road","05648","Port Road",,,,,"No Linear Assets Req","Co_80_35_75","Road networks","En_80_35_74","Roads",,,"23/05/2025 10:34 AM","Tay, Bryan","6"
"1","AN35C2",,"05851","Grange Road & Manton Street",,"05851","Grange Road & Manton Street","05851","Grange Road & Manton Street",,,,,"No Linear Assets Req","Co_80_35_75","Road networks","En_80_35_56","Motorways",,,"23/05/2025 10:34 AM","Tay, Bryan","7"
"1","EM88F2",,"06203","North South Motorway",,"06203","North South Motorway","06203","North South Motorway",,,,,"3990","Co_80_35_75","Road networks","En_80_35_56","Motorways",,,"4/06/2025 11:17 AM","Tay, Bryan","8"
"1","BU60X6",,"06780","Southern Expressway",,"06780","Southern Expressway","06780","Southern Expressway",,,,,"3990","Co_80_35_75","Road networks","En_80_35_74","Roads",,,"4/06/2025 11:17 AM","Tay, Bryan","9"
"1","NJ21J2",,"NCRN001","Ashwin Parade",,"NCRN001","Ashwin Parade","NCRN001","Ashwin Parade",,,,,"No Linear Assets Req","Co_80_35_75","Road networks","En_80_35_74","Roads",,,"23/05/2025 10:34 AM","Tay, Bryan","10"
"1","UR53O5",,"65802","West Thebarton Road",,"65802","West Thebarton Road","65802","West Thebarton Road",,,,,"No Linear Assets Req","Co_80_35_75","Road networks","En_80_35_74","Roads",,,"13/08/2025 10:34 AM","John Marsden-T2D","11"
"1","UP56P0",,"NCRN003","Tonsley Boulevard",,"NCRN003","Tonsley Boulevard","NCRN003","Tonsley Boulevard",,,,,"No Linear Assets Req","Co_80_35_75","Road networks","En_80_35_74","Roads",,,"23/05/2025 10:34 AM","Tay, Bryan","12"
"1","PW65X7",,"NCRN004","Barwell Avenue",,"NCRN004","Barwell Avenue","NCRN004","Barwell Avenue",,,,,"No Linear Assets Req","Co_80_35_75","Road networks","En_80_35_74","Roads",,,"23/05/2025 10:34 AM","Tay, Bryan","13"
"1","YI62Q5",,"NCRN005","Everard Avenue",,"NCRN005","Everard Avenue","NCRN005","Everard Avenue",,,,,"No Linear Assets Req","Co_80_35_75","Road networks","En_80_35_74","Roads",,,"23/05/2025 10:34 AM","Tay, Bryan","14"
"1","FM59I7",,"06200","Richmond Road",,"06200","Richmond Road","06200","Richmond Road",,,,,"No Linear Assets Req","Co_80_35_75","Road networks","En_80_35_74","Roads",,,"23/05/2025 10:34 AM","Tay, Bryan","15"
"1","PQ73F0",,"62049","North South Motorway, NorthBound On-ramp from Richmond Road",,"62049","North South Motorway, NorthBound On-ramp from Richmond Road","62049","North South Motorway, NorthBound On-ramp from Richmond Road",,,,,"2260","Co_80_35_75","Road networks","En_80_35_01","Access roads",,,"23/05/2025 10:34 AM","Tay, Bryan","16"
"1","RG06I9",,"06212","Anzac Highway",,"06212","Anzac Highway","06212","Anzac Highway",,,,,"No Linear Assets Req","Co_80_35_75","Road networks","En_80_35_74","Roads",,,"23/05/2025 10:34 AM","Tay, Bryan","17"
"1","IL09U1",,"62047","North South Motorway, SouthBound On-ramp from James Congdon Drive",,"62047","North South Motorway, SouthBound On-ramp from James Congdon Drive","62047","North South Motorway, SouthBound On-ramp from James Congdon Drive",,,,,"2270","Co_80_35_75","Road networks","En_80_35_74","Roads",,,"23/05/2025 10:34 AM","Tay, Bryan","18"
"1","UI22V5",,"06206","James Congdon Drive",,"06206","James Congdon Drive","06206","James Congdon Drive",,,,,"No Linear Assets Req","Co_80_35_75","Road networks","En_80_35_01","Access roads",,,"23/05/2025 10:34 AM","Tay, Bryan","19"
"1","UQ58O3",,"62045","North South Motorway, SouthBound On-ramp from Sir Donald Bradman Drive",,"62045","North South Motorway, SouthBound On-ramp from Sir Donald Bradman Drive","62045","North South Motorway, SouthBound On-ramp from Sir Donald Bradman Drive",,,,,"2310","Co_80_35_75","Road networks","En_80_35_01","Access roads",,,"23/05/2025 10:34 AM","Tay, Bryan","20"
"1","WA79D0",,"62046","North South Motorway, SouthBound Off-ramp to Richmond Road",,"62046","North South Motorway, SouthBound Off-ramp to Richmond Road","62046","North South Motorway, SouthBound Off-ramp to Richmond Road",,,,,"2290","Co_80_35_75","Road networks","En_80_35_01","Access roads",,,"23/05/2025 10:34 AM","Tay, Bryan","21"
"1","VP38C3",,"62048","North South Motorway, NorthBound Off-ramp to James Congdon Drive",,"62048","North South Motorway, NorthBound Off-ramp to James Congdon Drive","62048","North South Motorway, NorthBound Off-ramp to James Congdon Drive",,,,,"2250","Co_80_35_75","Road networks","En_80_35_01","Access roads",,,"23/05/2025 10:34 AM","Tay, Bryan","22"
"1","ZL00P6",,"62050","North South Motorway, NorthBound Off-ramp to Richmond Road (Via Deacon Avenue)",,"62050","North South Motorway, NorthBound Off-ramp to Richmond Road (Via Deacon Avenue)","62050","North South Motorway, NorthBound Off-ramp to Richmond Road (Via Deacon Avenue)",,,,,"2280","Co_80_35_75","Road networks","En_80_35_01","Access roads",,,"23/05/2025 10:34 AM","Tay, Bryan","23"
"1","QB59X2",,"62051","North South Motorway, Southbound Off-ramp to Anzac Highway",,"62051","North South Motorway, Southbound Off-ramp to Anzac Highway","62051","North South Motorway, Southbound Off-ramp to Anzac Highway",,,,,"2200","Co_80_35_75","Road networks","En_80_35_01","Access roads",,,"23/05/2025 10:34 AM","Tay, Bryan","24"
"1","BA03L3",,"62052","North South Motorway, NorthBound On-ramp from Anzac Highway",,"62052","North South Motorway, NorthBound On-ramp from Anzac Highway","62052","North South Motorway, NorthBound On-ramp from Anzac Highway",,,,,"2240","Co_80_35_75","Road networks","En_80_35_01","Access roads",,,"23/05/2025 10:34 AM","Tay, Bryan","25"
"1","XB35L9",,"62053","North South Motorway, SouthBound Off-ramp to Cross Road (Via South Road)",,"62053","North South Motorway, SouthBound Off-ramp to Cross Road (Via South Road)","62053","North South Motorway, SouthBound Off-ramp to Cross Road (Via South Road)",,,,,"3440","Co_80_35_75","Road networks","En_80_35_01","Access roads",,,"23/05/2025 10:34 AM","Tay, Bryan","26"
"1","SP27K7",,"62054","North South Motorway, SouthBound On-ramp from Anzac Hwy",,"62054","North South Motorway, SouthBound On-ramp from Anzac Hwy","62054","North South Motorway, SouthBound On-ramp from Anzac Hwy",,,,,"3420","Co_80_35_75","Road networks","En_80_35_01","Access roads",,,"23/05/2025 10:34 AM","Tay, Bryan","27"
"1","OW92D3",,"62055","North South Motorway, NorthBound On-ramp from Cross Road",,"62055","North South Motorway, NorthBound On-ramp from Cross Road","62055","North South Motorway, NorthBound On-ramp from Cross Road",,,,,"3430","Co_80_35_75","Road networks","En_80_35_01","Access roads",,,"23/05/2025 10:34 AM","Tay, Bryan","28"
"1","WI34H3",,"62056","North South Motorway, NorthBound Off-ramp to Anzac Hwy",,"62056","North South Motorway, NorthBound Off-ramp to Anzac Hwy","62056","North South Motorway, NorthBound Off-ramp to Anzac Hwy",,,,,"3410","Co_80_35_75","Road networks","En_80_35_01","Access roads",,,"23/05/2025 10:34 AM","Tay, Bryan","29"
"1","AO18U3",,"NCRN006","Brookman Avenue",,"NCRN006","Brookman Avenue","NCRN006","Brookman Avenue",,,,,"No Linear Assets Req","Co_80_35_75","Road networks","En_80_35_01","Access roads",,,"23/05/2025 10:34 AM","Tay, Bryan","30"
"1","SO08G5",,"06586","Sir Donald Bradman Drive",,"06586","Sir Donald Bradman Drive","06586","Sir Donald Bradman Drive",,,,,"No Linear Assets Req","Co_80_35_75","Road networks","En_80_35_74","Roads",,,"23/05/2025 10:34 AM","Tay, Bryan","31"
"1","ZW52G5",,"NCRN007","Manchester Street",,"NCRN007","Manchester Street","NCRN007","Manchester Street",,,,,"No Linear Assets Req","Co_80_35_75","Road networks","En_80_35_74","Roads",,,"23/05/2025 10:34 AM","Tay, Bryan","32"
"1","IZ61A2",,"NCRN008","Celtic Avenue",,"NCRN008","Celtic Avenue","NCRN008","Celtic Avenue",,,,,"No Linear Assets Req","Co_80_35_75","Road networks","En_80_35_74","Roads",,,"23/05/2025 10:34 AM","Tay, Bryan","33"
"1","XM14R4",,"05857","Adam Street",,"05857","Adam Street","5857","Adam Street",,,,,"No Linear Assets Req","Co_80_35_75","Road networks","En_80_35_74","Roads",,,"27/02/2026 9:24 AM","John Marsden-T2D","34"
"1","JN50R9",,"NCRN010","Walsh Ave",,"NCRN010","Walsh Ave","NCRN010","Walsh Ave",,,,,"No Linear Assets Req","Co_80_35_75","Road networks","En_80_35_74","Roads","SL_80_35_74","Road sections","26/06/2026 2:08 PM","Muhammad Abid-T2D","35"
"1","IX98D8",,"NCRN011","Ware Street",,"NCRN011","Ware Street","NCRN011","Ware Street",,,,,"No Linear Assets Req","Co_80_35_75","Road networks","En_80_35_74","Roads",,,"23/05/2025 10:34 AM","Tay, Bryan","36"
"1","AQ86C9",,"NCRN012","Orsmond Street",,"NCRN012","Orsmond Street","NCRN012","Orsmond Street",,,,,"No Linear Assets Req","Co_80_35_75","Road networks","En_80_35_74","Roads",,,"23/05/2025 10:34 AM","Tay, Bryan","37"
"1","EP99S2",,"NCRN013","Deacon Avenue",,"NCRN013","Deacon Avenue","NCRN013","Deacon Avenue",,,,,"No Linear Assets Req","Co_80_35_75","Road networks","En_80_35_74","Roads",,,"23/05/2025 10:34 AM","Tay, Bryan","38"
"2","NR76V1","ES77F7","L491","SouthBound On-ramp from Manton Street (MC5B)","62037","62037-L491","South Road,  SouthBound On-ramp from Manton Street;SouthBound On-ramp from Manton Street (MC5B)","62037","South Road,  SouthBound On-ramp from Manton Street","L491","SouthBound On-ramp from Manton Street (MC5B)",,,"2491","Co_80_35_75","Road networks","En_80_35_01","Access roads","SL_80_35_80","Slip road carriageways","29/05/2025 10:58 AM","Tay, Bryan","40"
"2","AF19Y9","GU79C8","L481","NorthBound Off-ramp to Grange Road (MC5A)","62038","62038-L481","North South Motorway, NorthBound Off-ramp to Grange Road;NorthBound Off-ramp to Grange Road (MC5A)","62038","North South Motorway, NorthBound Off-ramp to Grange Road","L481","NorthBound Off-ramp to Grange Road (MC5A)",,,"2481","Co_80_35_75","Road networks","En_80_35_01","Access roads","SL_80_35_80","Slip road carriageways","29/05/2025 10:58 AM","Tay, Bryan","41"
"2","XH34Z4","OW92D3","L431","NorthBound On-ramp from Cross Road, North of BR20 (MC2C)","62055","62055-L431","North South Motorway, NorthBound On-ramp from Cross Road;NorthBound On-ramp from Cross Road, North of BR20 (MC2C)","62055","North South Motorway, NorthBound On-ramp from Cross Road","L431","NorthBound On-ramp from Cross Road, North of BR20 (MC2C)",,,"3431","Co_80_35_75","Road networks","En_80_35_01","Access roads","SL_80_35_80","Slip road carriageways","29/05/2025 10:58 AM","Tay, Bryan","42"
"2B","DI30D0","OW92D3","N343","Elevated Southbound Off-Ramp of Anzac Highway (BR20)","62055","62055-N343","North South Motorway, NorthBound On-ramp from Cross Road;Elevated Southbound Off-Ramp of Anzac Highway (BR20)","62055","North South Motorway, NorthBound On-ramp from Cross Road","N343","Elevated Southbound Off-Ramp of Anzac Highway (BR20)",,,"343","Co_80_35_75","Road networks","En_80_94_30","Fixed bridges",,,"3/10/2025 4:09 PM","Tay, Bryan","43"
"2","AX35R6","OW92D3","L434","NorthBound On-ramp from Cross Road, South of BR20 (MC2C)","62055","62055-L434","North South Motorway, NorthBound On-ramp from Cross Road;NorthBound On-ramp from Cross Road, South of BR20 (MC2C)","62055","North South Motorway, NorthBound On-ramp from Cross Road","L434","NorthBound On-ramp from Cross Road, South of BR20 (MC2C)",,,"3434","Co_80_35_75","Road networks","En_80_35_01","Access roads","SL_80_35_80","Slip road carriageways","9/07/2025 2:22 PM","Tay, Bryan","44"
"2","ZV65L2","BA03L3","L201","NorthBound On-ramp from Anzac Highway  (MC2E)","62052","62052-L201","North South Motorway, NorthBound On-ramp from Anzac Highway;NorthBound On-ramp from Anzac Highway  (MC2E)","62052","North South Motorway, NorthBound On-ramp from Anzac Highway","L201","NorthBound On-ramp from Anzac Highway  (MC2E)",,,"2201","Co_80_35_75","Road networks","En_80_35_01","Access roads","SL_80_35_80","Slip road carriageways","29/05/2025 10:58 AM","Tay, Bryan","45"
"2","RY19N0","QB59X2","L241","Southbound Off-ramp to Anzac Highway (MC3A)","62051","62051-L241","North South Motorway, Southbound Off-ramp to Anzac Highway;Southbound Off-ramp to Anzac Highway (MC3A)","62051","North South Motorway, Southbound Off-ramp to Anzac Highway","L241","Southbound Off-ramp to Anzac Highway (MC3A)",,,"2241","Co_80_35_75","Road networks","En_80_35_01","Access roads","SL_80_35_80","Slip road carriageways","29/05/2025 10:58 AM","Tay, Bryan","46"
"2","VB17Y5","WI34H3","L411","NorthBound Off-ramp to Anzac Hwy (MC2A)","62056","62056-L411","North South Motorway, NorthBound Off-ramp to Anzac Hwy;NorthBound Off-ramp to Anzac Hwy (MC2A)","62056","North South Motorway, NorthBound Off-ramp to Anzac Hwy","L411","NorthBound Off-ramp to Anzac Hwy (MC2A)",,,"3411","Co_80_35_75","Road networks","En_80_35_01","Access roads","SL_80_35_80","Slip road carriageways","29/05/2025 10:58 AM","Tay, Bryan","47"
"2","WH85T8","XB35L9","L441","SouthBound Off-ramp to Cross Road (Via South Road), North of BR19 (MC2D)","62053","62053-L441","North South Motorway, SouthBound Off-ramp to Cross Road (Via South Road);SouthBound Off-ramp to Cross Road (Via South Road), North of BR19 (MC2D)","62053","North South Motorway, SouthBound Off-ramp to Cross Road (Via South Road)","L441","SouthBound Off-ramp to Cross Road (Via South Road), North of BR19 (MC2D)",,,"3441","Co_80_35_75","Road networks","En_80_35_01","Access roads","SL_80_35_80","Slip road carriageways","29/05/2025 10:58 AM","Tay, Bryan","48"
"2B","TX10U6","XB35L9","N344","Elevated Northbound Off-Ramp South of Anzac Highway (BR19)","62053","62053-N344","North South Motorway, SouthBound Off-ramp to Cross Road (Via South Road);Elevated Northbound Off-Ramp South of Anzac Highway (BR19)","62053","North South Motorway, SouthBound Off-ramp to Cross Road (Via South Road)","N344","Elevated Northbound Off-Ramp South of Anzac Highway (BR19)",,,"344","Co_80_35_75","Road networks","En_80_94_30","Fixed bridges",,,"23/05/2025 10:35 AM","Tay, Bryan","49"
"2","IM67M7","XB35L9","L444","SouthBound Off-ramp to Cross Road (Via South Road), South of BR19 (MC2D)","62053","62053-L444","North South Motorway, SouthBound Off-ramp to Cross Road (Via South Road);SouthBound Off-ramp to Cross Road (Via South Road), South of BR19 (MC2D)","62053","North South Motorway, SouthBound Off-ramp to Cross Road (Via South Road)","L444","SouthBound Off-ramp to Cross Road (Via South Road), South of BR19 (MC2D)",,,"3444","Co_80_35_75","Road networks","En_80_35_01","Access roads","SL_80_35_80","Slip road carriageways","9/07/2025 2:23 PM","Tay, Bryan","50"
"2","OC72V1","VP38C3","L254","NorthBound Off-ramp from James Congdon Drive, South of BR14 (MC3B)","62048","62048-L254","North South Motorway, NorthBound Off-ramp to James Congdon Drive;NorthBound Off-ramp from James Congdon Drive, South of BR14 (MC3B)","62048","North South Motorway, NorthBound Off-ramp to James Congdon Drive","L254","NorthBound Off-ramp from James Congdon Drive, South of BR14 (MC3B)",,,"2254","Co_80_35_75","Road networks","En_80_35_01","Access roads","SL_80_35_80","Slip road carriageways","9/07/2025 2:24 PM","Tay, Bryan","51"
"2B","XA80D1","VP38C3","N225","Off-ramp Underpass below James Congdon Drive (BR14)","62048","62048-N225","North South Motorway, NorthBound Off-ramp to James Congdon Drive;Off-ramp Underpass below James Congdon Drive (BR14)","62048","North South Motorway, NorthBound Off-ramp to James Congdon Drive","N225","Off-ramp Underpass below James Congdon Drive (BR14)",,,"225","Co_80_35_75","Road networks","En_80_94_30","Fixed bridges",,,"23/05/2025 10:35 AM","Tay, Bryan","52"
"2","BO27T0","ZL00P6","L282","NorthBound Off-ramp to Richmond Road (Loop to Deacon) until BR13 (MC3E)","62050","62050-L282","North South Motorway, NorthBound Off-ramp to Richmond Road (Via Deacon Avenue);NorthBound Off-ramp to Richmond Road (Loop to Deacon) until BR13 (MC3E)","62050","North South Motorway, NorthBound Off-ramp to Richmond Road (Via Deacon Avenue)","L282","NorthBound Off-ramp to Richmond Road (Loop to Deacon) until BR13 (MC3E)",,,"2282","Co_80_35_75","Road networks","En_80_35_01","Access roads","SL_80_35_80","Slip road carriageways","17/11/2025 3:02 PM","John Marsden-T2D","54"
"2","XJ68U0","WA79D0","L291","SouthBound Off-ramp to Richmond Road (MC3F)","62046","62046-L291","North South Motorway, SouthBound Off-ramp to Richmond Road;SouthBound Off-ramp to Richmond Road (MC3F)","62046","North South Motorway, SouthBound Off-ramp to Richmond Road","L291","SouthBound Off-ramp to Richmond Road (MC3F)",,,"2291","Co_80_35_75","Road networks","En_80_35_01","Access roads","SL_80_35_80","Slip road carriageways","29/05/2025 10:58 AM","Tay, Bryan","55"
"2","ZO27W6","UQ58O3","L311","SouthBound On-ramp from Sir Donald Bradman Drive (MC3H)","62045","62045-L311","North South Motorway, SouthBound On-ramp from Sir Donald Bradman Drive;SouthBound On-ramp from Sir Donald Bradman Drive (MC3H)","62045","North South Motorway, SouthBound On-ramp from Sir Donald Bradman Drive","L311","SouthBound On-ramp from Sir Donald Bradman Drive (MC3H)",,,"2311","Co_80_35_75","Road networks","En_80_35_01","Access roads","SL_80_35_80","Slip road carriageways","29/05/2025 10:58 AM","Tay, Bryan","56"
"2","FB81L0","IL09U1","L271","SouthBound On-ramp from James Congdon Drive East of BR12 (MC3D)","62047","62047-L271","North South Motorway, SouthBound On-ramp from James Congdon Drive;SouthBound On-ramp from James Congdon Drive East of BR12 (MC3D)","62047","North South Motorway, SouthBound On-ramp from James Congdon Drive","L271","SouthBound On-ramp from James Congdon Drive East of BR12 (MC3D)",,,"2271","Co_80_35_75","Road networks","En_80_35_01","Access roads","SL_80_35_80","Slip road carriageways","29/05/2025 10:58 AM","Tay, Bryan","57"
"2B","SJ22F3","IL09U1","N227","Southbound from James Congdon Drive Flyover Ramp (BR12)","62047","62047-N227","North South Motorway, SouthBound On-ramp from James Congdon Drive;Southbound from James Congdon Drive Flyover Ramp (BR12)","62047","North South Motorway, SouthBound On-ramp from James Congdon Drive","N227","Southbound from James Congdon Drive Flyover Ramp (BR12)",,,"227","Co_80_35_75","Road networks","En_80_94_30","Fixed bridges",,,"23/05/2025 10:35 AM","Tay, Bryan","58"
"2","NK82I2","IL09U1","L274","SouthBound On-ramp from James Congdon Drive West of BR12 (MC3D)","62047","62047-L274","North South Motorway, SouthBound On-ramp from James Congdon Drive;SouthBound On-ramp from James Congdon Drive West of BR12 (MC3D)","62047","North South Motorway, SouthBound On-ramp from James Congdon Drive","L274","SouthBound On-ramp from James Congdon Drive West of BR12 (MC3D)",,,"2274","Co_80_35_75","Road networks","En_80_35_01","Access roads","SL_80_35_80","Slip road carriageways","9/07/2025 2:25 PM","Tay, Bryan","59"
"2","UK04F2","SP27K7","L421","SouthBound On-ramp from Anzac Hwy (MC2B)","62054","62054-L421","North South Motorway, SouthBound On-ramp from Anzac Hwy;SouthBound On-ramp from Anzac Hwy (MC2B)","62054","North South Motorway, SouthBound On-ramp from Anzac Hwy","L421","SouthBound On-ramp from Anzac Hwy (MC2B)",,,"3421","Co_80_35_75","Road networks","En_80_35_01","Access roads","SL_80_35_80","Slip road carriageways","29/05/2025 10:58 AM","Tay, Bryan","60"
"2","UC17E8","PQ73F0","L261","NorthBound On-ramp from Richmond Road (MC3C)","62049","62049-L261","North South Motorway, NorthBound On-ramp from Richmond Road;NorthBound On-ramp from Richmond Road (MC3C)","62049","North South Motorway, NorthBound On-ramp from Richmond Road",,"NorthBound On-ramp from Richmond Road (MC3C)",,,"2261","Co_80_35_75","Road networks","En_80_35_01","Access roads","SL_80_35_80","Slip road carriageways","4/08/2025 12:10 PM","John Marsden-T2D","61"
"2","LK88B1","QQ46K9","N400","Port Rd Intersection","62035","62035-N400","South Road ;Port Rd Intersection","62035","South Road ","N400","Port Rd Intersection",,,"2400","Co_80_35_75","Road networks","En_80_35_74","Roads","SL_80_35_42","Intersections","23/05/2025 10:35 AM","Tay, Bryan","62"
"2","TB67K0","QQ46K9","L431","Between Port Rd & Manton Street  (MC51/MC52)","62035","62035-L431","South Road ;Between Port Rd & Manton Street  (MC51/MC52)","62035","South Road ","L431","Between Port Rd & Manton Street  (MC51/MC52)",,,"2431","Co_80_35_75","Road networks","En_80_35_74","Roads","SL_80_35_74","Road sections","23/05/2025 10:35 AM","Tay, Bryan","63"
"2","AI01E4","QQ46K9","N401","Manton St Intersection","62035","62035-N401","South Road ;Manton St Intersection","62035","South Road ","N401","Manton St Intersection",,,"2401","Co_80_35_75","Road networks","En_80_35_74","Roads","SL_80_35_42","Intersections","23/05/2025 10:35 AM","Tay, Bryan","64"
"2","RS80D5","MM06K2","L432","North of River Torrens, Karrawirra Parri  (MC51/MC52)","62043","62043-L432","South Road;North of River Torrens, Karrawirra Parri  (MC51/MC52)","62043","South Road","L432","North of River Torrens, Karrawirra Parri  (MC51/MC52)",,,"2432","Co_80_35_75","Road networks","En_80_35_74","Roads","SL_80_35_74","Road sections","23/05/2025 10:35 AM","Tay, Bryan","65"
"2B","MB98E5","MM06K2","N433","Taylors Bridge SouthBound (over River Torrens, Karrawirra Parri and Hindmarsh Cemetry) on South Road (BR03)","62043","62043-N433","South Road;Taylors Bridge SouthBound (over River Torrens, Karrawirra Parri and Hindmarsh Cemetry) on South Road (BR03)","62043","South Road","N433","Taylors Bridge SouthBound (over River Torrens, Karrawirra Parri and Hindmarsh Cemetry) on South Road (BR03)",,,"243","Co_80_35_75","Road networks","En_80_94_30","Fixed bridges",,,"23/05/2025 10:35 AM","Tay, Bryan","66"
"2B","TV04K6","MM06K2","N434","Taylors Bridge NorthBound (over River Torrens, Karrawirra Parri) on South Road (BR01)","62043","62043-N434","South Road;Taylors Bridge NorthBound (over River Torrens, Karrawirra Parri) on South Road (BR01)","62043","South Road","N434","Taylors Bridge NorthBound (over River Torrens, Karrawirra Parri) on South Road (BR01)",,,"243","Co_80_35_75","Road networks","En_80_94_30","Fixed bridges",,,"23/05/2025 10:35 AM","Tay, Bryan","67"
"2","LF08Z2","MM06K2","L437","Between River Torrens & West Thebarton Road  (MC51/MC52)","62043","62043-L437","South Road;Between River Torrens & West Thebarton Road  (MC51/MC52)","62043","South Road","L437","Between River Torrens & West Thebarton Road  (MC51/MC52)",,,"2437","Co_80_35_75","Road networks","En_80_35_74","Roads","SL_80_35_74","Road sections","9/07/2025 2:25 PM","Tay, Bryan","68"
"2","LF36V5","MM06K2","N403","West Thebarton Road & Ashwin Parade Intersection","62043","62043-N403","South Road;West Thebarton Road & Ashwin Parade Intersection","62043","South Road","N403","West Thebarton Road & Ashwin Parade Intersection",,,"2403","Co_80_35_75","Road networks","En_80_35_74","Roads","SL_80_35_42","Intersections","23/05/2025 10:35 AM","Tay, Bryan","69"
"2","VT14O6","MM06K2","L438","Between Ashwin Parade & Henley Beach Road (MC51/MC52)","62043","62043-L438","South Road;Between Ashwin Parade & Henley Beach Road (MC51/MC52)","62043","South Road","L438","Between Ashwin Parade & Henley Beach Road (MC51/MC52)",,,"2438","Co_80_35_75","Road networks","En_80_35_74","Roads","SL_80_35_74","Road sections","9/07/2025 2:26 PM","Tay, Bryan","70"
"2","NY41X4","MM06K2","N404","Henley Beach Road Intersection","62043","62043-N404","South Road;Henley Beach Road Intersection","62043","South Road","N404","Henley Beach Road Intersection",,,"2404","Co_80_35_75","Road networks","En_80_35_74","Roads","SL_80_35_42","Intersections","23/05/2025 10:35 AM","Tay, Bryan","71"
"2","EZ06A6","MM06K2","L439","Between Henley Beach Road &  Sir Donald Bradman Drive (MC51/MC52)","62043","62043-L439","South Road;Between Henley Beach Road &  Sir Donald Bradman Drive (MC51/MC52)","62043","South Road","L439","Between Henley Beach Road &  Sir Donald Bradman Drive (MC51/MC52)",,,"2439","Co_80_35_75","Road networks","En_80_35_74","Roads","SL_80_35_74","Road sections","9/07/2025 2:26 PM","Tay, Bryan","72"
"2","MM33H6","MM06K2","N405","Sir Donald Bradman Drive Intersection","62043","62043-N405","South Road;Sir Donald Bradman Drive Intersection","62043","South Road","N405","Sir Donald Bradman Drive Intersection",,,"2405","Co_80_35_75","Road networks","En_80_35_74","Roads","SL_80_35_42","Intersections","23/05/2025 10:35 AM","Tay, Bryan","73"
"2C","GV32O2","MM06K2","N269","Keswick Creek Culvert (BR)","62043","62043-N269","South Road;Keswick Creek Culvert (BR)","62043","South Road","N269","Keswick Creek Culvert (BR)",,,"269","Co_50_35_85","Surface water collection networks","En_32_95_16","Complex culverts",,,"23/05/2025 10:35 AM","Tay, Bryan","74"
"2","JE53E2","MM06K2","L411","Between Sir Donald Bradman Drive & Richmond Rd  (MC44/MC48)","62043","62043-L411","South Road;Between Sir Donald Bradman Drive & Richmond Rd  (MC44/MC48)","62043","South Road","L411","Between Sir Donald Bradman Drive & Richmond Rd  (MC44/MC48)",,,"2410-2411","Co_80_35_75","Road networks","En_80_35_74","Roads","SL_80_35_74","Road sections","2/04/2026 2:52 PM","John Marsden-T2D","75"
"2B","NH66C7","MM06K2","N270","Active Transport Crossing (ATC) Bridge at James Congdon Drive (BR15)","62043","62043-N270","South Road;Active Transport Crossing (ATC) Bridge at James Congdon Drive (BR15)","62043","South Road","N270","Active Transport Crossing (ATC) Bridge at James Congdon Drive (BR15)",,,"270","Co_80","Transport complexes","En_80_94_30","Fixed bridges",,,"23/05/2025 10:35 AM","Tay, Bryan","76"
"2B","WJ80T8","ZL00P6","N228","Off-ramp underpass to Richmond Road (BR13)","62050","62050-N228","North South Motorway, NorthBound Off-ramp to Richmond Road (Via Deacon Avenue);Off-ramp underpass to Richmond Road (BR13)","62050","North South Motorway, NorthBound Off-ramp to Richmond Road (Via Deacon Avenue)","N228","Off-ramp underpass to Richmond Road (BR13)",,,"228","Co_80_35_75","Road networks","En_80_94_30","Fixed bridges",,,"17/11/2025 3:02 PM","John Marsden-T2D","77"
"2","SF01Y3","ZL00P6","L281","Between Off-ramp underpass to Richmond Road (BR13) & Richmond Rd  (MC3E)","62050","62050-L281","North South Motorway, NorthBound Off-ramp to Richmond Road (Via Deacon Avenue);Between Off-ramp underpass to Richmond Road (BR13) & Richmond Rd  (MC3E)","62050","North South Motorway, NorthBound Off-ramp to Richmond Road (Via Deacon Avenue)","L281","Between Off-ramp underpass to Richmond Road (BR13) & Richmond Rd  (MC3E)",,,"2281","Co_80_35_75","Road networks","En_80_35_01","Access roads","SL_80_35_80","Slip road carriageways","17/11/2025 3:02 PM","John Marsden-T2D","78"
"2","XC18J8","MM06K2","N406","Richmond Road Intersection","62043","62043-N406","South Road;Richmond Road Intersection","62043","South Road","N406","Richmond Road Intersection",,,"2406","Co_80_35_75","Road networks","En_80_35_74","Roads","SL_80_35_42","Intersections","23/05/2025 10:35 AM","Tay, Bryan","79"
"2","LD20R2","MM06K2","L244","Between Richmond Rd & Everard Ave (MC43/MC47)","62043","62043-L244","South Road;Between Richmond Rd & Everard Ave (MC43/MC47)","62043","South Road","L244","Between Richmond Rd & Everard Ave (MC43/MC47)",,,"2440","Co_80_35_75","Road networks","En_80_35_74","Roads","SL_80_35_74","Road sections","23/05/2025 10:35 AM","Tay, Bryan","80"
"2B","KM21Q1","MM06K2","N271","Active Transport Crossing (ATC) Bridge at Richmond Primary School (BR16)","62043","62043-N271","South Road;Active Transport Crossing (ATC) Bridge at Richmond Primary School (BR16)","62043","South Road","N271","Active Transport Crossing (ATC) Bridge at Richmond Primary School (BR16)",,,"271","Co_80","Transport complexes","En_80_94_30","Fixed bridges",,,"23/05/2025 10:35 AM","Tay, Bryan","81"
"2","BA95Z7","MM06K2","N407","Barwell Avenue & Everard Avenue Intersection","62043","62043-N407","South Road;Barwell Avenue & Everard Avenue Intersection","62043","South Road","N407","Barwell Avenue & Everard Avenue Intersection",,,"2407","Co_80_35_75","Road networks","En_80_35_74","Roads","SL_80_35_42","Intersections","23/05/2025 10:35 AM","Tay, Bryan","82"
"2","HU61U9","MM06K2","L242","Between Everard Avenue & Anzac Hwy (MC42/MC46)","62043","62043-L242","South Road;Between Everard Avenue & Anzac Hwy (MC42/MC46)","62043","South Road","L242","Between Everard Avenue & Anzac Hwy (MC42/MC46)",,,"2420-2421","Co_80_35_75","Road networks","En_80_35_74","Roads","SL_80_35_74","Road sections","10/04/2026 11:26 AM","John Marsden-T2D","83"
"2B","WN52T3","MM06K2","N272","Active Transport Crossing (ATC) Bridge at Tennyson Centre Day Hospital and Herbert Road (BR17)","62043","62043-N272","South Road;Active Transport Crossing (ATC) Bridge at Tennyson Centre Day Hospital and Herbert Road (BR17)","62043","South Road","N272","Active Transport Crossing (ATC) Bridge at Tennyson Centre Day Hospital and Herbert Road (BR17)",,,"272","Co_80","Transport complexes","En_80_94_30","Fixed bridges",,,"23/05/2025 10:35 AM","Tay, Bryan","84"
"2C","PN45D7","MM06K2","N273","Brown Hill Creek Culvert (BR18)","62043","62043-N273","South Road;Brown Hill Creek Culvert (BR18)","62043","South Road","N273","Brown Hill Creek Culvert (BR18)",,,"273","Co_50_35_85","Surface water collection networks","En_32_95_16","Complex culverts",,,"23/05/2025 10:35 AM","Tay, Bryan","85"
"2","LU36E1","MM06K2","N408","Anzac Highway and South Road Instersection","62043","62043-N408","South Road;Anzac Highway and South Road Instersection","62043","South Road","N408","Anzac Highway and South Road Instersection",,,"2408","Co_80_35_75","Road networks","En_80_35_74","Roads","SL_80_35_42","Intersections","23/05/2025 10:35 AM","Tay, Bryan","86"
"2","KN32U7","MM06K2","L471","Between Anzac Highway & Cross Road (MC41/MC45)","62043","62043-L471","South Road;Between Anzac Highway & Cross Road (MC41/MC45)","62043","South Road","L471","Between Anzac Highway & Cross Road (MC41/MC45)",,,"3470-3471","Co_80_35_75","Road networks","En_80_35_74","Roads","SL_80_35_74","Road sections","10/04/2026 11:27 AM","John Marsden-T2D","87"
"2B","MG57R7","MM06K2","N370","Active Transport Crossing (ATC) Bridge at Black Forest Primary School (BR21)","62043","62043-N370","South Road;Active Transport Crossing (ATC) Bridge at Black Forest Primary School (BR21)","62043","South Road","N370","Active Transport Crossing (ATC) Bridge at Black Forest Primary School (BR21)",,,"370","Co_80","Transport complexes","En_80_94_30","Fixed bridges",,,"23/05/2025 10:35 AM","Tay, Bryan","88"
"2","GG74J5","MM06K2","N340","Cross Road Intersection","62043","62043-N340","South Road;Cross Road Intersection","62043","South Road","N340","Cross Road Intersection",,,"3400","Co_80_35_75","Road networks","En_80_35_74","Roads","SL_80_35_42","Intersections","23/05/2025 10:35 AM","Tay, Bryan","89"
"2","EU09Z0","MM06K2","L472","Between Cross Road & Edward Street (MC41/MC45)","62043","62043-L472","South Road;Between Cross Road & Edward Street (MC41/MC45)","62043","South Road","L472","Between Cross Road & Edward Street (MC41/MC45)",,,"3472","Co_80_35_75","Road networks","En_80_35_74","Roads","SL_80_35_74","Road sections","23/05/2025 10:35 AM","Tay, Bryan","90"
"2","ES71T7","MM06K2","N341","Edward Street Intersection","62043","62043-N341","South Road;Edward Street Intersection","62043","South Road","N341","Edward Street Intersection",,,"3401","Co_80_35_75","Road networks","En_80_35_74","Roads","SL_80_35_42","Intersections","23/05/2025 10:35 AM","Tay, Bryan","91"
"2","RE83E5","MM06K2","L473","Between Edward Street & Price Street (MC41/MC45)","62043","62043-L473","South Road;Between Edward Street & Price Street (MC41/MC45)","62043","South Road","L473","Between Edward Street & Price Street (MC41/MC45)",,,"3473","Co_80_35_75","Road networks","En_80_35_74","Roads","SL_80_35_74","Road sections","23/05/2025 10:35 AM","Tay, Bryan","92"
"2","ON14W0","MM06K2","N402","Price Street Intersection","62043","62043-N402","South Road;Price Street Intersection","62043","South Road","N402","Price Street Intersection",,,"3402","Co_80_35_75","Road networks","En_80_35_74","Roads","SL_80_35_42","Intersections","23/05/2025 10:35 AM","Tay, Bryan","93"
"2","WR40F9","MM06K2","L474","Between Price Street & Daws Street (MC41/MC45)","62043","62043-L474","South Road;Between Price Street & Daws Street (MC41/MC45)","62043","South Road","L474","Between Price Street & Daws Street (MC41/MC45)",,,"3474","Co_80_35_75","Road networks","En_80_35_74","Roads","SL_80_35_74","Road sections","23/05/2025 10:35 AM","Tay, Bryan","94"
"2","CI83U9","MM06K2","N342","Daws Street Intersection","62043","62043-N342","South Road;Daws Street Intersection","62043","South Road","N342","Daws Street Intersection",,,"3403","Co_80_35_75","Road networks","En_80_35_74","Roads","SL_80_35_42","Intersections","23/05/2025 10:35 AM","Tay, Bryan","95"
"2","ZA09K2","MM06K2","L348","Between Daws Street & Celtic Avenue (MC11, MC12)","62043","62043-L348","South Road;Between Daws Street & Celtic Avenue (MC11, MC12)","62043","South Road","L348","Between Daws Street & Celtic Avenue (MC11, MC12)",,,"3480","Co_80_35_75","Road networks","En_80_35_74","Roads","SL_80_35_74","Road sections","25/08/2025 2:20 PM","Tay, Bryan","96"
"2B","ZZ94K3","MM06K2","N371","Active Transport Crossing (ATC) Bridge at St Bernadettes Primary School (BR22)","62043","62043-N371","South Road;Active Transport Crossing (ATC) Bridge at St Bernadettes Primary School (BR22)","62043","South Road","N371","Active Transport Crossing (ATC) Bridge at St Bernadettes Primary School (BR22)",,,"371","Co_80","Transport complexes","En_80_94_30","Fixed bridges",,,"23/05/2025 10:35 AM","Tay, Bryan","97"
"2B","RM10N6","EM88F2","N296","Taylors Bridge (over River Torrens, Karrawirra Parri) on North South Motorway (BR02)","06203","06203-N296","North South Motorway;Taylors Bridge (over River Torrens, Karrawirra Parri) on North South Motorway (BR02)","06203","North South Motorway","N296","Taylors Bridge (over River Torrens, Karrawirra Parri) on North South Motorway (BR02)",,,"2962","Co_80_35_75","Road networks","En_80_94_30","Fixed bridges",,,"27/04/2026 10:48 AM","John Marsden-T2D","100"
"2P","WP98A4","EM88F2","N280","Northern Tunnel, Northern Portal (NTNP)","06203","06203-N280","North South Motorway;Northern Tunnel, Northern Portal (NTNP)","06203","North South Motorway","N280","Northern Tunnel, Northern Portal (NTNP)",,,"280","Co_80_35_75","Road networks","En_80_96_91","Tunnel portals","SL_80_96","Tunnel and shaft spaces","25/06/2026 11:19 AM","Muhammad Abid-T2D","101"
"2","YK24R2","EM88F2","L960","North of River Torrens, Karrawirra Parri (MC01/MC02)","06203","06203-L960","North South Motorway;North of River Torrens, Karrawirra Parri (MC01/MC02)","06203","North South Motorway","L960","North of River Torrens, Karrawirra Parri (MC01/MC02)",,,"296","Co_80_35_75","Road networks","En_80_35_56","Motorways","SL_80_35","Road sections","24/10/2025 4:21 PM","John Marsden-T2D","102"
"2","JB97T5","EM88F2","L963","Between River Torrens & Northern Tunnel, Northern Portal (NTNP) (MC01/MC02)","06203","06203-L963","North South Motorway;Between River Torrens & Northern Tunnel, Northern Portal (NTNP) (MC01/MC02)","06203","North South Motorway","L963","Between River Torrens & Northern Tunnel, Northern Portal (NTNP) (MC01/MC02)",,,"296","Co_80_35_75","Road networks","En_80_35_56","Motorways","SL_80_35","Road sections","24/10/2025 4:21 PM","John Marsden-T2D","103"
"2T","LH67M9","EM88F2","L002","Northern Tunnels","06203","06203-L002","North South Motorway;Northern Tunnels","06203","North South Motorway","L002","Northern Tunnels",,,"2","Co_80_35_75","Road networks","En_80_96_90","Tunnels","SL_80_96",,"27/03/2026 11:48 AM","Bird, Cheyne","104"
"2P","FV60H7","EM88F2","N281","Northern Tunnel, Southern Portal (NTSP)","06203","06203-N281","North South Motorway;Northern Tunnel, Southern Portal (NTSP)","06203","North South Motorway","N281","Northern Tunnel, Southern Portal (NTSP)",,,"281","Co_80_35_75","Road networks","En_80_96_91","Tunnel portals","SL_80_96",,"27/03/2026 11:48 AM","Bird, Cheyne","105"
"2","TZ24F0","EM88F2","L966","Open Motorway, Between Northern Tunnel, Southern Portal (NTSP) & Southern Tunnel, Northern Portal (STNP) (MC01/MC02)","06203","06203-L966","North South Motorway;Open Motorway, Between Northern Tunnel, Southern Portal (NTSP) & Southern Tunnel, Northern Portal (STNP) (MC01/MC02)","06203","North South Motorway","L966","Open Motorway, Between Northern Tunnel, Southern Portal (NTSP) & Southern Tunnel, Northern Portal (STNP) (MC01/MC02)",,,"296","Co_80_35_75","Road networks","En_80_35_56","Motorways","SL_80_35","Road sections","24/10/2025 4:21 PM","John Marsden-T2D","106"
"2B","ZA82L6","EM88F2","N273","Keswick Creek Aqueduct (BR09)","06203","06203-N273","North South Motorway;Keswick Creek Aqueduct (BR09)","06203","North South Motorway","N273","Keswick Creek Aqueduct (BR09)",,,"273","Co_50_35_85","Surface water collection networks","En_80_94_30","Fixed bridges",,,"27/03/2026 11:49 AM","Bird, Cheyne","107"
"2B","GP02U7","EM88F2","N274","Floodway Bridge at James Congdon Drive Bridge (over North South Motorway) (BR05)","06203","06203-N274","North South Motorway;Floodway Bridge at James Congdon Drive Bridge (over North South Motorway) (BR05)","06203","North South Motorway","N274","Floodway Bridge at James Congdon Drive Bridge (over North South Motorway) (BR05)",,,"274","Co_50_35_85","Surface water collection networks","En_80_94_30","Fixed bridges",,,"27/03/2026 11:49 AM","Bird, Cheyne","108"
"2P","FI17B3","EM88F2","N380","Southern Tunnel, Northern Portal (STNP)","06203","06203-N380","North South Motorway;Southern Tunnel, Northern Portal (STNP)","06203","North South Motorway","N380","Southern Tunnel, Northern Portal (STNP)",,,"380","Co_80_35_75","Road networks","En_80_96_91","Tunnel portals","SL_80_96",,"27/03/2026 11:49 AM","Bird, Cheyne","109"
"2T","EK14W1","EM88F2","L003","Southern Tunnels","06203","06203-L003","North South Motorway;Southern Tunnels","06203","North South Motorway","L003","Southern Tunnels",,,"3","Co_80_35_75","Road networks","En_80_96_90","Tunnels","SL_80_96",,"27/03/2026 11:49 AM","Bird, Cheyne","110"
"2P","AM29U9","EM88F2","N381","Southern Tunnel, Southern Portal (STSP)","06203","06203-N381","North South Motorway;Southern Tunnel, Southern Portal (STSP)","06203","North South Motorway","N381","Southern Tunnel, Southern Portal (STSP)",,,"381","Co_80_35_75","Road networks","En_80_96_91","Tunnel portals","SL_80_96",,"27/03/2026 11:49 AM","Bird, Cheyne","111"
"2","MB14D7","EM88F2","L396","Between Southern Tunnel, Southern Portal (STSP) Tonsley & Brookman  (MC01/MC02)","06203","06203-L396","North South Motorway;Between Southern Tunnel, Southern Portal (STSP) Tonsley & Brookman  (MC01/MC02)","06203","North South Motorway","L396","Between Southern Tunnel, Southern Portal (STSP) Tonsley & Brookman  (MC01/MC02)",,,"396","Co_80_35_75","Road networks","En_80_35_56","Motorways","SL_80_35","Road sections","24/10/2025 4:21 PM","John Marsden-T2D","112"
"2","WN48U8","EM88F2","N970","Tonsley & Brookman Intersection","06203","06203-N970","North South Motorway;Tonsley & Brookman Intersection","06203","North South Motorway","N970","Tonsley & Brookman Intersection",,,"3970","Co_80_35_75","Road networks","En_80_35_56","Motorways","SL_80_35_42","Intersections","24/10/2025 4:21 PM","John Marsden-T2D","113"
"2","OW64E0","EM88F2","L961","South of Tonsley & Brookman (MC01/MC02)","06203","06203-L961","North South Motorway;South of Tonsley & Brookman (MC01/MC02)","06203","North South Motorway","L961","South of Tonsley & Brookman (MC01/MC02)",,,"396","Co_80_35_75","Road networks","En_80_35_56","Motorways","SL_80_35","Road sections","24/10/2025 4:21 PM","John Marsden-T2D","114"
"2","PK22H0","BU60X6","L962","North Motorway to Southern Expressway Transition  (MC01/MC02)","06780","06780-L962","Southern Expressway;North Motorway to Southern Expressway Transition  (MC01/MC02)","06780","Southern Expressway","L962","North Motorway to Southern Expressway Transition  (MC01/MC02)",,,"396","Co_80_35_75","Road networks","En_80_35_56","Motorways","SL_80_35","Road sections","24/10/2025 4:22 PM","John Marsden-T2D","115"
"2","CV51D9","EM88F2","L501","NorthBound On-ramp from Tonsley Boulevard (MC1A)","06203","06203-L501","North South Motorway;NorthBound On-ramp from Tonsley Boulevard (MC1A)","06203","North South Motorway","L501","NorthBound On-ramp from Tonsley Boulevard (MC1A)",,,"3501","Co_80_35_75","Road networks","En_80_35_01","Access roads","SL_80_35_80","Slip road carriageways","24/10/2025 4:21 PM","John Marsden-T2D","116"
"2","XT21L1","EM88F2","L511","SouthBound Off-ramp to Tonsley Boulevard (MC1B)","06203","06203-L511","North South Motorway;SouthBound Off-ramp to Tonsley Boulevard (MC1B)","06203","North South Motorway","L511","SouthBound Off-ramp to Tonsley Boulevard (MC1B)",,,"3511","Co_80_35_75","Road networks","En_80_35_01","Access roads","SL_80_35_80","Slip road carriageways","24/10/2025 4:21 PM","John Marsden-T2D","117"
"2FC","KF19E6","HI17L1","B001","Hydrocarbon Sump","F0280","F0280-B001","Northern Tunnel, Northern  Portal (NTNP);Hydrocarbon Sump","F0280","Northern Tunnel, Northern  Portal (NTNP);Hydrocarbon Sump","B001","Hydrocarbon Sump",,,"2801","Co_80_35_75","Road networks","En_80_96_91","Tunnel portals",,"Drainage collection spaces","5/03/2026 2:30 PM","John Marsden-T2D","118"
"3FC","UB29T8","UK37L1","SB01","Sump Space","B001","F0281-B001-SB01","Northern Tunnel, Southern  Portal (NTSP);Hydrocarbon Sump;Sump Space","F0281","Northern Tunnel, Southern  Portal (NTSP);Hydrocarbon Sump;Sump Space","B001","Hydrocarbon Sump","SB01","Sump Space","2811","Co_80_35_75","Road networks","En_80_96_91","Tunnel portals","SL_50_30","Drainage collection spaces","24/06/2026 12:26 PM","John Marsden-T2D","119"
"3SP","LH14U6","LH67M9","SL821","Northern Tunnel Sump, West Carriageway, Northbound","L002","06203-L002-SL821","North South Motorway;Northern Tunnels;Northern Tunnel Sump, West Carriageway, Northbound","06203","North South Motorway","L002","2821","SL821","Northern Tunnel Sump, West Carriageway, Northbound","2821","Co_80_35_75","Road networks","En_80_96_90","Tunnels","SL_50_30","Drainage collection spaces","6/06/2025 4:32 PM","Tay, Bryan","120"
"3SP","DQ36S4","LH67M9","SL822","Northern Tunnel Sump, East Carriageway, Southbound","L002","06203-L002-SL822","North South Motorway;Northern Tunnels;Northern Tunnel Sump, East Carriageway, Southbound","06203","North South Motorway","L002","2822","SL822","Northern Tunnel Sump, East Carriageway, Southbound","2822","Co_80_35_75","Road networks","En_80_96_90","Tunnels","SL_50_30","Drainage collection spaces","6/06/2025 4:32 PM","Tay, Bryan","121"
"3SP","TA68M7","LH67M9","SL823","Northern Tunnel Sump Invert, West Carriageway, Northbound","L002","06203-L002-SL823","North South Motorway;Northern Tunnels;Northern Tunnel Sump Invert, West Carriageway, Northbound","06203","North South Motorway","L002","2823","SL823","Northern Tunnel Sump Invert, West Carriageway, Northbound","2823","Co_80_35_75","Road networks","En_80_96_90","Tunnels","SL_50_30","Drainage collection spaces","6/06/2025 4:32 PM","Tay, Bryan","122"
"3SP","WI05C2","LH67M9","SL824","Northern Tunnel Sump Invert, East Carriageway, Southbound","L002","06203-L002-SL824","North South Motorway;Northern Tunnels;Northern Tunnel Sump Invert, East Carriageway, Southbound","06203","North South Motorway","L002","2824","SL824","Northern Tunnel Sump Invert, East Carriageway, Southbound","2824","Co_80_35_75","Road networks","En_80_96_90","Tunnels","SL_50_30","Drainage collection spaces","6/06/2025 4:32 PM","Tay, Bryan","123"
"3CW","PM27T0","LH67M9","SL001","Between NTNP & Cross Passage N01, West Carriageway, Northbound","L002","06203-L002-SL001","North South Motorway;Northern Tunnels;Between NTNP & Cross Passage N01, West Carriageway, Northbound","06203","North South Motorway","L002","2001","SL001","Between NTNP & Cross Passage N01, West Carriageway, Northbound","2001,2006","Co_80_35_75","Road networks","En_80_96_90","Tunnels","SL_80_35_74","Road sections","16/04/2026 10:40 AM","John Marsden-T2D","124"
"3CW","KZ64K2","LH67M9","SL002","Between NTNP & Cross Passage N01, East Carriageway, Southbound","L002","06203-L002-SL002","North South Motorway;Northern Tunnels;Between NTNP & Cross Passage N01, East Carriageway, Southbound","06203","North South Motorway","L002","2002","SL002","Between NTNP & Cross Passage N01, East Carriageway, Southbound","2002,2007","Co_80_35_75","Road networks","En_80_96_90","Tunnels","SL_80_35_74","Road sections","16/04/2026 10:40 AM","John Marsden-T2D","125"
"3IN","RC74L1","LH67M9","SL003","Invert Between NTNP & Cross Passage N01, West Carriageway, Northbound","L002","06203-L002-SL003","North South Motorway;Northern Tunnels;Invert Between NTNP & Cross Passage N01, West Carriageway, Northbound","06203","North South Motorway","L002","2003","SL003","Invert Between NTNP & Cross Passage N01, West Carriageway, Northbound","2003","Co_80_35_75","Road networks","En_80_96_90","Tunnels","SL_80_96_64","Platform tunnels","6/06/2025 4:35 PM","Tay, Bryan","126"
"3IN","ZP78J2","LH67M9","SL004","Invert Between NTNP & Cross Passage N01, East Carriageway, Southbound","L002","06203-L002-SL004","North South Motorway;Northern Tunnels;Invert Between NTNP & Cross Passage N01, East Carriageway, Southbound","06203","North South Motorway","L002","2004","SL004","Invert Between NTNP & Cross Passage N01, East Carriageway, Southbound","2004","Co_80_35_75","Road networks","En_80_96_90","Tunnels","SL_80_96_64","Platform tunnels","6/06/2025 4:35 PM","Tay, Bryan","127"
"3XP","CU05R7","LH67M9","SN010","Cross Passage N01","L002","06203-L002-SN010","North South Motorway;Northern Tunnels;Cross Passage N01","06203","North South Motorway","L002","2010","SN010","Cross Passage N01","2010","Co_80_35_75","Road networks","En_80_96_90","Tunnels","SL_80_96_18","Crossover tunnels","6/06/2025 4:35 PM","Tay, Bryan","128"
"3CW","OO44Z0","LH67M9","SL011","Between Cross Passage N01 & N02, West Carriageway, Northbound","L002","06203-L002-SL011","North South Motorway;Northern Tunnels;Between Cross Passage N01 & N02, West Carriageway, Northbound","06203","North South Motorway","L002","2011","SL011","Between Cross Passage N01 & N02, West Carriageway, Northbound","2011,2016","Co_80_35_75","Road networks","En_80_96_90","Tunnels","SL_80_35_74","Road sections","16/04/2026 10:40 AM","John Marsden-T2D","129"
"3CW","QA42Y7","LH67M9","SL012","Between Cross Passage N01 & N02, East Carriageway, Southbound","L002","06203-L002-SL012","North South Motorway;Northern Tunnels;Between Cross Passage N01 & N02, East Carriageway, Southbound","06203","North South Motorway","L002","2012","SL012","Between Cross Passage N01 & N02, East Carriageway, Southbound","2012,2017","Co_80_35_75","Road networks","En_80_96_90","Tunnels","SL_80_35_74","Road sections","16/04/2026 10:40 AM","John Marsden-T2D","130"
"3IN","TB60S4","LH67M9","SL013","Invert Between Cross Passage N01 & N02, West Carriageway, Northbound","L002","06203-L002-SL013","North South Motorway;Northern Tunnels;Invert Between Cross Passage N01 & N02, West Carriageway, Northbound","06203","North South Motorway","L002","2013","SL013","Invert Between Cross Passage N01 & N02, West Carriageway, Northbound","2013","Co_80_35_75","Road networks","En_80_96_90","Tunnels","SL_80_96_64","Platform tunnels","6/06/2025 4:35 PM","Tay, Bryan","131"
"3IN","LB90F7","LH67M9","SL014","Invert Between Cross Passage N01 & N02, East Carriageway, Southbound","L002","06203-L002-SL014","North South Motorway;Northern Tunnels;Invert Between Cross Passage N01 & N02, East Carriageway, Southbound","06203","North South Motorway","L002","2014","SL014","Invert Between Cross Passage N01 & N02, East Carriageway, Southbound","2014","Co_80_35_75","Road networks","En_80_96_90","Tunnels","SL_80_96_64","Platform tunnels","6/06/2025 4:35 PM","Tay, Bryan","132"
"3XP","VV06M1","LH67M9","SN020","Cross Passage N02","L002","06203-L002-SN020","North South Motorway;Northern Tunnels;Cross Passage N02","06203","North South Motorway","L002","2020","SN020","Cross Passage N02","2020","Co_80_35_75","Road networks","En_80_96_90","Tunnels","SL_80_96_18","Crossover tunnels","6/06/2025 4:35 PM","Tay, Bryan","133"
"3CW","UC96C4","LH67M9","SL021","Between Cross Passage N02 & N03, West Carriageway, Northbound","L002","06203-L002-SL021","North South Motorway;Northern Tunnels;Between Cross Passage N02 & N03, West Carriageway, Northbound","06203","North South Motorway","L002","2021","SL021","Between Cross Passage N02 & N03, West Carriageway, Northbound","2021,2026","Co_80_35_75","Road networks","En_80_96_90","Tunnels","SL_80_35_74","Road sections","16/04/2026 10:40 AM","John Marsden-T2D","134"
"3CW","OC94H4","LH67M9","SL022","Between Cross Passage N02 & N03, East Carriageway, Southbound","L002","06203-L002-SL022","North South Motorway;Northern Tunnels;Between Cross Passage N02 & N03, East Carriageway, Southbound","06203","North South Motorway","L002","2022","SL022","Between Cross Passage N02 & N03, East Carriageway, Southbound","2022,2027","Co_80_35_75","Road networks","En_80_96_90","Tunnels","SL_80_35_74","Road sections","16/04/2026 10:41 AM","John Marsden-T2D","135"
"3IN","CQ74E0","LH67M9","SL023","Invert Between Cross Passage N02 & N03, West Carriageway, Northbound","L002","06203-L002-SL023","North South Motorway;Northern Tunnels;Invert Between Cross Passage N02 & N03, West Carriageway, Northbound","06203","North South Motorway","L002","2023","SL023","Invert Between Cross Passage N02 & N03, West Carriageway, Northbound","2023","Co_80_35_75","Road networks","En_80_96_90","Tunnels","SL_80_96_64","Platform tunnels","6/06/2025 4:35 PM","Tay, Bryan","136"
"3IN","QR54F1","LH67M9","SL024","Invert Between Cross Passage N02 & N03, East Carriageway, Southbound","L002","06203-L002-SL024","North South Motorway;Northern Tunnels;Invert Between Cross Passage N02 & N03, East Carriageway, Southbound","06203","North South Motorway","L002","2024","SL024","Invert Between Cross Passage N02 & N03, East Carriageway, Southbound","2024","Co_80_35_75","Road networks","En_80_96_90","Tunnels","SL_80_96_64","Platform tunnels","6/06/2025 4:35 PM","Tay, Bryan","137"
"3XP","JH19Y7","LH67M9","SN030","Cross Passage N03","L002","06203-L002-SN030","North South Motorway;Northern Tunnels;Cross Passage N03","06203","North South Motorway","L002","2030","SN030","Cross Passage N03","2030","Co_80_35_75","Road networks","En_80_96_90","Tunnels","SL_80_96_18","Crossover tunnels","6/06/2025 4:35 PM","Tay, Bryan","138"
"3CW","BY81S7","LH67M9","SL031","Between Cross Passage N03 & N04, West Carriageway, Northbound","L002","06203-L002-SL031","North South Motorway;Northern Tunnels;Between Cross Passage N03 & N04, West Carriageway, Northbound","06203","North South Motorway","L002","2031","SL031","Between Cross Passage N03 & N04, West Carriageway, Northbound","2031,2036","Co_80_35_75","Road networks","En_80_96_90","Tunnels","SL_80_35_74","Road sections","16/04/2026 10:41 AM","John Marsden-T2D","139"
"3CW","GN28M2","LH67M9","SL032","Between Cross Passage N03 & N04, East Carriageway, Southbound","L002","06203-L002-SL032","North South Motorway;Northern Tunnels;Between Cross Passage N03 & N04, East Carriageway, Southbound","06203","North South Motorway","L002","2032","SL032","Between Cross Passage N03 & N04, East Carriageway, Southbound","2032,2037","Co_80_35_75","Road networks","En_80_96_90","Tunnels","SL_80_35_74","Road sections","16/04/2026 10:42 AM","John Marsden-T2D","140"
"3IN","XU54F9","LH67M9","SL033","Invert Between Cross Passage N03 & N04, West Carriageway, Northbound","L002","06203-L002-SL033","North South Motorway;Northern Tunnels;Invert Between Cross Passage N03 & N04, West Carriageway, Northbound","06203","North South Motorway","L002","2033","SL033","Invert Between Cross Passage N03 & N04, West Carriageway, Northbound","2033","Co_80_35_75","Road networks","En_80_96_90","Tunnels","SL_80_96_64","Platform tunnels","6/06/2025 4:35 PM","Tay, Bryan","141"
"3IN","TT31R7","LH67M9","SL034","Invert Between Cross Passage N03 & N04, East Carriageway, Southbound","L002","06203-L002-SL034","North South Motorway;Northern Tunnels;Invert Between Cross Passage N03 & N04, East Carriageway, Southbound","06203","North South Motorway","L002","2034","SL034","Invert Between Cross Passage N03 & N04, East Carriageway, Southbound","2034","Co_80_35_75","Road networks","En_80_96_90","Tunnels","SL_80_96_64","Platform tunnels","6/06/2025 4:35 PM","Tay, Bryan","142"
"3XP","CH27G5","LH67M9","SN040","Cross Passage N04","L002","06203-L002-SN040","North South Motorway;Northern Tunnels;Cross Passage N04","06203","North South Motorway","L002","2040","SN040","Cross Passage N04","2040","Co_80_35_75","Road networks","En_80_96_90","Tunnels","SL_80_96_18","Crossover tunnels","6/06/2025 4:35 PM","Tay, Bryan","143"
"3CW","OM69G9","LH67M9","SL041","Between Cross Passage N04 & N05, West Carriageway, Northbound","L002","06203-L002-SL041","North South Motorway;Northern Tunnels;Between Cross Passage N04 & N05, West Carriageway, Northbound","06203","North South Motorway","L002","2041","SL041","Between Cross Passage N04 & N05, West Carriageway, Northbound","2041,2046","Co_80_35_75","Road networks","En_80_96_90","Tunnels","SL_80_35_74","Road sections","16/04/2026 10:42 AM","John Marsden-T2D","144"
"3CW","KV36J0","LH67M9","SL042","Between Cross Passage N04 & N05, East Carriageway, Southbound","L002","06203-L002-SL042","North South Motorway;Northern Tunnels;Between Cross Passage N04 & N05, East Carriageway, Southbound","06203","North South Motorway","L002","2042","SL042","Between Cross Passage N04 & N05, East Carriageway, Southbound","2042,2047","Co_80_35_75","Road networks","En_80_96_90","Tunnels","SL_80_35_74","Road sections","16/04/2026 10:42 AM","John Marsden-T2D","145"
"3IN","TQ82G0","LH67M9","SL043","Invert Between Cross Passage N04 & N05, West Carriageway, Northbound","L002","06203-L002-SL043","North South Motorway;Northern Tunnels;Invert Between Cross Passage N04 & N05, West Carriageway, Northbound","06203","North South Motorway","L002","2043","SL043","Invert Between Cross Passage N04 & N05, West Carriageway, Northbound","2043","Co_80_35_75","Road networks","En_80_96_90","Tunnels","SL_80_96_64","Platform tunnels","6/06/2025 4:35 PM","Tay, Bryan","146"
"3IN","LM19M2","LH67M9","SL044","Invert Between Cross Passage N04 & N05, East Carriageway, Southbound","L002","06203-L002-SL044","North South Motorway;Northern Tunnels;Invert Between Cross Passage N04 & N05, East Carriageway, Southbound","06203","North South Motorway","L002","2044","SL044","Invert Between Cross Passage N04 & N05, East Carriageway, Southbound","2044","Co_80_35_75","Road networks","En_80_96_90","Tunnels","SL_80_96_64","Platform tunnels","6/06/2025 4:35 PM","Tay, Bryan","147"
"3XP","BR03H7","LH67M9","SN050","Cross Passage N05","L002","06203-L002-SN050","North South Motorway;Northern Tunnels;Cross Passage N05","06203","North South Motorway","L002","2050","SN050","Cross Passage N05","2050","Co_80_35_75","Road networks","En_80_96_90","Tunnels","SL_80_96_18","Crossover tunnels","6/06/2025 4:35 PM","Tay, Bryan","148"
"3CW","XR22Q0","LH67M9","SL051","Between Cross Passage N05 & N06, West Carriageway, Northbound","L002","06203-L002-SL051","North South Motorway;Northern Tunnels;Between Cross Passage N05 & N06, West Carriageway, Northbound","06203","North South Motorway","L002","2051","SL051","Between Cross Passage N05 & N06, West Carriageway, Northbound","2051,2056","Co_80_35_75","Road networks","En_80_96_90","Tunnels","SL_80_35_74","Road sections","16/04/2026 10:43 AM","John Marsden-T2D","149"
"3CW","PM82S7","LH67M9","SL052","Between Cross Passage N05 & N06, East Carriageway, Southbound","L002","06203-L002-SL052","North South Motorway;Northern Tunnels;Between Cross Passage N05 & N06, East Carriageway, Southbound","06203","North South Motorway","L002","2052","SL052","Between Cross Passage N05 & N06, East Carriageway, Southbound","2052,2057","Co_80_35_75","Road networks","En_80_96_90","Tunnels","SL_80_35_74","Road sections","16/04/2026 10:43 AM","John Marsden-T2D","150"
"3IN","MW89I4","LH67M9","SL053","Invert Between Cross Passage N05 & N06, West Carriageway, Northbound","L002","06203-L002-SL053","North South Motorway;Northern Tunnels;Invert Between Cross Passage N05 & N06, West Carriageway, Northbound","06203","North South Motorway","L002","2053","SL053","Invert Between Cross Passage N05 & N06, West Carriageway, Northbound","2053","Co_80_35_75","Road networks","En_80_96_90","Tunnels","SL_80_96_64","Platform tunnels","6/06/2025 4:35 PM","Tay, Bryan","151"
"3IN","WO21E0","LH67M9","SL054","Invert Between Cross Passage N05 & N06, East Carriageway, Southbound","L002","06203-L002-SL054","North South Motorway;Northern Tunnels;Invert Between Cross Passage N05 & N06, East Carriageway, Southbound","06203","North South Motorway","L002","2054","SL054","Invert Between Cross Passage N05 & N06, East Carriageway, Southbound","2054","Co_80_35_75","Road networks","En_80_96_90","Tunnels","SL_80_96_64","Platform tunnels","6/06/2025 4:35 PM","Tay, Bryan","152"
"3XP","VX43A3","LH67M9","SN060","Cross Passage N06","L002","06203-L002-SN060","North South Motorway;Northern Tunnels;Cross Passage N06","06203","North South Motorway","L002","2060","SN060","Cross Passage N06","2060","Co_80_35_75","Road networks","En_80_96_90","Tunnels","SL_80_96_18","Crossover tunnels","6/06/2025 4:35 PM","Tay, Bryan","153"
"3CW","EJ49J1","LH67M9","SL061","Between Cross Passage N06 & N07, West Carriageway, Northbound","L002","06203-L002-SL061","North South Motorway;Northern Tunnels;Between Cross Passage N06 & N07, West Carriageway, Northbound","06203","North South Motorway","L002","2061","SL061","Between Cross Passage N06 & N07, West Carriageway, Northbound","2061,2066","Co_80_35_75","Road networks","En_80_96_90","Tunnels","SL_80_35_74","Road sections","16/04/2026 10:43 AM","John Marsden-T2D","154"
"3CW","UK76R4","LH67M9","SL062","Between Cross Passage N06 & N07, East Carriageway, Southbound","L002","06203-L002-SL062","North South Motorway;Northern Tunnels;Between Cross Passage N06 & N07, East Carriageway, Southbound","06203","North South Motorway","L002","2062","SL062","Between Cross Passage N06 & N07, East Carriageway, Southbound","2062,2067","Co_80_35_75","Road networks","En_80_96_90","Tunnels","SL_80_35_74","Road sections","16/04/2026 10:44 AM","John Marsden-T2D","155"
"3IN","VN72P1","LH67M9","SL063","Invert Between Cross Passage N06 & N07, West Carriageway, Northbound","L002","06203-L002-SL063","North South Motorway;Northern Tunnels;Invert Between Cross Passage N06 & N07, West Carriageway, Northbound","06203","North South Motorway","L002","2063","SL063","Invert Between Cross Passage N06 & N07, West Carriageway, Northbound","2063","Co_80_35_75","Road networks","En_80_96_90","Tunnels","SL_80_96_64","Platform tunnels","6/06/2025 4:35 PM","Tay, Bryan","156"
"3IN","IR41K7","LH67M9","SL064","Invert Between Cross Passage N06 & N07, East Carriageway, Southbound","L002","06203-L002-SL064","North South Motorway;Northern Tunnels;Invert Between Cross Passage N06 & N07, East Carriageway, Southbound","06203","North South Motorway","L002","2064","SL064","Invert Between Cross Passage N06 & N07, East Carriageway, Southbound","2064","Co_80_35_75","Road networks","En_80_96_90","Tunnels","SL_80_96_64","Platform tunnels","6/06/2025 4:35 PM","Tay, Bryan","157"
"3XP","IN25C6","LH67M9","SN070","Cross Passage N07","L002","06203-L002-SN070","North South Motorway;Northern Tunnels;Cross Passage N07","06203","North South Motorway","L002","2070","SN070","Cross Passage N07","2070","Co_80_35_75","Road networks","En_80_96_90","Tunnels","SL_80_96_18","Crossover tunnels","6/06/2025 4:35 PM","Tay, Bryan","158"
"3CW","JO32U8","LH67M9","SL071","Between Cross Passage N07 & N08, West Carriageway, Northbound","L002","06203-L002-SL071","North South Motorway;Northern Tunnels;Between Cross Passage N07 & N08, West Carriageway, Northbound","06203","North South Motorway","L002","2071","SL071","Between Cross Passage N07 & N08, West Carriageway, Northbound","2071,2076","Co_80_35_75","Road networks","En_80_96_90","Tunnels","SL_80_35_74","Road sections","16/04/2026 10:44 AM","John Marsden-T2D","159"
"3CW","XV47C5","LH67M9","SL072","Between Cross Passage N07 & N08, East Carriageway, Southbound","L002","06203-L002-SL072","North South Motorway;Northern Tunnels;Between Cross Passage N07 & N08, East Carriageway, Southbound","06203","North South Motorway","L002","2072","SL072","Between Cross Passage N07 & N08, East Carriageway, Southbound","2072,2077","Co_80_35_75","Road networks","En_80_96_90","Tunnels","SL_80_35_74","Road sections","16/04/2026 10:44 AM","John Marsden-T2D","160"
"3IN","MA65Q5","LH67M9","SL073","Invert Between Cross Passage N07 & N08, West Carriageway, Northbound","L002","06203-L002-SL073","North South Motorway;Northern Tunnels;Invert Between Cross Passage N07 & N08, West Carriageway, Northbound","06203","North South Motorway","L002","2073","SL073","Invert Between Cross Passage N07 & N08, West Carriageway, Northbound","2073","Co_80_35_75","Road networks","En_80_96_90","Tunnels","SL_80_96_64","Platform tunnels","6/06/2025 4:35 PM","Tay, Bryan","161"
"3IN","UW92Y0","LH67M9","SL074","Invert Between Cross Passage N07 & N08, East Carriageway, Southbound","L002","06203-L002-SL074","North South Motorway;Northern Tunnels;Invert Between Cross Passage N07 & N08, East Carriageway, Southbound","06203","North South Motorway","L002","2074","SL074","Invert Between Cross Passage N07 & N08, East Carriageway, Southbound","2074","Co_80_35_75","Road networks","En_80_96_90","Tunnels","SL_80_96_64","Platform tunnels","6/06/2025 4:35 PM","Tay, Bryan","162"
"3XP","UI32Q8","LH67M9","SN080","Cross Passage N08","L002","06203-L002-SN080","North South Motorway;Northern Tunnels;Cross Passage N08","06203","North South Motorway","L002","2080","SN080","Cross Passage N08","2080","Co_80_35_75","Road networks","En_80_96_90","Tunnels","SL_80_96_18","Crossover tunnels","6/06/2025 4:35 PM","Tay, Bryan","163"
"3CW","LY31U2","LH67M9","SL081","Between Cross Passage N08 & N09, West Carriageway, Northbound","L002","06203-L002-SL081","North South Motorway;Northern Tunnels;Between Cross Passage N08 & N09, West Carriageway, Northbound","06203","North South Motorway","L002","2081","SL081","Between Cross Passage N08 & N09, West Carriageway, Northbound","2081,2086","Co_80_35_75","Road networks","En_80_96_90","Tunnels","SL_80_35_74","Road sections","16/04/2026 10:50 AM","John Marsden-T2D","164"
"3CW","YS87Y5","LH67M9","SL082","Between Cross Passage N08 & N09, East Carriageway, Southbound","L002","06203-L002-SL082","North South Motorway;Northern Tunnels;Between Cross Passage N08 & N09, East Carriageway, Southbound","06203","North South Motorway","L002","Northern Tunnels","SL082","Between Cross Passage N08 & N09, East Carriageway, Southbound","2082,2087","Co_80_35_75","Road networks","En_80_96_90","Tunnels","SL_80_35_74","Road sections","16/04/2026 10:51 AM","John Marsden-T2D","165"
"3IN","DC63L3","LH67M9","SL083","Invert Between Cross Passage N08 & N09, West Carriageway, Northbound","L002","06203-L002-SL083","North South Motorway;Northern Tunnels;Invert Between Cross Passage N08 & N09, West Carriageway, Northbound","06203","North South Motorway","L002","2083","SL083","Invert Between Cross Passage N08 & N09, West Carriageway, Northbound","2083","Co_80_35_75","Road networks","En_80_96_90","Tunnels","SL_80_96_64","Platform tunnels","6/06/2025 4:35 PM","Tay, Bryan","166"
"3IN","JX78V3","LH67M9","SL084","Invert Between Cross Passage N08 & N09, East Carriageway, Southbound","L002","06203-L002-SL084","North South Motorway;Northern Tunnels;Invert Between Cross Passage N08 & N09, East Carriageway, Southbound","06203","North South Motorway","L002","2084","SL084","Invert Between Cross Passage N08 & N09, East Carriageway, Southbound","2084","Co_80_35_75","Road networks","En_80_96_90","Tunnels","SL_80_96_64","Platform tunnels","6/06/2025 4:35 PM","Tay, Bryan","167"
"3XP","MH38W0","LH67M9","SN090","Cross Passage N09","L002","06203-L002-SN090","North South Motorway;Northern Tunnels;Cross Passage N09","06203","North South Motorway","L002","2090","SN090","Cross Passage N09","2090","Co_80_35_75","Road networks","En_80_96_90","Tunnels","SL_80_96_18","Crossover tunnels","6/06/2025 4:35 PM","Tay, Bryan","168"
"3CW","HS37M7","LH67M9","SL091","Between Cross Passage N09 & N10, West Carriageway, Northbound","L002","06203-L002-SL091","North South Motorway;Northern Tunnels;Between Cross Passage N09 & N10, West Carriageway, Northbound","06203","North South Motorway","L002","Northern Tunnels","SL091","Between Cross Passage N09 & N10, West Carriageway, Northbound","2091,2096","Co_80_35_75","Road networks","En_80_96_90","Tunnels","SL_80_35_74","Road sections","16/04/2026 10:51 AM","John Marsden-T2D","169"
"3CW","UW30E2","LH67M9","SL092","Between Cross Passage N09 & N10, East Carriageway, Southbound","L002","06203-L002-SL092","North South Motorway;Northern Tunnels;Between Cross Passage N09 & N10, East Carriageway, Southbound","06203","North South Motorway","L002","Northern Tunnels","SL092","Between Cross Passage N09 & N10, East Carriageway, Southbound","2092,2097","Co_80_35_75","Road networks","En_80_96_90","Tunnels","SL_80_35_74","Road sections","6/05/2026 1:27 PM","John Marsden-T2D","170"
"3IN","RF84T5","LH67M9","SL093","Invert Between Cross Passage N09 & N10, West Carriageway, Northbound","L002","06203-L002-SL093","North South Motorway;Northern Tunnels;Invert Between Cross Passage N09 & N10, West Carriageway, Northbound","06203","North South Motorway","L002","2093","SL093","Invert Between Cross Passage N09 & N10, West Carriageway, Northbound","2093","Co_80_35_75","Road networks","En_80_96_90","Tunnels","SL_80_96_64","Platform tunnels","6/06/2025 4:35 PM","Tay, Bryan","171"
"3IN","KK58C2","LH67M9","SL094","Invert Between Cross Passage N09 & N10, East Carriageway, Southbound","L002","06203-L002-SL094","North South Motorway;Northern Tunnels;Invert Between Cross Passage N09 & N10, East Carriageway, Southbound","06203","North South Motorway","L002","2094","SL094","Invert Between Cross Passage N09 & N10, East Carriageway, Southbound","2094","Co_80_35_75","Road networks","En_80_96_90","Tunnels","SL_80_96_64","Platform tunnels","6/06/2025 4:35 PM","Tay, Bryan","172"
"3XP","GU20Q6","LH67M9","SN100","Cross Passage N10","L002","06203-L002-SN100","North South Motorway;Northern Tunnels;Cross Passage N10","06203","North South Motorway","L002","2100","SN100","Cross Passage N10","2100","Co_80_35_75","Road networks","En_80_96_90","Tunnels","SL_80_96_18","Crossover tunnels","6/06/2025 4:35 PM","Tay, Bryan","173"
"3CW","XP75A4","LH67M9","SL101","Between Cross Passage N10 & N11, West Carriageway, Northbound","L002","06203-L002-SL101","North South Motorway;Northern Tunnels;Between Cross Passage N10 & N11, West Carriageway, Northbound","06203","North South Motorway","L002","Northern Tunnels","SL101","Between Cross Passage N10 & N11, West Carriageway, Northbound","2101,2106","Co_80_35_75","Road networks","En_80_96_90","Tunnels","SL_80_35_74","Road sections","16/04/2026 10:51 AM","John Marsden-T2D","174"
"3CW","UO55D4","LH67M9","SL102","Between Cross Passage N10 & N11, East Carriageway, Southbound","L002","06203-L002-SL102","North South Motorway;Northern Tunnels;Between Cross Passage N10 & N11, East Carriageway, Southbound","06203","North South Motorway","L002","Northern Tunnels","SL102","Between Cross Passage N10 & N11, East Carriageway, Southbound","2102,2107","Co_80_35_75","Road networks","En_80_96_90","Tunnels","SL_80_35_74","Road sections","16/04/2026 10:51 AM","John Marsden-T2D","175"
"3IN","XY08Z2","LH67M9","SL103","Invert Between Cross Passage N10 & N11, West Carriageway, Northbound","L002","06203-L002-SL103","North South Motorway;Northern Tunnels;Invert Between Cross Passage N10 & N11, West Carriageway, Northbound","06203","North South Motorway","L002","2103","SL103","Invert Between Cross Passage N10 & N11, West Carriageway, Northbound","2103","Co_80_35_75","Road networks","En_80_96_90","Tunnels","SL_80_96_64","Platform tunnels","6/06/2025 4:35 PM","Tay, Bryan","176"
"3IN","JI62U5","LH67M9","SL104","Invert Between Cross Passage N10 & N11, East Carriageway, Southbound","L002","06203-L002-SL104","North South Motorway;Northern Tunnels;Invert Between Cross Passage N10 & N11, East Carriageway, Southbound","06203","North South Motorway","L002","2104","SL104","Invert Between Cross Passage N10 & N11, East Carriageway, Southbound","2104","Co_80_35_75","Road networks","En_80_96_90","Tunnels","SL_80_96_64","Platform tunnels","6/06/2025 4:35 PM","Tay, Bryan","177"
"3XP","KL49R1","LH67M9","SN110","Cross Passage N11","L002","06203-L002-SN110","North South Motorway;Northern Tunnels;Cross Passage N11","06203","North South Motorway","L002","2110","SN110","Cross Passage N11","2110","Co_80_35_75","Road networks","En_80_96_90","Tunnels","SL_80_96_18","Crossover tunnels","6/06/2025 4:35 PM","Tay, Bryan","178"
"3CW","NV70Y1","LH67M9","SL111","Between Cross Passage N11 & N12, West Carriageway, Northbound","L002","06203-L002-SL111","North South Motorway;Northern Tunnels;Between Cross Passage N11 & N12, West Carriageway, Northbound","06203","North South Motorway","L002","Northern Tunnels","SL111","Between Cross Passage N11 & N12, West Carriageway, Northbound","2111,2116","Co_80_35_75","Road networks","En_80_96_90","Tunnels","SL_80_35_74","Road sections","16/04/2026 10:51 AM","John Marsden-T2D","179"
"3CW","KO79D5","LH67M9","SL112","Between Cross Passage N11 & N12, East Carriageway, Southbound","L002","06203-L002-SL112","North South Motorway;Northern Tunnels;Between Cross Passage N11 & N12, East Carriageway, Southbound","06203","North South Motorway","L002","Northern Tunnels","SL112","Between Cross Passage N11 & N12, East Carriageway, Southbound","2112,2117","Co_80_35_75","Road networks","En_80_96_90","Tunnels","SL_80_35_74","Road sections","16/04/2026 10:51 AM","John Marsden-T2D","180"
"3IN","KT51K9","LH67M9","SL113","Invert Between Cross Passage N11 & N12, West Carriageway, Northbound","L002","06203-L002-SL113","North South Motorway;Northern Tunnels;Invert Between Cross Passage N11 & N12, West Carriageway, Northbound","06203","North South Motorway","L002","2113","SL113","Invert Between Cross Passage N11 & N12, West Carriageway, Northbound","2113","Co_80_35_75","Road networks","En_80_96_90","Tunnels","SL_80_96_64","Platform tunnels","6/06/2025 4:35 PM","Tay, Bryan","181"
"3IN","IB11X1","LH67M9","SL114","Invert Between Cross Passage N11 & N12, East Carriageway, Southbound","L002","06203-L002-SL114","North South Motorway;Northern Tunnels;Invert Between Cross Passage N11 & N12, East Carriageway, Southbound","06203","North South Motorway","L002","2114","SL114","Invert Between Cross Passage N11 & N12, East Carriageway, Southbound","2114","Co_80_35_75","Road networks","En_80_96_90","Tunnels","SL_80_96_64","Platform tunnels","6/06/2025 4:35 PM","Tay, Bryan","182"
"3XP","AY34S3","LH67M9","SN120","Cross Passage N12","L002","06203-L002-SN120","North South Motorway;Northern Tunnels;Cross Passage N12","06203","North South Motorway","L002","2120","SN120","Cross Passage N12","2120","Co_80_35_75","Road networks","En_80_96_90","Tunnels","SL_80_96_18","Crossover tunnels","6/06/2025 4:35 PM","Tay, Bryan","183"
"3CW","HF60V9","LH67M9","SL121","Between Cross Passage N12 & N13, West Carriageway, Northbound","L002","06203-L002-SL121","North South Motorway;Northern Tunnels;Between Cross Passage N12 & N13, West Carriageway, Northbound","06203","North South Motorway","L002","Northern Tunnels","SL121","Between Cross Passage N12 & N13, West Carriageway, Northbound","2121,2126","Co_80_35_75","Road networks","En_80_96_90","Tunnels","SL_80_35_74","Road sections","16/04/2026 10:51 AM","John Marsden-T2D","184"
"3CW","TW08X0","LH67M9","SL122","Between Cross Passage N12 & N13, East Carriageway, Southbound","L002","06203-L002-SL122","North South Motorway;Northern Tunnels;Between Cross Passage N12 & N13, East Carriageway, Southbound","06203","North South Motorway","L002","Northern Tunnels","SL122","Between Cross Passage N12 & N13, East Carriageway, Southbound","2122,2127","Co_80_35_75","Road networks","En_80_96_90","Tunnels","SL_80_35_74","Road sections","16/04/2026 10:51 AM","John Marsden-T2D","185"
"3IN","CS92R0","LH67M9","SL123","Invert Between Cross Passage N12 & N13, West Carriageway, Northbound","L002","06203-L002-SL123","North South Motorway;Northern Tunnels;Invert Between Cross Passage N12 & N13, West Carriageway, Northbound","06203","North South Motorway","L002","2123","SL123","Invert Between Cross Passage N12 & N13, West Carriageway, Northbound","2123","Co_80_35_75","Road networks","En_80_96_90","Tunnels","SL_80_96_64","Platform tunnels","6/06/2025 4:35 PM","Tay, Bryan","186"
"3IN","PB82Y3","LH67M9","SL124","Invert Between Cross Passage N12 & N13, East Carriageway, Southbound","L002","06203-L002-SL124","North South Motorway;Northern Tunnels;Invert Between Cross Passage N12 & N13, East Carriageway, Southbound","06203","North South Motorway","L002","2124","SL124","Invert Between Cross Passage N12 & N13, East Carriageway, Southbound","2124","Co_80_35_75","Road networks","En_80_96_90","Tunnels","SL_80_96_64","Platform tunnels","6/06/2025 4:35 PM","Tay, Bryan","187"
"3XP","XX97T6","LH67M9","SN130","Cross Passage N13","L002","06203-L002-SN130","North South Motorway;Northern Tunnels;Cross Passage N13","06203","North South Motorway","L002","2130","SN130","Cross Passage N13","2130","Co_80_35_75","Road networks","En_80_96_90","Tunnels","SL_80_96_18","Crossover tunnels","6/06/2025 4:35 PM","Tay, Bryan","188"
"3CW","RK62F9","LH67M9","SL131","Between Cross Passage N13 & N14, West Carriageway, Northbound","L002","06203-L002-SL131","North South Motorway;Northern Tunnels;Between Cross Passage N13 & N14, West Carriageway, Northbound","06203","North South Motorway","L002","Northern Tunnels","SL131","Between Cross Passage N13 & N14, West Carriageway, Northbound","2131,2136","Co_80_35_75","Road networks","En_80_96_90","Tunnels","SL_80_35_74","Road sections","16/04/2026 10:51 AM","John Marsden-T2D","189"
"3CW","SC54R6","LH67M9","SL132","Between Cross Passage N13 & N14, East Carriageway, Southbound","L002","06203-L002-SL132","North South Motorway;Northern Tunnels;Between Cross Passage N13 & N14, East Carriageway, Southbound","06203","North South Motorway","L002","Northern Tunnels","SL132","Between Cross Passage N13 & N14, East Carriageway, Southbound","2132,2137","Co_80_35_75","Road networks","En_80_96_90","Tunnels","SL_80_35_74","Road sections","16/04/2026 10:51 AM","John Marsden-T2D","190"
"3IN","EJ20V1","LH67M9","SL133","Invert Between Cross Passage N13 & N14, West Carriageway, Northbound","L002","06203-L002-SL133","North South Motorway;Northern Tunnels;Invert Between Cross Passage N13 & N14, West Carriageway, Northbound","06203","North South Motorway","L002","2133","SL133","Invert Between Cross Passage N13 & N14, West Carriageway, Northbound","2133","Co_80_35_75","Road networks","En_80_96_90","Tunnels","SL_80_96_64","Platform tunnels","6/06/2025 4:35 PM","Tay, Bryan","191"
"3IN","IP07N4","LH67M9","SL134","Invert Between Cross Passage N13 & N14, East Carriageway, Southbound","L002","06203-L002-SL134","North South Motorway;Northern Tunnels;Invert Between Cross Passage N13 & N14, East Carriageway, Southbound","06203","North South Motorway","L002","2134","SL134","Invert Between Cross Passage N13 & N14, East Carriageway, Southbound","2134","Co_80_35_75","Road networks","En_80_96_90","Tunnels","SL_80_96_64","Platform tunnels","6/06/2025 4:35 PM","Tay, Bryan","192"
"3XP","OX70U3","LH67M9","SN140","Cross Passage N14","L002","06203-L002-SN140","North South Motorway;Northern Tunnels;Cross Passage N14","06203","North South Motorway","L002","2140","SN140","Cross Passage N14","2140","Co_80_35_75","Road networks","En_80_96_90","Tunnels","SL_80_96_18","Crossover tunnels","6/06/2025 4:35 PM","Tay, Bryan","193"
"3CW","YJ42D6","LH67M9","SL141","Between Cross Passage N14 & N15, West Carriageway, Northbound","L002","06203-L002-SL141","North South Motorway;Northern Tunnels;Between Cross Passage N14 & N15, West Carriageway, Northbound","06203","North South Motorway","L002","Northern Tunnels","SL141","Between Cross Passage N14 & N15, West Carriageway, Northbound","2141,2146","Co_80_35_75","Road networks","En_80_96_90","Tunnels","SL_80_35_74","Road sections","16/04/2026 10:51 AM","John Marsden-T2D","194"
"3CW","SP49A2","LH67M9","SL142","Between Cross Passage N14 & N15, East Carriageway, Southbound","L002","06203-L002-SL142","North South Motorway;Northern Tunnels;Between Cross Passage N14 & N15, East Carriageway, Southbound","06203","North South Motorway","L002","Northern Tunnels","SL142","Between Cross Passage N14 & N15, East Carriageway, Southbound","2142,2147","Co_80_35_75","Road networks","En_80_96_90","Tunnels","SL_80_35_74","Road sections","16/04/2026 10:51 AM","John Marsden-T2D","195"
"3IN","DK58F8","LH67M9","SL143","Invert Between Cross Passage N14 & N15, West Carriageway, Northbound","L002","06203-L002-SL143","North South Motorway;Northern Tunnels;Invert Between Cross Passage N14 & N15, West Carriageway, Northbound","06203","North South Motorway","L002","2143","SL143","Invert Between Cross Passage N14 & N15, West Carriageway, Northbound","2143","Co_80_35_75","Road networks","En_80_96_90","Tunnels","SL_80_96_64","Platform tunnels","6/06/2025 4:35 PM","Tay, Bryan","196"
"3IN","PX30W8","LH67M9","SL144","Invert Between Cross Passage N14 & N15, East Carriageway, Southbound","L002","06203-L002-SL144","North South Motorway;Northern Tunnels;Invert Between Cross Passage N14 & N15, East Carriageway, Southbound","06203","North South Motorway","L002","2144","SL144","Invert Between Cross Passage N14 & N15, East Carriageway, Southbound","2144","Co_80_35_75","Road networks","En_80_96_90","Tunnels","SL_80_96_64","Platform tunnels","6/06/2025 4:35 PM","Tay, Bryan","197"
"3XP","BL07X1","LH67M9","SN150","Cross Passage N15","L002","06203-L002-SN150","North South Motorway;Northern Tunnels;Cross Passage N15","06203","North South Motorway","L002","2150","SN150","Cross Passage N15","2150","Co_80_35_75","Road networks","En_80_96_90","Tunnels","SL_80_96_18","Crossover tunnels","6/06/2025 4:35 PM","Tay, Bryan","198"
"3CW","WL69U3","LH67M9","SL151","Between Cross Passage N15 & N16, West Carriageway, Northbound","L002","06203-L002-SL151","North South Motorway;Northern Tunnels;Between Cross Passage N15 & N16, West Carriageway, Northbound","06203","North South Motorway","L002","Northern Tunnels","SL151","Between Cross Passage N15 & N16, West Carriageway, Northbound","2151,2156","Co_80_35_75","Road networks","En_80_96_90","Tunnels","SL_80_35_74","Road sections","16/04/2026 10:51 AM","John Marsden-T2D","199"
"3CW","JX36V0","LH67M9","SL152","Between Cross Passage N15 & N16, East Carriageway, Southbound","L002","06203-L002-SL152","North South Motorway;Northern Tunnels;Between Cross Passage N15 & N16, East Carriageway, Southbound","06203","North South Motorway","L002","Northern Tunnels","SL152","Between Cross Passage N15 & N16, East Carriageway, Southbound","2152,2157","Co_80_35_75","Road networks","En_80_96_90","Tunnels","SL_80_35_74","Road sections","16/04/2026 10:51 AM","John Marsden-T2D","200"
"3IN","FM94M4","LH67M9","SL153","Invert Between Cross Passage N15 & N16, West Carriageway, Northbound","L002","06203-L002-SL153","North South Motorway;Northern Tunnels;Invert Between Cross Passage N15 & N16, West Carriageway, Northbound","06203","North South Motorway","L002","2153","SL153","Invert Between Cross Passage N15 & N16, West Carriageway, Northbound","2153","Co_80_35_75","Road networks","En_80_96_90","Tunnels","SL_80_96_64","Platform tunnels","6/06/2025 4:35 PM","Tay, Bryan","201"
"3IN","RL16Y1","LH67M9","SL154","Invert Between Cross Passage N15 & N16, East Carriageway, Southbound","L002","06203-L002-SL154","North South Motorway;Northern Tunnels;Invert Between Cross Passage N15 & N16, East Carriageway, Southbound","06203","North South Motorway","L002","2154","SL154","Invert Between Cross Passage N15 & N16, East Carriageway, Southbound","2154","Co_80_35_75","Road networks","En_80_96_90","Tunnels","SL_80_96_64","Platform tunnels","6/06/2025 4:35 PM","Tay, Bryan","202"
"3XP","GK84E9","LH67M9","SN160","Cross Passage N16","L002","06203-L002-SN160","North South Motorway;Northern Tunnels;Cross Passage N16","06203","North South Motorway","L002","2160","SN160","Cross Passage N16","2160","Co_80_35_75","Road networks","En_80_96_90","Tunnels","SL_80_96_18","Crossover tunnels","6/06/2025 4:35 PM","Tay, Bryan","203"
"3CW","XC79B9","LH67M9","SL161","Between Cross Passage N16 & N17, West Carriageway, Northbound","L002","06203-L002-SL161","North South Motorway;Northern Tunnels;Between Cross Passage N16 & N17, West Carriageway, Northbound","06203","North South Motorway","L002","Northern Tunnels","SL161","Between Cross Passage N16 & N17, West Carriageway, Northbound","2161,2166","Co_80_35_75","Road networks","En_80_96_90","Tunnels","SL_80_35_74","Road sections","16/04/2026 10:51 AM","John Marsden-T2D","204"
"3CW","DO99K7","LH67M9","SL162","Between Cross Passage N16 & N17, East Carriageway, Southbound","L002","06203-L002-SL162","North South Motorway;Northern Tunnels;Between Cross Passage N16 & N17, East Carriageway, Southbound","06203","North South Motorway","L002","Northern Tunnels","SL162","Between Cross Passage N16 & N17, East Carriageway, Southbound","2162,2167","Co_80_35_75","Road networks","En_80_96_90","Tunnels","SL_80_35_74","Road sections","16/04/2026 10:51 AM","John Marsden-T2D","205"
"3IN","RD73I5","LH67M9","SL163","Invert Between Cross Passage N16 & N17, West Carriageway, Northbound","L002","06203-L002-SL163","North South Motorway;Northern Tunnels;Invert Between Cross Passage N16 & N17, West Carriageway, Northbound","06203","North South Motorway","L002","2163","SL163","Invert Between Cross Passage N16 & N17, West Carriageway, Northbound","2163","Co_80_35_75","Road networks","En_80_96_90","Tunnels","SL_80_96_64","Platform tunnels","6/06/2025 4:35 PM","Tay, Bryan","206"
"3IN","KO03Y6","LH67M9","SL164","Invert Between Cross Passage N16 & N17, East Carriageway, Southbound","L002","06203-L002-SL164","North South Motorway;Northern Tunnels;Invert Between Cross Passage N16 & N17, East Carriageway, Southbound","06203","North South Motorway","L002","2164","SL164","Invert Between Cross Passage N16 & N17, East Carriageway, Southbound","2164","Co_80_35_75","Road networks","En_80_96_90","Tunnels","SL_80_96_64","Platform tunnels","6/06/2025 4:35 PM","Tay, Bryan","207"
"3XP","NO25X9","LH67M9","SN170","Cross Passage N17","L002","06203-L002-SN170","North South Motorway;Northern Tunnels;Cross Passage N17","06203","North South Motorway","L002","2170","SN170","Cross Passage N17","2170","Co_80_35_75","Road networks","En_80_96_90","Tunnels","SL_80_96_18","Crossover tunnels","6/06/2025 4:35 PM","Tay, Bryan","208"
"3CW","HB57W5","LH67M9","SL171","Between Cross Passage N17 & N18, West Carriageway, Northbound","L002","06203-L002-SL171","North South Motorway;Northern Tunnels;Between Cross Passage N17 & N18, West Carriageway, Northbound","06203","North South Motorway","L002","Northern Tunnels","SL171","Between Cross Passage N17 & N18, West Carriageway, Northbound","2171,2176","Co_80_35_75","Road networks","En_80_96_90","Tunnels","SL_80_35_74","Road sections","16/04/2026 10:51 AM","John Marsden-T2D","209"
"3CW","JF04A5","LH67M9","SL172","Between Cross Passage N17 & N18, East Carriageway, Southbound","L002","06203-L002-SL172","North South Motorway;Northern Tunnels;Between Cross Passage N17 & N18, East Carriageway, Southbound","06203","North South Motorway","L002","Northern Tunnels","SL172","Between Cross Passage N17 & N18, East Carriageway, Southbound","2172,2177","Co_80_35_75","Road networks","En_80_96_90","Tunnels","SL_80_35_74","Road sections","16/04/2026 10:51 AM","John Marsden-T2D","210"
"3IN","XM50I0","LH67M9","SL173","Invert Between Cross Passage N17 & N18, West Carriageway, Northbound","L002","06203-L002-SL173","North South Motorway;Northern Tunnels;Invert Between Cross Passage N17 & N18, West Carriageway, Northbound","06203","North South Motorway","L002","2173","SL173","Invert Between Cross Passage N17 & N18, West Carriageway, Northbound","2173","Co_80_35_75","Road networks","En_80_96_90","Tunnels","SL_80_96_64","Platform tunnels","6/06/2025 4:35 PM","Tay, Bryan","211"
"3IN","SB92H9","LH67M9","SL174","Invert Between Cross Passage N17 & N18, East Carriageway, Southbound","L002","06203-L002-SL174","North South Motorway;Northern Tunnels;Invert Between Cross Passage N17 & N18, East Carriageway, Southbound","06203","North South Motorway","L002","2174","SL174","Invert Between Cross Passage N17 & N18, East Carriageway, Southbound","2174","Co_80_35_75","Road networks","En_80_96_90","Tunnels","SL_80_96_64","Platform tunnels","6/06/2025 4:35 PM","Tay, Bryan","212"
"3XP","QO15G7","LH67M9","SN180","Cross Passage N18","L002","06203-L002-SN180","North South Motorway;Northern Tunnels;Cross Passage N18","06203","North South Motorway","L002","2180","SN180","Cross Passage N18","2180","Co_80_35_75","Road networks","En_80_96_90","Tunnels","SL_80_96_18","Crossover tunnels","6/06/2025 4:35 PM","Tay, Bryan","213"
"3CW","BW91M4","LH67M9","SL181","Between Cross Passage N18 & N19, West Carriageway, Northbound","L002","06203-L002-SL181","North South Motorway;Northern Tunnels;Between Cross Passage N18 & N19, West Carriageway, Northbound","06203","North South Motorway","L002","Northern Tunnels","SL181","Between Cross Passage N18 & N19, West Carriageway, Northbound","2181,2186","Co_80_35_75","Road networks","En_80_96_90","Tunnels","SL_80_35_74","Road sections","16/04/2026 10:51 AM","John Marsden-T2D","214"
"3CW","AM65Q4","LH67M9","SL182","Between Cross Passage N18 & N19, East Carriageway, Southbound","L002","06203-L002-SL182","North South Motorway;Northern Tunnels;Between Cross Passage N18 & N19, East Carriageway, Southbound","06203","North South Motorway","L002","Northern Tunnels","SL182","Between Cross Passage N18 & N19, East Carriageway, Southbound","2182,2187","Co_80_35_75","Road networks","En_80_96_90","Tunnels","SL_80_35_74","Road sections","16/04/2026 10:51 AM","John Marsden-T2D","215"
"3IN","KL24R2","LH67M9","SL183","Invert Between Cross Passage N18 & N19, West Carriageway, Northbound","L002","06203-L002-SL183","North South Motorway;Northern Tunnels;Invert Between Cross Passage N18 & N19, West Carriageway, Northbound","06203","North South Motorway","L002","2183","SL183","Invert Between Cross Passage N18 & N19, West Carriageway, Northbound","2183","Co_80_35_75","Road networks","En_80_96_90","Tunnels","SL_80_96_64","Platform tunnels","6/06/2025 4:35 PM","Tay, Bryan","216"
"3IN","IQ31P7","LH67M9","SL184","Invert Between Cross Passage N18 & N19, East Carriageway, Southbound","L002","06203-L002-SL184","North South Motorway;Northern Tunnels;Invert Between Cross Passage N18 & N19, East Carriageway, Southbound","06203","North South Motorway","L002","2184","SL184","Invert Between Cross Passage N18 & N19, East Carriageway, Southbound","2184","Co_80_35_75","Road networks","En_80_96_90","Tunnels","SL_80_96_64","Platform tunnels","6/06/2025 4:35 PM","Tay, Bryan","217"
"3XP","AJ46U6","LH67M9","SN190","Cross Passage N19","L002","06203-L002-SN190","North South Motorway;Northern Tunnels;Cross Passage N19","06203","North South Motorway","L002","2190","SN190","Cross Passage N19","2190","Co_80_35_75","Road networks","En_80_96_90","Tunnels","SL_80_96_18","Crossover tunnels","6/06/2025 4:35 PM","Tay, Bryan","218"
"3CW","MB79X7","LH67M9","SL191","Between Cross Passage N19 & NTSP, West Carriageway, Northbound","L002","06203-L002-SL191","North South Motorway;Northern Tunnels;Between Cross Passage N19 & NTSP, West Carriageway, Northbound","06203","North South Motorway","L002","Northern Tunnels","SL191","Between Cross Passage N19 & NTSP, West Carriageway, Northbound","2191,2196","Co_80_35_75","Road networks","En_80_96_90","Tunnels","SL_80_35_74","Road sections","16/04/2026 10:51 AM","John Marsden-T2D","219"
"3CW","MY69D7","LH67M9","SL192","Between Cross Passage N19 & NTSP, East Carriageway, Southbound","L002","06203-L002-SL192","North South Motorway;Northern Tunnels;Between Cross Passage N19 & NTSP, East Carriageway, Southbound","06203","North South Motorway","L002","Northern Tunnels","SL192","Between Cross Passage N19 & NTSP, East Carriageway, Southbound","2192,2197","Co_80_35_75","Road networks","En_80_96_90","Tunnels","SL_80_35_74","Road sections","16/04/2026 10:51 AM","John Marsden-T2D","220"
"3IN","DS06L8","LH67M9","SL193","Invert Between Cross Passage N19 & NTSP, West Carriageway, Northbound","L002","06203-L002-SL193","North South Motorway;Northern Tunnels;Invert Between Cross Passage N19 & NTSP, West Carriageway, Northbound","06203","North South Motorway","L002","2193","SL193","Invert Between Cross Passage N19 & NTSP, West Carriageway, Northbound","2193","Co_80_35_75","Road networks","En_80_96_90","Tunnels","SL_80_96_64","Platform tunnels","6/06/2025 4:35 PM","Tay, Bryan","221"
"3IN","FE68Y5","LH67M9","SL194","Invert Between Cross Passage N19 & NTSP, East Carriageway, Southbound","L002","06203-L002-SL194","North South Motorway;Northern Tunnels;Invert Between Cross Passage N19 & NTSP, East Carriageway, Southbound","06203","North South Motorway","L002","2194","SL194","Invert Between Cross Passage N19 & NTSP, East Carriageway, Southbound","2194","Co_80_35_75","Road networks","En_80_96_90","Tunnels","SL_80_96_64","Platform tunnels","6/06/2025 4:35 PM","Tay, Bryan","222"
"3FC","WS98E8","RL30D3","SB01","Sump Space, Base Slab Level","B001","F0381-B001-SB01","Southern Tunnel, Southern Portal (STSP);Hydrocarbon Sump;Sump Space, Base Slab Level","F0381","Southern Tunnel, Southern Portal (STSP);Hydrocarbon Sump;Sump Space, Base Slab Level","B001","Hydrocarbon Sump","SB01","Sump Space, Base Slab Level","3811","Co_80_35_75","Road networks","En_80_96_91","Tunnel portals","SL_50_30","Drainage collection spaces","15/04/2026 1:46 PM","John Marsden-T2D","225"
"3SP","AP58W0","EK14W1","SL821","Southern Tunnel Sump, West Carriageway, Northbound","L003","06203-L003-SL821","North South Motorway;Southern Tunnels;Southern Tunnel Sump, West Carriageway, Northbound","06203","North South Motorway","L003","Southern Tunnels","SL821","Southern Tunnel Sump, West Carriageway, Northbound","3821","Co_80_35_75","Road networks","En_80_96_90","Tunnels","SL_50_30","Drainage collection spaces","15/10/2025 11:56 AM","John Marsden-T2D","228"
"3SP","BW93X7","EK14W1","SL822","Southern Tunnel Sump, East Carriageway, Southbound","L003","06203-L003-SL822","North South Motorway;Southern Tunnels;Southern Tunnel Sump, East Carriageway, Southbound","06203","North South Motorway","L003","Southern Tunnels","SL822","Southern Tunnel Sump, East Carriageway, Southbound","3822","Co_80_35_75","Road networks","En_80_96_90","Tunnels","SL_50_30","Drainage collection spaces","15/10/2025 11:56 AM","John Marsden-T2D","229"
"3SP","BA81E9","EK14W1","SL823","Southern Tunnel Sump Invert, West Carriageway, Northbound","L003","06203-L003-SL823","North South Motorway;Southern Tunnels;Southern Tunnel Sump Invert, West Carriageway, Northbound","06203","North South Motorway","L003","Southern Tunnels","SL823","Southern Tunnel Sump Invert, West Carriageway, Northbound","3823","Co_80_35_75","Road networks","En_80_96_90","Tunnels","SL_50_30","Drainage collection spaces","15/10/2025 11:56 AM","John Marsden-T2D","230"
"3SP","BS64V4","EK14W1","SL824","Southern Tunnel Sump Invert, East Carriageway, Southbound","L003","06203-L003-SL824","North South Motorway;Southern Tunnels;Southern Tunnel Sump Invert, East Carriageway, Southbound","06203","North South Motorway","L003","Southern Tunnels","SL824","Southern Tunnel Sump Invert, East Carriageway, Southbound","3824","Co_80_35_75","Road networks","En_80_96_90","Tunnels","SL_50_30","Drainage collection spaces","15/10/2025 11:56 AM","John Marsden-T2D","231"
"3CW","EQ82U0","EK14W1","SL001","Between STNP & Cross Passage S01, West Carriageway, Northbound","L003","06203-L003-SL001","North South Motorway;Southern Tunnels;Between STNP & Cross Passage S01, West Carriageway, Northbound","06203","North South Motorway","L003","Southern Tunnels","SL001","Between STNP & Cross Passage S01, West Carriageway, Northbound","3001,3006","Co_80_35_75","Road networks","En_80_96_90","Tunnels","SL_80_35_74","Road sections","16/04/2026 11:01 AM","John Marsden-T2D","233"
"3CW","WO12O0","EK14W1","SL002","Between STNP & Cross Passage S01, East Carriageway, Southbound","L003","06203-L003-SL002","North South Motorway;Southern Tunnels;Between STNP & Cross Passage S01, East Carriageway, Southbound","06203","North South Motorway","L003","Southern Tunnels","SL002","Between STNP & Cross Passage S01, East Carriageway, Southbound","3002,3007","Co_80_35_75","Road networks","En_80_96_90","Tunnels","SL_80_35_74","Road sections","16/04/2026 11:01 AM","John Marsden-T2D","234"
"3IN","TR45R4","EK14W1","SL003","Invert Between STNP & Cross Passage S01, West Carriageway, Northbound","L003","06203-L003-SL003","North South Motorway;Southern Tunnels;Invert Between STNP & Cross Passage S01, West Carriageway, Northbound","06203","North South Motorway","L003","3003","SL003","Invert Between STNP & Cross Passage S01, West Carriageway, Northbound","3003","Co_80_35_75","Road networks","En_80_96_90","Tunnels","SL_80_96_64","Platform tunnels","6/06/2025 4:37 PM","Tay, Bryan","235"
"3IN","TX35J8","EK14W1","SL004","Invert Between STNP & Cross Passage S01, East Carriageway, Southbound","L003","06203-L003-SL004","North South Motorway;Southern Tunnels;Invert Between STNP & Cross Passage S01, East Carriageway, Southbound","06203","North South Motorway","L003","3004","SL004","Invert Between STNP & Cross Passage S01, East Carriageway, Southbound","3004","Co_80_35_75","Road networks","En_80_96_90","Tunnels","SL_80_96_64","Platform tunnels","6/06/2025 4:37 PM","Tay, Bryan","236"
"3XP","UU59V1","EK14W1","SN010","Cross Passage S01","L003","06203-L003-SN010","North South Motorway;Southern Tunnels;Cross Passage S01","06203","North South Motorway","L003","3010","SN010","Cross Passage S01","3010","Co_80_35_75","Road networks","En_80_96_90","Tunnels","SL_80_96_18","Crossover tunnels","6/06/2025 4:37 PM","Tay, Bryan","237"
"3CW","ZW27O3","EK14W1","SL011","Between Cross Passage S01 & S02, West Carriageway, Northbound","L003","06203-L003-SL011","North South Motorway;Southern Tunnels;Between Cross Passage S01 & S02, West Carriageway, Northbound","06203","North South Motorway","L003","Southern Tunnels","SL011","Between Cross Passage S01 & S02, West Carriageway, Northbound","3011,3016","Co_80_35_75","Road networks","En_80_96_90","Tunnels","SL_80_35_74","Road sections","16/04/2026 11:01 AM","John Marsden-T2D","238"
"3CW","NU50Z9","EK14W1","SL012","Between Cross Passage S01 & S02, East Carriageway, Southbound","L003","06203-L003-SL012","North South Motorway;Southern Tunnels;Between Cross Passage S01 & S02, East Carriageway, Southbound","06203","North South Motorway","L003","Southern Tunnels","SL012","Between Cross Passage S01 & S02, East Carriageway, Southbound","3012,3017","Co_80_35_75","Road networks","En_80_96_90","Tunnels","SL_80_35_74","Road sections","16/04/2026 11:01 AM","John Marsden-T2D","239"
"3IN","VZ39W9","EK14W1","SL013","Invert Between Cross Passage S01 & S02, West Carriageway, Northbound","L003","06203-L003-SL013","North South Motorway;Southern Tunnels;Invert Between Cross Passage S01 & S02, West Carriageway, Northbound","06203","North South Motorway","L003","3013","SL013","Invert Between Cross Passage S01 & S02, West Carriageway, Northbound","3013","Co_80_35_75","Road networks","En_80_96_90","Tunnels","SL_80_96_64","Platform tunnels","6/06/2025 4:37 PM","Tay, Bryan","240"
"3IN","PV04L0","EK14W1","SL014","Invert Between Cross Passage S01 & S02, East Carriageway, Southbound","L003","06203-L003-SL014","North South Motorway;Southern Tunnels;Invert Between Cross Passage S01 & S02, East Carriageway, Southbound","06203","North South Motorway","L003","3014","SL014","Invert Between Cross Passage S01 & S02, East Carriageway, Southbound","3014","Co_80_35_75","Road networks","En_80_96_90","Tunnels","SL_80_96_64","Platform tunnels","6/06/2025 4:37 PM","Tay, Bryan","241"
"3XP","PP06R1","EK14W1","SN020","Cross Passage S02","L003","06203-L003-SN020","North South Motorway;Southern Tunnels;Cross Passage S02","06203","North South Motorway","L003","3020","SN020","Cross Passage S02","3020","Co_80_35_75","Road networks","En_80_96_90","Tunnels","SL_80_96_18","Crossover tunnels","6/06/2025 4:37 PM","Tay, Bryan","242"
"3CW","ZN66B6","EK14W1","SL021","Between Cross Passage S02 & S03, West Carriageway, Northbound","L003","06203-L003-SL021","North South Motorway;Southern Tunnels;Between Cross Passage S02 & S03, West Carriageway, Northbound","06203","North South Motorway","L003","Southern Tunnels","SL021","Between Cross Passage S02 & S03, West Carriageway, Northbound","3021,3026","Co_80_35_75","Road networks","En_80_96_90","Tunnels","SL_80_35_74","Road sections","16/04/2026 11:01 AM","John Marsden-T2D","243"
"3CW","VI85E4","EK14W1","SL022","Between Cross Passage S02 & S03, East Carriageway, Southbound","L003","06203-L003-SL022","North South Motorway;Southern Tunnels;Between Cross Passage S02 & S03, East Carriageway, Southbound","06203","North South Motorway","L003","Southern Tunnels","SL022","Between Cross Passage S02 & S03, East Carriageway, Southbound","3022,3027","Co_80_35_75","Road networks","En_80_96_90","Tunnels","SL_80_35_74","Road sections","16/04/2026 11:01 AM","John Marsden-T2D","247"
"3IN","KV14N0","EK14W1","SL023","Invert Between Cross Passage S02 & S03, West Carriageway, Northbound","L003","06203-L003-SL023","North South Motorway;Southern Tunnels;Invert Between Cross Passage S02 & S03, West Carriageway, Northbound","06203","North South Motorway","L003","3023","SL023","Invert Between Cross Passage S02 & S03, West Carriageway, Northbound","3023","Co_80_35_75","Road networks","En_80_96_90","Tunnels","SL_80_96_64","Platform tunnels","6/06/2025 4:37 PM","Tay, Bryan","248"
"3IN","ML65H1","EK14W1","SL024","Invert Between Cross Passage S02 & S03, East Carriageway, Southbound","L003","06203-L003-SL024","North South Motorway;Southern Tunnels;Invert Between Cross Passage S02 & S03, East Carriageway, Southbound","06203","North South Motorway","L003","3024","SL024","Invert Between Cross Passage S02 & S03, East Carriageway, Southbound","3024","Co_80_35_75","Road networks","En_80_96_90","Tunnels","SL_80_96_64","Platform tunnels","6/06/2025 4:37 PM","Tay, Bryan","249"
"3XP","OY56P8","EK14W1","SN030","Cross Passage S03","L003","06203-L003-SN030","North South Motorway;Southern Tunnels;Cross Passage S03","06203","North South Motorway","L003","3030","SN030","Cross Passage S03","3030","Co_80_35_75","Road networks","En_80_96_90","Tunnels","SL_80_96_18","Crossover tunnels","6/06/2025 4:37 PM","Tay, Bryan","250"
"3CW","SV23Z9","EK14W1","SL031","Between Cross Passage S03 & S04, West Carriageway, Northbound","L003","06203-L003-SL031","North South Motorway;Southern Tunnels;Between Cross Passage S03 & S04, West Carriageway, Northbound","06203","North South Motorway","L003","Southern Tunnels","SL031","Between Cross Passage S03 & S04, West Carriageway, Northbound","3031,3036","Co_80_35_75","Road networks","En_80_96_90","Tunnels","SL_80_35_74","Road sections","16/04/2026 11:01 AM","John Marsden-T2D","251"
"3CW","GW50I3","EK14W1","SL032","Between Cross Passage S03 & S04, East Carriageway, Southbound","L003","06203-L003-SL032","North South Motorway;Southern Tunnels;Between Cross Passage S03 & S04, East Carriageway, Southbound","06203","North South Motorway","L003","Southern Tunnels","SL032","Between Cross Passage S03 & S04, East Carriageway, Southbound","3032,3037","Co_80_35_75","Road networks","En_80_96_90","Tunnels","SL_80_35_74","Road sections","16/04/2026 11:01 AM","John Marsden-T2D","252"
"3IN","BV51P5","EK14W1","SL033","Invert Between Cross Passage S03 & S04, West Carriageway, Northbound","L003","06203-L003-SL033","North South Motorway;Southern Tunnels;Invert Between Cross Passage S03 & S04, West Carriageway, Northbound","06203","North South Motorway","L003","3033","SL033","Invert Between Cross Passage S03 & S04, West Carriageway, Northbound","3033","Co_80_35_75","Road networks","En_80_96_90","Tunnels","SL_80_96_64","Platform tunnels","6/06/2025 4:37 PM","Tay, Bryan","253"
"3IN","EZ85I8","EK14W1","SL034","Invert Between Cross Passage S03 & S04, East Carriageway, Southbound","L003","06203-L003-SL034","North South Motorway;Southern Tunnels;Invert Between Cross Passage S03 & S04, East Carriageway, Southbound","06203","North South Motorway","L003","3034","SL034","Invert Between Cross Passage S03 & S04, East Carriageway, Southbound","3034","Co_80_35_75","Road networks","En_80_96_90","Tunnels","SL_80_96_64","Platform tunnels","6/06/2025 4:37 PM","Tay, Bryan","254"
"3XP","IH30A9","EK14W1","SN040","Cross Passage S04","L003","06203-L003-SN040","North South Motorway;Southern Tunnels;Cross Passage S04","06203","North South Motorway","L003","3040","SN040","Cross Passage S04","3040","Co_80_35_75","Road networks","En_80_96_90","Tunnels","SL_80_96_18","Crossover tunnels","6/06/2025 4:37 PM","Tay, Bryan","255"
"3CW","AY55H3","EK14W1","SL041","Between Cross Passage S04 & S05, West Carriageway, Northbound","L003","06203-L003-SL041","North South Motorway;Southern Tunnels;Between Cross Passage S04 & S05, West Carriageway, Northbound","06203","North South Motorway","L003","Southern Tunnels","SL041","Between Cross Passage S04 & S05, West Carriageway, Northbound","3041,3046","Co_80_35_75","Road networks","En_80_96_90","Tunnels","SL_80_35_74","Road sections","16/04/2026 11:01 AM","John Marsden-T2D","256"
"3CW","TA47L1","EK14W1","SL042","Between Cross Passage S04 & S05, East Carriageway, Southbound","L003","06203-L003-SL042","North South Motorway;Southern Tunnels;Between Cross Passage S04 & S05, East Carriageway, Southbound","06203","North South Motorway","L003","Southern Tunnels","SL042","Between Cross Passage S04 & S05, East Carriageway, Southbound","3042,3047","Co_80_35_75","Road networks","En_80_96_90","Tunnels","SL_80_35_74","Road sections","16/04/2026 11:01 AM","John Marsden-T2D","257"
"3IN","OC17D5","EK14W1","SL043","Invert Between Cross Passage S04 & S05, West Carriageway, Northbound","L003","06203-L003-SL043","North South Motorway;Southern Tunnels;Invert Between Cross Passage S04 & S05, West Carriageway, Northbound","06203","North South Motorway","L003","3043","SL043","Invert Between Cross Passage S04 & S05, West Carriageway, Northbound","3043","Co_80_35_75","Road networks","En_80_96_90","Tunnels","SL_80_96_64","Platform tunnels","6/06/2025 4:37 PM","Tay, Bryan","258"
"3IN","IR78N6","EK14W1","SL044","Invert Between Cross Passage S04 & S05, East Carriageway, Southbound","L003","06203-L003-SL044","North South Motorway;Southern Tunnels;Invert Between Cross Passage S04 & S05, East Carriageway, Southbound","06203","North South Motorway","L003","3044","SL044","Invert Between Cross Passage S04 & S05, East Carriageway, Southbound","3044","Co_80_35_75","Road networks","En_80_96_90","Tunnels","SL_80_96_64","Platform tunnels","6/06/2025 4:37 PM","Tay, Bryan","259"
"3XP","NT99H5","EK14W1","SN050","Cross Passage S05","L003","06203-L003-SN050","North South Motorway;Southern Tunnels;Cross Passage S05","06203","North South Motorway","L003","3050","SN050","Cross Passage S05","3050","Co_80_35_75","Road networks","En_80_96_90","Tunnels","SL_80_96_18","Crossover tunnels","6/06/2025 4:37 PM","Tay, Bryan","260"
"3CW","BC45S7","EK14W1","SL051","Between Cross Passage S05 & S06, West Carriageway, Northbound","L003","06203-L003-SL051","North South Motorway;Southern Tunnels;Between Cross Passage S05 & S06, West Carriageway, Northbound","06203","North South Motorway","L003","Southern Tunnels","SL051","Between Cross Passage S05 & S06, West Carriageway, Northbound","3051,3056","Co_80_35_75","Road networks","En_80_96_90","Tunnels","SL_80_35_74","Road sections","16/04/2026 11:01 AM","John Marsden-T2D","261"
"3CW","HZ19N1","EK14W1","SL052","Between Cross Passage S05 & S06, East Carriageway, Southbound","L003","06203-L003-SL052","North South Motorway;Southern Tunnels;Between Cross Passage S05 & S06, East Carriageway, Southbound","06203","North South Motorway","L003","Southern Tunnels","SL052","Between Cross Passage S05 & S06, East Carriageway, Southbound","3052,3057","Co_80_35_75","Road networks","En_80_96_90","Tunnels","SL_80_35_74","Road sections","16/04/2026 11:01 AM","John Marsden-T2D","262"
"3IN","PD95H4","EK14W1","SL053","Invert Between Cross Passage S05 & S06, West Carriageway, Northbound","L003","06203-L003-SL053","North South Motorway;Southern Tunnels;Invert Between Cross Passage S05 & S06, West Carriageway, Northbound","06203","North South Motorway","L003","3053","SL053","Invert Between Cross Passage S05 & S06, West Carriageway, Northbound","3053","Co_80_35_75","Road networks","En_80_96_90","Tunnels","SL_80_96_64","Platform tunnels","6/06/2025 4:37 PM","Tay, Bryan","263"
"3IN","DK28A2","EK14W1","SL054","Invert Between Cross Passage S05 & S06, East Carriageway, Southbound","L003","06203-L003-SL054","North South Motorway;Southern Tunnels;Invert Between Cross Passage S05 & S06, East Carriageway, Southbound","06203","North South Motorway","L003","3054","SL054","Invert Between Cross Passage S05 & S06, East Carriageway, Southbound","3054","Co_80_35_75","Road networks","En_80_96_90","Tunnels","SL_80_96_64","Platform tunnels","6/06/2025 4:37 PM","Tay, Bryan","264"
"3XP","AK78L2","EK14W1","SN060","Cross Passage S06","L003","06203-L003-SN060","North South Motorway;Southern Tunnels;Cross Passage S06","06203","North South Motorway","L003","3060","SN060","Cross Passage S06","3060","Co_80_35_75","Road networks","En_80_96_90","Tunnels","SL_80_96_18","Crossover tunnels","6/06/2025 4:37 PM","Tay, Bryan","265"
"3CW","QE00A3","EK14W1","SL061","Between Cross Passage S06 & S07, West Carriageway, Northbound","L003","06203-L003-SL061","North South Motorway;Southern Tunnels;Between Cross Passage S06 & S07, West Carriageway, Northbound","06203","North South Motorway","L003","Southern Tunnels","SL061","Between Cross Passage S06 & S07, West Carriageway, Northbound","3061,3066","Co_80_35_75","Road networks","En_80_96_90","Tunnels","SL_80_35_74","Road sections","16/04/2026 11:01 AM","John Marsden-T2D","266"
"3CW","YX49Q8","EK14W1","SL062","Between Cross Passage S06 & S07, East Carriageway, Southbound","L003","06203-L003-SL062","North South Motorway;Southern Tunnels;Between Cross Passage S06 & S07, East Carriageway, Southbound","06203","North South Motorway","L003","Southern Tunnels","SL062","Between Cross Passage S06 & S07, East Carriageway, Southbound","3062,3067","Co_80_35_75","Road networks","En_80_96_90","Tunnels","SL_80_35_74","Road sections","16/04/2026 11:01 AM","John Marsden-T2D","267"
"3IN","PW30P7","EK14W1","SL063","Invert Between Cross Passage S06 & S07, West Carriageway, Northbound","L003","06203-L003-SL063","North South Motorway;Southern Tunnels;Invert Between Cross Passage S06 & S07, West Carriageway, Northbound","06203","North South Motorway","L003","3063","SL063","Invert Between Cross Passage S06 & S07, West Carriageway, Northbound","3063","Co_80_35_75","Road networks","En_80_96_90","Tunnels","SL_80_96_64","Platform tunnels","6/06/2025 4:37 PM","Tay, Bryan","268"
"3IN","DT46B4","EK14W1","SL064","Invert Between Cross Passage S06 & S07, East Carriageway, Southbound","L003","06203-L003-SL064","North South Motorway;Southern Tunnels;Invert Between Cross Passage S06 & S07, East Carriageway, Southbound","06203","North South Motorway","L003","3064","SL064","Invert Between Cross Passage S06 & S07, East Carriageway, Southbound","3064","Co_80_35_75","Road networks","En_80_96_90","Tunnels","SL_80_96_64","Platform tunnels","6/06/2025 4:37 PM","Tay, Bryan","269"
"3XP","XO22G8","EK14W1","SN070","Cross Passage S07","L003","06203-L003-SN070","North South Motorway;Southern Tunnels;Cross Passage S07","06203","North South Motorway","L003","3070","SN070","Cross Passage S07","3070","Co_80_35_75","Road networks","En_80_96_90","Tunnels","SL_80_96_18","Crossover tunnels","6/06/2025 4:37 PM","Tay, Bryan","270"
"3CW","KC04K4","EK14W1","SL071","Between Cross Passage S07 & S08, West Carriageway, Northbound","L003","06203-L003-SL071","North South Motorway;Southern Tunnels;Between Cross Passage S07 & S08, West Carriageway, Northbound","06203","North South Motorway","L003","Southern Tunnels","SL071","Between Cross Passage S07 & S08, West Carriageway, Northbound","3071,3076","Co_80_35_75","Road networks","En_80_96_90","Tunnels","SL_80_35_74","Road sections","16/04/2026 11:01 AM","John Marsden-T2D","271"
"3CW","XX08Y5","EK14W1","SL072","Between Cross Passage S07 & S08, East Carriageway, Southbound","L003","06203-L003-SL072","North South Motorway;Southern Tunnels;Between Cross Passage S07 & S08, East Carriageway, Southbound","06203","North South Motorway","L003","Southern Tunnels","SL072","Between Cross Passage S07 & S08, East Carriageway, Southbound","3072,3077","Co_80_35_75","Road networks","En_80_96_90","Tunnels","SL_80_35_74","Road sections","16/04/2026 11:02 AM","John Marsden-T2D","272"
"3IN","NA10B9","EK14W1","SL073","Invert Between Cross Passage S07 & S08, West Carriageway, Northbound","L003","06203-L003-SL073","North South Motorway;Southern Tunnels;Invert Between Cross Passage S07 & S08, West Carriageway, Northbound","06203","North South Motorway","L003","3073","SL073","Invert Between Cross Passage S07 & S08, West Carriageway, Northbound","3073","Co_80_35_75","Road networks","En_80_96_90","Tunnels","SL_80_96_64","Platform tunnels","6/06/2025 4:37 PM","Tay, Bryan","273"
"3IN","HT69E5","EK14W1","SL074","Invert Between Cross Passage S07 & S08, East Carriageway, Southbound","L003","06203-L003-SL074","North South Motorway;Southern Tunnels;Invert Between Cross Passage S07 & S08, East Carriageway, Southbound","06203","North South Motorway","L003","3074","SL074","Invert Between Cross Passage S07 & S08, East Carriageway, Southbound","3074","Co_80_35_75","Road networks","En_80_96_90","Tunnels","SL_80_96_64","Platform tunnels","6/06/2025 4:37 PM","Tay, Bryan","278"
"3XP","QF76K8","EK14W1","SN080","Cross Passage S08","L003","06203-L003-SN080","North South Motorway;Southern Tunnels;Cross Passage S08","06203","North South Motorway","L003","3080","SN080","Cross Passage S08","3080","Co_80_35_75","Road networks","En_80_96_90","Tunnels","SL_80_96_18","Crossover tunnels","6/06/2025 4:37 PM","Tay, Bryan","279"
"3CW","DP11P2","EK14W1","SL081","Between Cross Passage S08 & S09, West Carriageway, Northbound","L003","06203-L003-SL081","North South Motorway;Southern Tunnels;Between Cross Passage S08 & S09, West Carriageway, Northbound","06203","North South Motorway","L003","Southern Tunnels","SL081","Between Cross Passage S08 & S09, West Carriageway, Northbound","3081,3086","Co_80_35_75","Road networks","En_80_96_90","Tunnels","SL_80_35_74","Road sections","16/04/2026 11:02 AM","John Marsden-T2D","280"
"3CW","JU97H6","EK14W1","SL082","Between Cross Passage S08 & S09, East Carriageway, Southbound","L003","06203-L003-SL082","North South Motorway;Southern Tunnels;Between Cross Passage S08 & S09, East Carriageway, Southbound","06203","North South Motorway","L003","Southern Tunnels","SL082","Between Cross Passage S08 & S09, East Carriageway, Southbound","3082,3087","Co_80_35_75","Road networks","En_80_96_90","Tunnels","SL_80_35_74","Road sections","16/04/2026 11:02 AM","John Marsden-T2D","281"
"3IN","GH69Q8","EK14W1","SL083","Invert Between Cross Passage S08 & S09, West Carriageway, Northbound","L003","06203-L003-SL083","North South Motorway;Southern Tunnels;Invert Between Cross Passage S08 & S09, West Carriageway, Northbound","06203","North South Motorway","L003","3083","SL083","Invert Between Cross Passage S08 & S09, West Carriageway, Northbound","3083","Co_80_35_75","Road networks","En_80_96_90","Tunnels","SL_80_96_64","Platform tunnels","6/06/2025 4:37 PM","Tay, Bryan","282"
"3IN","PE33Z4","EK14W1","SL084","Invert Between Cross Passage S08 & S09, East Carriageway, Southbound","L003","06203-L003-SL084","North South Motorway;Southern Tunnels;Invert Between Cross Passage S08 & S09, East Carriageway, Southbound","06203","North South Motorway","L003","3084","SL084","Invert Between Cross Passage S08 & S09, East Carriageway, Southbound","3084","Co_80_35_75","Road networks","En_80_96_90","Tunnels","SL_80_96_64","Platform tunnels","6/06/2025 4:37 PM","Tay, Bryan","283"
"3XP","TD88Q0","EK14W1","SN090","Cross Passage S09","L003","06203-L003-SN090","North South Motorway;Southern Tunnels;Cross Passage S09","06203","North South Motorway","L003","3090","SN090","Cross Passage S09","3090","Co_80_35_75","Road networks","En_80_96_90","Tunnels","SL_80_96_18","Crossover tunnels","6/06/2025 4:37 PM","Tay, Bryan","284"
"3CW","MV27I5","EK14W1","SL091","Between Cross Passage S09 & S10, West Carriageway, Northbound","L003","06203-L003-SL091","North South Motorway;Southern Tunnels;Between Cross Passage S09 & S10, West Carriageway, Northbound","06203","North South Motorway","L003","Southern Tunnels","SL091","Between Cross Passage S09 & S10, West Carriageway, Northbound","3091,3096","Co_80_35_75","Road networks","En_80_96_90","Tunnels","SL_80_35_74","Road sections","16/04/2026 11:02 AM","John Marsden-T2D","285"
"3CW","YT35E4","EK14W1","SL092","Between Cross Passage S09 & S10, East Carriageway, Southbound","L003","06203-L003-SL092","North South Motorway;Southern Tunnels;Between Cross Passage S09 & S10, East Carriageway, Southbound","06203","North South Motorway","L003","Southern Tunnels","SL092","Between Cross Passage S09 & S10, East Carriageway, Southbound","3092,3097","Co_80_35_75","Road networks","En_80_96_90","Tunnels","SL_80_35_74","Road sections","16/04/2026 11:02 AM","John Marsden-T2D","286"
"3IN","ZS06F9","EK14W1","SL093","Invert Between Cross Passage S09 & S10, West Carriageway, Northbound","L003","06203-L003-SL093","North South Motorway;Southern Tunnels;Invert Between Cross Passage S09 & S10, West Carriageway, Northbound","06203","North South Motorway","L003","3093","SL093","Invert Between Cross Passage S09 & S10, West Carriageway, Northbound","3093","Co_80_35_75","Road networks","En_80_96_90","Tunnels","SL_80_96_64","Platform tunnels","6/06/2025 4:37 PM","Tay, Bryan","287"
"3IN","AG77F3","EK14W1","SL094","Invert Between Cross Passage S09 & S10, East Carriageway, Southbound","L003","06203-L003-SL094","North South Motorway;Southern Tunnels;Invert Between Cross Passage S09 & S10, East Carriageway, Southbound","06203","North South Motorway","L003","3094","SL094","Invert Between Cross Passage S09 & S10, East Carriageway, Southbound","3094","Co_80_35_75","Road networks","En_80_96_90","Tunnels","SL_80_96_64","Platform tunnels","6/06/2025 4:37 PM","Tay, Bryan","288"
"3XP","SJ14J8","EK14W1","SN100","Cross Passage S10","L003","06203-L003-SN100","North South Motorway;Southern Tunnels;Cross Passage S10","06203","North South Motorway","L003","3100","SN100","Cross Passage S10","3100","Co_80_35_75","Road networks","En_80_96_90","Tunnels","SL_80_96_18","Crossover tunnels","6/06/2025 4:37 PM","Tay, Bryan","289"
"3CW","JB03C1","EK14W1","SL101","Between Cross Passage S10 & S11, West Carriageway, Northbound","L003","06203-L003-SL101","North South Motorway;Southern Tunnels;Between Cross Passage S10 & S11, West Carriageway, Northbound","06203","North South Motorway","L003","Southern Tunnels","SL101","Between Cross Passage S10 & S11, West Carriageway, Northbound","3101,3106","Co_80_35_75","Road networks","En_80_96_90","Tunnels","SL_80_35_74","Road sections","16/04/2026 11:02 AM","John Marsden-T2D","290"
"3CW","VK84U4","EK14W1","SL102","Between Cross Passage S10 & S11, East Carriageway, Southbound","L003","06203-L003-SL102","North South Motorway;Southern Tunnels;Between Cross Passage S10 & S11, East Carriageway, Southbound","06203","North South Motorway","L003","Southern Tunnels","SL102","Between Cross Passage S10 & S11, East Carriageway, Southbound","3102,3107","Co_80_35_75","Road networks","En_80_96_90","Tunnels","SL_80_35_74","Road sections","16/04/2026 11:02 AM","John Marsden-T2D","291"
"3IN","PS69A2","EK14W1","SL103","Invert Between Cross Passage S10 & S11, West Carriageway, Northbound","L003","06203-L003-SL103","North South Motorway;Southern Tunnels;Invert Between Cross Passage S10 & S11, West Carriageway, Northbound","06203","North South Motorway","L003","3103","SL103","Invert Between Cross Passage S10 & S11, West Carriageway, Northbound","3103","Co_80_35_75","Road networks","En_80_96_90","Tunnels","SL_80_96_64","Platform tunnels","6/06/2025 4:37 PM","Tay, Bryan","292"
"3IN","DB65G9","EK14W1","SL104","Invert Between Cross Passage S10 & S11, East Carriageway, Southbound","L003","06203-L003-SL104","North South Motorway;Southern Tunnels;Invert Between Cross Passage S10 & S11, East Carriageway, Southbound","06203","North South Motorway","L003","3104","SL104","Invert Between Cross Passage S10 & S11, East Carriageway, Southbound","3104","Co_80_35_75","Road networks","En_80_96_90","Tunnels","SL_80_96_64","Platform tunnels","6/06/2025 4:37 PM","Tay, Bryan","293"
"3XP","GL60O4","EK14W1","SN110","Cross Passage S11","L003","06203-L003-SN110","North South Motorway;Southern Tunnels;Cross Passage S11","06203","North South Motorway","L003","3110","SN110","Cross Passage S11","3110","Co_80_35_75","Road networks","En_80_96_90","Tunnels","SL_80_96_18","Crossover tunnels","6/06/2025 4:37 PM","Tay, Bryan","294"
"3CW","RQ80V5","EK14W1","SL111","Between Cross Passage S11 & S12, West Carriageway, Northbound","L003","06203-L003-SL111","North South Motorway;Southern Tunnels;Between Cross Passage S11 & S12, West Carriageway, Northbound","06203","North South Motorway","L003","Southern Tunnels","SL111","Between Cross Passage S11 & S12, West Carriageway, Northbound","3111,3116","Co_80_35_75","Road networks","En_80_96_90","Tunnels","SL_80_35_74","Road sections","16/04/2026 11:02 AM","John Marsden-T2D","295"
"3CW","XM83Q1","EK14W1","SL112","Between Cross Passage S11 & S12, East Carriageway, Southbound","L003","06203-L003-SL112","North South Motorway;Southern Tunnels;Between Cross Passage S11 & S12, East Carriageway, Southbound","06203","North South Motorway","L003","Southern Tunnels","SL112","Between Cross Passage S11 & S12, East Carriageway, Southbound","3112,3117","Co_80_35_75","Road networks","En_80_96_90","Tunnels","SL_80_35_74","Road sections","16/04/2026 11:02 AM","John Marsden-T2D","296"
"3IN","VN66C2","EK14W1","SL113","Invert Between Cross Passage S11 & S12, West Carriageway, Northbound","L003","06203-L003-SL113","North South Motorway;Southern Tunnels;Invert Between Cross Passage S11 & S12, West Carriageway, Northbound","06203","North South Motorway","L003","3113","SL113","Invert Between Cross Passage S11 & S12, West Carriageway, Northbound","3113","Co_80_35_75","Road networks","En_80_96_90","Tunnels","SL_80_96_64","Platform tunnels","6/06/2025 4:37 PM","Tay, Bryan","297"
"3IN","CY17H9","EK14W1","SL114","Invert Between Cross Passage S11 & S12, East Carriageway, Southbound","L003","06203-L003-SL114","North South Motorway;Southern Tunnels;Invert Between Cross Passage S11 & S12, East Carriageway, Southbound","06203","North South Motorway","L003","3114","SL114","Invert Between Cross Passage S11 & S12, East Carriageway, Southbound","3114","Co_80_35_75","Road networks","En_80_96_90","Tunnels","SL_80_96_64","Platform tunnels","6/06/2025 4:37 PM","Tay, Bryan","298"
"3XP","MO52Y1","EK14W1","SN120","Cross Passage S12","L003","06203-L003-SN120","North South Motorway;Southern Tunnels;Cross Passage S12","06203","North South Motorway","L003","3120","SN120","Cross Passage S12","3120","Co_80_35_75","Road networks","En_80_96_90","Tunnels","SL_80_96_18","Crossover tunnels","6/06/2025 4:37 PM","Tay, Bryan","299"
"3CW","EX77P1","EK14W1","SL121","Between Cross Passage S12 & S13, West Carriageway, Northbound","L003","06203-L003-SL121","North South Motorway;Southern Tunnels;Between Cross Passage S12 & S13, West Carriageway, Northbound","06203","North South Motorway","L003","Southern Tunnels","SL121","Between Cross Passage S12 & S13, West Carriageway, Northbound","3121,3126","Co_80_35_75","Road networks","En_80_96_90","Tunnels","SL_80_35_74","Road sections","16/04/2026 11:02 AM","John Marsden-T2D","300"
"3CW","NG03W1","EK14W1","SL122","Between Cross Passage S12 & S13, East Carriageway, Southbound","L003","06203-L003-SL122","North South Motorway;Southern Tunnels;Between Cross Passage S12 & S13, East Carriageway, Southbound","06203","North South Motorway","L003","Southern Tunnels","SL122","Between Cross Passage S12 & S13, East Carriageway, Southbound","3122,3127","Co_80_35_75","Road networks","En_80_96_90","Tunnels","SL_80_35_74","Road sections","16/04/2026 11:02 AM","John Marsden-T2D","301"
"3IN","ZH33M2","EK14W1","SL123","Invert Between Cross Passage S12 & S13, West Carriageway, Northbound","L003","06203-L003-SL123","North South Motorway;Southern Tunnels;Invert Between Cross Passage S12 & S13, West Carriageway, Northbound","06203","North South Motorway","L003","3123","SL123","Invert Between Cross Passage S12 & S13, West Carriageway, Northbound","3123","Co_80_35_75","Road networks","En_80_96_90","Tunnels","SL_80_96_64","Platform tunnels","6/06/2025 4:37 PM","Tay, Bryan","302"
"3IN","AN07N4","EK14W1","SL124","Invert Between Cross Passage S12 & S13, East Carriageway, Southbound","L003","06203-L003-SL124","North South Motorway;Southern Tunnels;Invert Between Cross Passage S12 & S13, East Carriageway, Southbound","06203","North South Motorway","L003","3124","SL124","Invert Between Cross Passage S12 & S13, East Carriageway, Southbound","3124","Co_80_35_75","Road networks","En_80_96_90","Tunnels","SL_80_96_64","Platform tunnels","6/06/2025 4:37 PM","Tay, Bryan","303"
"3XP","ON22G4","EK14W1","SN130","Cross Passage S13","L003","06203-L003-SN130","North South Motorway;Southern Tunnels;Cross Passage S13","06203","North South Motorway","L003","3130","SN130","Cross Passage S13","3130","Co_80_35_75","Road networks","En_80_96_90","Tunnels","SL_80_96_18","Crossover tunnels","6/06/2025 4:37 PM","Tay, Bryan","304"
"3CW","QD67K4","EK14W1","SL131","Between Cross Passage S13 & S14, West Carriageway, Northbound","L003","06203-L003-SL131","North South Motorway;Southern Tunnels;Between Cross Passage S13 & S14, West Carriageway, Northbound","06203","North South Motorway","L003","Southern Tunnels","SL131","Between Cross Passage S13 & S14, West Carriageway, Northbound","3131,3136","Co_80_35_75","Road networks","En_80_96_90","Tunnels","SL_80_35_74","Road sections","16/04/2026 11:02 AM","John Marsden-T2D","305"
"3CW","QL89V5","EK14W1","SL132","Between Cross Passage S13 & S14, East Carriageway, Southbound","L003","06203-L003-SL132","North South Motorway;Southern Tunnels;Between Cross Passage S13 & S14, East Carriageway, Southbound","06203","North South Motorway","L003","Southern Tunnels","SL132","Between Cross Passage S13 & S14, East Carriageway, Southbound","3132,3137","Co_80_35_75","Road networks","En_80_96_90","Tunnels","SL_80_35_74","Road sections","16/04/2026 11:02 AM","John Marsden-T2D","306"
"3IN","QW16H6","EK14W1","SL133","Invert Between Cross Passage S13 & S14, West Carriageway, Northbound","L003","06203-L003-SL133","North South Motorway;Southern Tunnels;Invert Between Cross Passage S13 & S14, West Carriageway, Northbound","06203","North South Motorway","L003","3133","SL133","Invert Between Cross Passage S13 & S14, West Carriageway, Northbound","3133","Co_80_35_75","Road networks","En_80_96_90","Tunnels","SL_80_96_64","Platform tunnels","6/06/2025 4:37 PM","Tay, Bryan","307"
"3IN","WL16X4","EK14W1","SL134","Invert Between Cross Passage S13 & S14, East Carriageway, Southbound","L003","06203-L003-SL134","North South Motorway;Southern Tunnels;Invert Between Cross Passage S13 & S14, East Carriageway, Southbound","06203","North South Motorway","L003","3134","SL134","Invert Between Cross Passage S13 & S14, East Carriageway, Southbound","3134","Co_80_35_75","Road networks","En_80_96_90","Tunnels","SL_80_96_64","Platform tunnels","6/06/2025 4:37 PM","Tay, Bryan","308"
"3XP","TM83N5","EK14W1","SN140","Cross Passage S14","L003","06203-L003-SN140","North South Motorway;Southern Tunnels;Cross Passage S14","06203","North South Motorway","L003","3140","SN140","Cross Passage S14","3140","Co_80_35_75","Road networks","En_80_96_90","Tunnels","SL_80_96_18","Crossover tunnels","6/06/2025 4:37 PM","Tay, Bryan","309"
"3CW","KU47T7","EK14W1","SL141","Between Cross Passage S14 & S15, West Carriageway, Northbound","L003","06203-L003-SL141","North South Motorway;Southern Tunnels;Between Cross Passage S14 & S15, West Carriageway, Northbound","06203","North South Motorway","L003","Southern Tunnels","SL141","Between Cross Passage S14 & S15, West Carriageway, Northbound","3141,3146","Co_80_35_75","Road networks","En_80_96_90","Tunnels","SL_80_35_74","Road sections","16/04/2026 11:02 AM","John Marsden-T2D","310"
"3CW","PL09C6","EK14W1","SL142","Between Cross Passage S14 & S15, East Carriageway, Southbound","L003","06203-L003-SL142","North South Motorway;Southern Tunnels;Between Cross Passage S14 & S15, East Carriageway, Southbound","06203","North South Motorway","L003","Southern Tunnels","SL142","Between Cross Passage S14 & S15, East Carriageway, Southbound","3142,3147","Co_80_35_75","Road networks","En_80_96_90","Tunnels","SL_80_35_74","Road sections","16/04/2026 11:02 AM","John Marsden-T2D","311"
"3IN","MQ53R8","EK14W1","SL143","Invert Between Cross Passage S14 & S15, West Carriageway, Northbound","L003","06203-L003-SL143","North South Motorway;Southern Tunnels;Invert Between Cross Passage S14 & S15, West Carriageway, Northbound","06203","North South Motorway","L003","3143","SL143","Invert Between Cross Passage S14 & S15, West Carriageway, Northbound","3143","Co_80_35_75","Road networks","En_80_96_90","Tunnels","SL_80_96_64","Platform tunnels","6/06/2025 4:37 PM","Tay, Bryan","312"
"3IN","VC81C6","EK14W1","SL144","Invert Between Cross Passage S14 & S15, East Carriageway, Southbound","L003","06203-L003-SL144","North South Motorway;Southern Tunnels;Invert Between Cross Passage S14 & S15, East Carriageway, Southbound","06203","North South Motorway","L003","3144","SL144","Invert Between Cross Passage S14 & S15, East Carriageway, Southbound","3144","Co_80_35_75","Road networks","En_80_96_90","Tunnels","SL_80_96_64","Platform tunnels","6/06/2025 4:37 PM","Tay, Bryan","313"
"3XP","RK50Q1","EK14W1","SN150","Cross Passage S15","L003","06203-L003-SN150","North South Motorway;Southern Tunnels;Cross Passage S15","06203","North South Motorway","L003","3150","SN150","Cross Passage S15","3150","Co_80_35_75","Road networks","En_80_96_90","Tunnels","SL_80_96_18","Crossover tunnels","6/06/2025 4:37 PM","Tay, Bryan","314"
"3CW","DY42J1","EK14W1","SL151","Between Cross Passage S15 & S16, West Carriageway, Northbound","L003","06203-L003-SL151","North South Motorway;Southern Tunnels;Between Cross Passage S15 & S16, West Carriageway, Northbound","06203","North South Motorway","L003","Southern Tunnels","SL151","Between Cross Passage S15 & S16, West Carriageway, Northbound","3151,3156","Co_80_35_75","Road networks","En_80_96_90","Tunnels","SL_80_35_74","Road sections","16/04/2026 11:02 AM","John Marsden-T2D","315"
"3CW","MY28Q2","EK14W1","SL152","Between Cross Passage S15 & S16, East Carriageway, Southbound","L003","06203-L003-SL152","North South Motorway;Southern Tunnels;Between Cross Passage S15 & S16, East Carriageway, Southbound","06203","North South Motorway","L003","Southern Tunnels","SL152","Between Cross Passage S15 & S16, East Carriageway, Southbound","3152,3157","Co_80_35_75","Road networks","En_80_96_90","Tunnels","SL_80_35_74","Road sections","16/04/2026 11:02 AM","John Marsden-T2D","316"
"3IN","CA37R1","EK14W1","SL153","Invert Between Cross Passage S15 & S16, West Carriageway, Northbound","L003","06203-L003-SL153","North South Motorway;Southern Tunnels;Invert Between Cross Passage S15 & S16, West Carriageway, Northbound","06203","North South Motorway","L003","3153","SL153","Invert Between Cross Passage S15 & S16, West Carriageway, Northbound","3153","Co_80_35_75","Road networks","En_80_96_90","Tunnels","SL_80_96_64","Platform tunnels","6/06/2025 4:37 PM","Tay, Bryan","317"
"3IN","RZ84T3","EK14W1","SL154","Invert Between Cross Passage S15 & S16, East Carriageway, Southbound","L003","06203-L003-SL154","North South Motorway;Southern Tunnels;Invert Between Cross Passage S15 & S16, East Carriageway, Southbound","06203","North South Motorway","L003","3154","SL154","Invert Between Cross Passage S15 & S16, East Carriageway, Southbound","3154","Co_80_35_75","Road networks","En_80_96_90","Tunnels","SL_80_96_64","Platform tunnels","6/06/2025 4:37 PM","Tay, Bryan","318"
"3XP","NA47P0","EK14W1","SN160","Cross Passage S16","L003","06203-L003-SN160","North South Motorway;Southern Tunnels;Cross Passage S16","06203","North South Motorway","L003","3160","SN160","Cross Passage S16","3160","Co_80_35_75","Road networks","En_80_96_90","Tunnels","SL_80_96_18","Crossover tunnels","6/06/2025 4:37 PM","Tay, Bryan","319"
"3CW","LX60A5","EK14W1","SL161","Between Cross Passage S16 & S17, West Carriageway, Northbound","L003","06203-L003-SL161","North South Motorway;Southern Tunnels;Between Cross Passage S16 & S17, West Carriageway, Northbound","06203","North South Motorway","L003","Southern Tunnels","SL161","Between Cross Passage S16 & S17, West Carriageway, Northbound","3161,3166","Co_80_35_75","Road networks","En_80_96_90","Tunnels","SL_80_35_74","Road sections","16/04/2026 11:02 AM","John Marsden-T2D","320"
"3CW","UQ79I8","EK14W1","SL162","Between Cross Passage S16 & S17, East Carriageway, Southbound","L003","06203-L003-SL162","North South Motorway;Southern Tunnels;Between Cross Passage S16 & S17, East Carriageway, Southbound","06203","North South Motorway","L003","Southern Tunnels","SL162","Between Cross Passage S16 & S17, East Carriageway, Southbound","3162,3167","Co_80_35_75","Road networks","En_80_96_90","Tunnels","SL_80_35_74","Road sections","16/04/2026 11:02 AM","John Marsden-T2D","321"
"3IN","UF79B7","EK14W1","SL163","Invert Between Cross Passage S16 & S17, West Carriageway, Northbound","L003","06203-L003-SL163","North South Motorway;Southern Tunnels;Invert Between Cross Passage S16 & S17, West Carriageway, Northbound","06203","North South Motorway","L003","3163","SL163","Invert Between Cross Passage S16 & S17, West Carriageway, Northbound","3163","Co_80_35_75","Road networks","En_80_96_90","Tunnels","SL_80_96_64","Platform tunnels","6/06/2025 4:37 PM","Tay, Bryan","322"
"3IN","CA14D8","EK14W1","SL164","Invert Between Cross Passage S16 & S17, East Carriageway, Southbound","L003","06203-L003-SL164","North South Motorway;Southern Tunnels;Invert Between Cross Passage S16 & S17, East Carriageway, Southbound","06203","North South Motorway","L003","3164","SL164","Invert Between Cross Passage S16 & S17, East Carriageway, Southbound","3164","Co_80_35_75","Road networks","En_80_96_90","Tunnels","SL_80_96_64","Platform tunnels","6/06/2025 4:37 PM","Tay, Bryan","323"
"3XP","VK31H2","EK14W1","SN170","Cross Passage S17","L003","06203-L003-SN170","North South Motorway;Southern Tunnels;Cross Passage S17","06203","North South Motorway","L003","3170","SN170","Cross Passage S17","3170","Co_80_35_75","Road networks","En_80_96_90","Tunnels","SL_80_96_18","Crossover tunnels","6/06/2025 4:37 PM","Tay, Bryan","324"
"3CW","WS71S1","EK14W1","SL171","Between Cross Passage S17 & S18, West Carriageway, Northbound","L003","06203-L003-SL171","North South Motorway;Southern Tunnels;Between Cross Passage S17 & S18, West Carriageway, Northbound","06203","North South Motorway","L003","Southern Tunnels","SL171","Between Cross Passage S17 & S18, West Carriageway, Northbound","3171,3176","Co_80_35_75","Road networks","En_80_96_90","Tunnels","SL_80_35_74","Road sections","16/04/2026 11:02 AM","John Marsden-T2D","325"
"3CW","HM47S8","EK14W1","SL172","Between Cross Passage S17 & S18, East Carriageway, Southbound","L003","06203-L003-SL172","North South Motorway;Southern Tunnels;Between Cross Passage S17 & S18, East Carriageway, Southbound","06203","North South Motorway","L003","Southern Tunnels","SL172","Between Cross Passage S17 & S18, East Carriageway, Southbound","3172,3177","Co_80_35_75","Road networks","En_80_96_90","Tunnels","SL_80_35_74","Road sections","16/04/2026 11:02 AM","John Marsden-T2D","326"
"3IN","EW61B3","EK14W1","SL173","Invert Between Cross Passage S17 & S18, West Carriageway, Northbound","L003","06203-L003-SL173","North South Motorway;Southern Tunnels;Invert Between Cross Passage S17 & S18, West Carriageway, Northbound","06203","North South Motorway","L003","3173","SL173","Invert Between Cross Passage S17 & S18, West Carriageway, Northbound","3173","Co_80_35_75","Road networks","En_80_96_90","Tunnels","SL_80_96_64","Platform tunnels","6/06/2025 4:37 PM","Tay, Bryan","327"
"3IN","OD54G0","EK14W1","SL174","Invert Between Cross Passage S17 & S18, East Carriageway, Southbound","L003","06203-L003-SL174","North South Motorway;Southern Tunnels;Invert Between Cross Passage S17 & S18, East Carriageway, Southbound","06203","North South Motorway","L003","3174","SL174","Invert Between Cross Passage S17 & S18, East Carriageway, Southbound","3174","Co_80_35_75","Road networks","En_80_96_90","Tunnels","SL_80_96_64","Platform tunnels","6/06/2025 4:37 PM","Tay, Bryan","328"
"3XP","RR41K1","EK14W1","SN180","Cross Passage S18","L003","06203-L003-SN180","North South Motorway;Southern Tunnels;Cross Passage S18","06203","North South Motorway","L003","3180","SN180","Cross Passage S18","3180","Co_80_35_75","Road networks","En_80_96_90","Tunnels","SL_80_96_18","Crossover tunnels","6/06/2025 4:37 PM","Tay, Bryan","329"
"3CW","VG99T9","EK14W1","SL181","Between Cross Passage S18 & S19, West Carriageway, Northbound","L003","06203-L003-SL181","North South Motorway;Southern Tunnels;Between Cross Passage S18 & S19, West Carriageway, Northbound","06203","North South Motorway","L003","Southern Tunnels","SL181","Between Cross Passage S18 & S19, West Carriageway, Northbound","3181,3186","Co_80_35_75","Road networks","En_80_96_90","Tunnels","SL_80_35_74","Road sections","16/04/2026 11:02 AM","John Marsden-T2D","330"
"3CW","MA09L0","EK14W1","SL182","Between Cross Passage S18 & S19, East Carriageway, Southbound","L003","06203-L003-SL182","North South Motorway;Southern Tunnels;Between Cross Passage S18 & S19, East Carriageway, Southbound","06203","North South Motorway","L003","Southern Tunnels","SL182","Between Cross Passage S18 & S19, East Carriageway, Southbound","3182,3187","Co_80_35_75","Road networks","En_80_96_90","Tunnels","SL_80_35_74","Road sections","16/04/2026 11:02 AM","John Marsden-T2D","331"
"3IN","LH46C4","EK14W1","SL183","Invert Between Cross Passage S18 & S19, West Carriageway, Northbound","L003","06203-L003-SL183","North South Motorway;Southern Tunnels;Invert Between Cross Passage S18 & S19, West Carriageway, Northbound","06203","North South Motorway","L003","3183","SL183","Invert Between Cross Passage S18 & S19, West Carriageway, Northbound","3183","Co_80_35_75","Road networks","En_80_96_90","Tunnels","SL_80_96_64","Platform tunnels","6/06/2025 4:37 PM","Tay, Bryan","332"
"3IN","WC37I6","EK14W1","SL184","Invert Between Cross Passage S18 & S19, East Carriageway, Southbound","L003","06203-L003-SL184","North South Motorway;Southern Tunnels;Invert Between Cross Passage S18 & S19, East Carriageway, Southbound","06203","North South Motorway","L003","3184","SL184","Invert Between Cross Passage S18 & S19, East Carriageway, Southbound","3184","Co_80_35_75","Road networks","En_80_96_90","Tunnels","SL_80_96_64","Platform tunnels","6/06/2025 4:37 PM","Tay, Bryan","333"
"3XP","FB03B5","EK14W1","SN190","Cross Passage S19","L003","06203-L003-SN190","North South Motorway;Southern Tunnels;Cross Passage S19","06203","North South Motorway","L003","3190","SN190","Cross Passage S19","3190","Co_80_35_75","Road networks","En_80_96_90","Tunnels","SL_80_96_18","Crossover tunnels","6/06/2025 4:37 PM","Tay, Bryan","334"
"3CW","DN27G1","EK14W1","SL191","Between Cross Passage S19 & S20, West Carriageway, Northbound","L003","06203-L003-SL191","North South Motorway;Southern Tunnels;Between Cross Passage S19 & S20, West Carriageway, Northbound","06203","North South Motorway","L003","Southern Tunnels","SL191","Between Cross Passage S19 & S20, West Carriageway, Northbound","3191,3196","Co_80_35_75","Road networks","En_80_96_90","Tunnels","SL_80_35_74","Road sections","16/04/2026 11:02 AM","John Marsden-T2D","335"
"3CW","XG08X4","EK14W1","SL192","Between Cross Passage S19 & S20, East Carriageway, Southbound","L003","06203-L003-SL192","North South Motorway;Southern Tunnels;Between Cross Passage S19 & S20, East Carriageway, Southbound","06203","North South Motorway","L003","Southern Tunnels","SL192","Between Cross Passage S19 & S20, East Carriageway, Southbound","3192,3197","Co_80_35_75","Road networks","En_80_96_90","Tunnels","SL_80_35_74","Road sections","16/04/2026 11:02 AM","John Marsden-T2D","336"
"3IN","EQ12W7","EK14W1","SL193","Invert Between Cross Passage S19 & S20, West Carriageway, Northbound","L003","06203-L003-SL193","North South Motorway;Southern Tunnels;Invert Between Cross Passage S19 & S20, West Carriageway, Northbound","06203","North South Motorway","L003","Southern Tunnels","SL193","Invert Between Cross Passage S19 & S20, West Carriageway, Northbound","3193","Co_80_35_75","Road networks","En_80_96_90","Tunnels","SL_80_96_64","Platform tunnels","6/11/2025 12:34 PM","John Marsden-T2D","337"
"3IN","SQ23R7","EK14W1","SL194","Invert Between Cross Passage S19 & S20, East Carriageway, Southbound","L003","06203-L003-SL194","North South Motorway;Southern Tunnels;Invert Between Cross Passage S19 & S20, East Carriageway, Southbound","06203","North South Motorway","L003","Southern Tunnels","SL194","Invert Between Cross Passage S19 & S20, East Carriageway, Southbound","3194","Co_80_35_75","Road networks","En_80_96_90","Tunnels","SL_80_96_64","Platform tunnels","6/11/2025 12:34 PM","John Marsden-T2D","338"
"3XP","PO28T4","EK14W1","SN200","Cross Passage S20","L003","06203-L003-SN200","North South Motorway;Southern Tunnels;Cross Passage S20","06203","North South Motorway","L003","3200","SN200","Cross Passage S20","3200","Co_80_35_75","Road networks","En_80_96_90","Tunnels","SL_80_96_18","Crossover tunnels","6/06/2025 4:37 PM","Tay, Bryan","339"
"3CW","DP80O5","EK14W1","SL201","Between Cross Passage S20 & S21, West Carriageway, Northbound","L003","06203-L003-SL201","North South Motorway;Southern Tunnels;Between Cross Passage S20 & S21, West Carriageway, Northbound","06203","North South Motorway","L003","Southern Tunnels","SL201","Between Cross Passage S20 & S21, West Carriageway, Northbound","3201,3206","Co_80_35_75","Road networks","En_80_96_90","Tunnels","SL_80_35_74","Road sections","16/04/2026 11:02 AM","John Marsden-T2D","340"
"3CW","OD39S1","EK14W1","SL202","Between Cross Passage S20 & S21, East Carriageway, Southbound","L003","06203-L003-SL202","North South Motorway;Southern Tunnels;Between Cross Passage S20 & S21, East Carriageway, Southbound","06203","North South Motorway","L003","Southern Tunnels","SL202","Between Cross Passage S20 & S21, East Carriageway, Southbound","3202,3207","Co_80_35_75","Road networks","En_80_96_90","Tunnels","SL_80_35_74","Road sections","16/04/2026 11:02 AM","John Marsden-T2D","341"
"3IN","SS65Y8","EK14W1","SL203","Invert Between Cross Passage S20 & S21, West Carriageway, Northbound","L003","06203-L003-SL203","North South Motorway;Southern Tunnels;Invert Between Cross Passage S20 & S21, West Carriageway, Northbound","06203","North South Motorway","L003","Southern Tunnels","SL203","Invert Between Cross Passage S20 & S21, West Carriageway, Northbound","3203","Co_80_35_75","Road networks","En_80_96_90","Tunnels","SL_80_96_64","Platform tunnels","6/11/2025 12:35 PM","John Marsden-T2D","342"
"3IN","RJ62B4","EK14W1","SL204","Invert Between Cross Passage S20 & S21, East Carriageway, Southbound","L003","06203-L003-SL204","North South Motorway;Southern Tunnels;Invert Between Cross Passage S20 & S21, East Carriageway, Southbound","06203","North South Motorway","L003","Southern Tunnels","SL204","Invert Between Cross Passage S20 & S21, East Carriageway, Southbound","3204","Co_80_35_75","Road networks","En_80_96_90","Tunnels","SL_80_96_64","Platform tunnels","6/11/2025 12:35 PM","John Marsden-T2D","343"
"3XP","QR16S9","EK14W1","SN210","Cross Passage S21","L003","06203-L003-SN210","North South Motorway;Southern Tunnels;Cross Passage S21","06203","North South Motorway","L003","3210","SN210","Cross Passage S21","3210","Co_80_35_75","Road networks","En_80_96_90","Tunnels","SL_80_96_18","Crossover tunnels","6/06/2025 4:37 PM","Tay, Bryan","344"
"3CW","MT70A1","EK14W1","SL211","Between Cross Passage S21 & S22, West Carriageway, Northbound","L003","06203-L003-SL211","North South Motorway;Southern Tunnels;Between Cross Passage S21 & S22, West Carriageway, Northbound","06203","North South Motorway","L003","Southern Tunnels","SL211","Between Cross Passage S21 & S22, West Carriageway, Northbound","3211,3216","Co_80_35_75","Road networks","En_80_96_90","Tunnels","SL_80_35_74","Road sections","16/04/2026 11:02 AM","John Marsden-T2D","345"
"3CW","QQ00P6","EK14W1","SL212","Between Cross Passage S21 & S22, East Carriageway, Southbound","L003","06203-L003-SL212","North South Motorway;Southern Tunnels;Between Cross Passage S21 & S22, East Carriageway, Southbound","06203","North South Motorway","L003","Southern Tunnels","SL212","Between Cross Passage S21 & S22, East Carriageway, Southbound","3212,3217","Co_80_35_75","Road networks","En_80_96_90","Tunnels","SL_80_35_74","Road sections","16/04/2026 11:02 AM","John Marsden-T2D","346"
"3IN","LY64D1","EK14W1","SL213","Invert Between Cross Passage S21 & S22, West Carriageway, Northbound","L003","06203-L003-SL213","North South Motorway;Southern Tunnels;Invert Between Cross Passage S21 & S22, West Carriageway, Northbound","06203","North South Motorway","L003","Southern Tunnels","SL213","Invert Between Cross Passage S21 & S22, West Carriageway, Northbound","3213","Co_80_35_75","Road networks","En_80_96_90","Tunnels","SL_80_96_64","Platform tunnels","6/11/2025 12:35 PM","John Marsden-T2D","347"
"3IN","ZO24Z3","EK14W1","SL214","Invert Between Cross Passage S21 & S22, East Carriageway, Southbound","L003","06203-L003-SL214","North South Motorway;Southern Tunnels;Invert Between Cross Passage S21 & S22, East Carriageway, Southbound","06203","North South Motorway","L003","Southern Tunnels","SL214","Invert Between Cross Passage S21 & S22, East Carriageway, Southbound","3214","Co_80_35_75","Road networks","En_80_96_90","Tunnels","SL_80_96_64","Platform tunnels","6/11/2025 12:35 PM","John Marsden-T2D","348"
"3XP","ET07D4","EK14W1","SN220","Cross Passage S22","L003","06203-L003-SN220","North South Motorway;Southern Tunnels;Cross Passage S22","06203","North South Motorway","L003","3220","SN220","Cross Passage S22","3220","Co_80_35_75","Road networks","En_80_96_90","Tunnels","SL_80_96_18","Crossover tunnels","6/06/2025 4:37 PM","Tay, Bryan","349"
"3CW","FN93T6","EK14W1","SL221","Between Cross Passage S22 & S23, West Carriageway, Northbound","L003","06203-L003-SL221","North South Motorway;Southern Tunnels;Between Cross Passage S22 & S23, West Carriageway, Northbound","06203","North South Motorway","L003","Southern Tunnels","SL221","Between Cross Passage S22 & S23, West Carriageway, Northbound","3221,3226","Co_80_35_75","Road networks","En_80_96_90","Tunnels","SL_80_35_74","Road sections","16/04/2026 11:02 AM","John Marsden-T2D","350"
"3CW","MB93J3","EK14W1","SL222","Between Cross Passage S22 & S23, East Carriageway, Southbound","L003","06203-L003-SL222","North South Motorway;Southern Tunnels;Between Cross Passage S22 & S23, East Carriageway, Southbound","06203","North South Motorway","L003","Southern Tunnels","SL222","Between Cross Passage S22 & S23, East Carriageway, Southbound","3222,3227","Co_80_35_75","Road networks","En_80_96_90","Tunnels","SL_80_35_74","Road sections","16/04/2026 11:02 AM","John Marsden-T2D","351"
"3IN","XH04J4","EK14W1","SL223","Invert Between Cross Passage S22 & S23, West Carriageway, Northbound","L003","06203-L003-SL223","North South Motorway;Southern Tunnels;Invert Between Cross Passage S22 & S23, West Carriageway, Northbound","06203","North South Motorway","L003","Southern Tunnels","SL223","Invert Between Cross Passage S22 & S23, West Carriageway, Northbound","3223","Co_80_35_75","Road networks","En_80_96_90","Tunnels","SL_80_96_64","Platform tunnels","6/11/2025 12:35 PM","John Marsden-T2D","352"
"3IN","OA79P1","EK14W1","SL224","Invert Between Cross Passage S22 & S23, East Carriageway, Southbound","L003","06203-L003-SL224","North South Motorway;Southern Tunnels;Invert Between Cross Passage S22 & S23, East Carriageway, Southbound","06203","North South Motorway","L003","Southern Tunnels","SL224","Invert Between Cross Passage S22 & S23, East Carriageway, Southbound","3224","Co_80_35_75","Road networks","En_80_96_90","Tunnels","SL_80_96_64","Platform tunnels","6/11/2025 12:35 PM","John Marsden-T2D","353"
"3XP","WR56S3","EK14W1","SN230","Cross Passage S23","L003","06203-L003-SN230","North South Motorway;Southern Tunnels;Cross Passage S23","06203","North South Motorway","L003","3230","SN230","Cross Passage S23","3230","Co_80_35_75","Road networks","En_80_96_90","Tunnels","SL_80_96_18","Crossover tunnels","6/06/2025 4:37 PM","Tay, Bryan","354"
"3CW","GF34P2","EK14W1","SL231","Between Cross Passage S23 & S24, West Carriageway, Northbound","L003","06203-L003-SL231","North South Motorway;Southern Tunnels;Between Cross Passage S23 & S24, West Carriageway, Northbound","06203","North South Motorway","L003","Southern Tunnels","SL231","Between Cross Passage S23 & S24, West Carriageway, Northbound","3231,3236","Co_80_35_75","Road networks","En_80_96_90","Tunnels","SL_80_35_74","Road sections","16/04/2026 11:02 AM","John Marsden-T2D","355"
"3CW","DL28P7","EK14W1","SL232","Between Cross Passage S23 & S24, East Carriageway, Southbound","L003","06203-L003-SL232","North South Motorway;Southern Tunnels;Between Cross Passage S23 & S24, East Carriageway, Southbound","06203","North South Motorway","L003","Southern Tunnels","SL232","Between Cross Passage S23 & S24, East Carriageway, Southbound","3232,3237","Co_80_35_75","Road networks","En_80_96_90","Tunnels","SL_80_35_74","Road sections","16/04/2026 11:02 AM","John Marsden-T2D","356"
"3IN","JX83Q8","EK14W1","SL233","Invert Between Cross Passage S23 & S24, West Carriageway, Northbound","L003","06203-L003-SL233","North South Motorway;Southern Tunnels;Invert Between Cross Passage S23 & S24, West Carriageway, Northbound","06203","North South Motorway","L003","Southern Tunnels","SL233","Invert Between Cross Passage S23 & S24, West Carriageway, Northbound","3233","Co_80_35_75","Road networks","En_80_96_90","Tunnels","SL_80_96_64","Platform tunnels","6/11/2025 12:35 PM","John Marsden-T2D","357"
"3IN","RG37C1","EK14W1","SL234","Invert Between Cross Passage S23 & S24, East Carriageway, Southbound","L003","06203-L003-SL234","North South Motorway;Southern Tunnels;Invert Between Cross Passage S23 & S24, East Carriageway, Southbound","06203","North South Motorway","L003","Southern Tunnels","SL234","Invert Between Cross Passage S23 & S24, East Carriageway, Southbound","3234","Co_80_35_75","Road networks","En_80_96_90","Tunnels","SL_80_96_64","Platform tunnels","6/11/2025 12:35 PM","John Marsden-T2D","358"
"3XP","TY04E8","EK14W1","SN240","Cross Passage S24","L003","06203-L003-SN240","North South Motorway;Southern Tunnels;Cross Passage S24","06203","North South Motorway","L003","3240","SN240","Cross Passage S24","3240","Co_80_35_75","Road networks","En_80_96_90","Tunnels","SL_80_96_18","Crossover tunnels","6/06/2025 4:37 PM","Tay, Bryan","359"
"3CW","NW66J3","EK14W1","SL241","Between Cross Passage S24 & S25, West Carriageway, Northbound","L003","06203-L003-SL241","North South Motorway;Southern Tunnels;Between Cross Passage S24 & S25, West Carriageway, Northbound","06203","North South Motorway","L003","Southern Tunnels","SL241","Between Cross Passage S24 & S25, West Carriageway, Northbound","3241,3246","Co_80_35_75","Road networks","En_80_96_90","Tunnels","SL_80_35_74","Road sections","16/04/2026 11:02 AM","John Marsden-T2D","360"
"3CW","EL35H1","EK14W1","SL242","Between Cross Passage S24 & S25, East Carriageway, Southbound","L003","06203-L003-SL242","North South Motorway;Southern Tunnels;Between Cross Passage S24 & S25, East Carriageway, Southbound","06203","North South Motorway","L003","Southern Tunnels","SL242","Between Cross Passage S24 & S25, East Carriageway, Southbound","3242,3247","Co_80_35_75","Road networks","En_80_96_90","Tunnels","SL_80_35_74","Road sections","16/04/2026 11:02 AM","John Marsden-T2D","361"
"3IN","LM54Q7","EK14W1","SL243","Invert Between Cross Passage S24 & S25, West Carriageway, Northbound","L003","06203-L003-SL243","North South Motorway;Southern Tunnels;Invert Between Cross Passage S24 & S25, West Carriageway, Northbound","06203","North South Motorway","L003","3243","SL243","Invert Between Cross Passage S24 & S25, West Carriageway, Northbound","3243","Co_80_35_75","Road networks","En_80_96_90","Tunnels","SL_80_96_64","Platform tunnels","6/06/2025 4:37 PM","Tay, Bryan","362"
"3IN","VO19R8","EK14W1","SL244","Invert Between Cross Passage S24 & S25, East Carriageway, Southbound","L003","06203-L003-SL244","North South Motorway;Southern Tunnels;Invert Between Cross Passage S24 & S25, East Carriageway, Southbound","06203","North South Motorway","L003","3244","SL244","Invert Between Cross Passage S24 & S25, East Carriageway, Southbound","3244","Co_80_35_75","Road networks","En_80_96_90","Tunnels","SL_80_96_64","Platform tunnels","6/06/2025 4:37 PM","Tay, Bryan","363"
"3XP","RW13J7","EK14W1","SN250","Cross Passage S25","L003","06203-L003-SN250","North South Motorway;Southern Tunnels;Cross Passage S25","06203","North South Motorway","L003","3250","SN250","Cross Passage S25","3250","Co_80_35_75","Road networks","En_80_96_90","Tunnels","SL_80_96_18","Crossover tunnels","6/06/2025 4:37 PM","Tay, Bryan","364"
"3CW","CD00E6","EK14W1","SL251","Between Cross Passage S25 & S26, West Carriageway, Northbound","L003","06203-L003-SL251","North South Motorway;Southern Tunnels;Between Cross Passage S25 & S26, West Carriageway, Northbound","06203","North South Motorway","L003","Southern Tunnels","SL251","Between Cross Passage S25 & S26, West Carriageway, Northbound","3251,3256","Co_80_35_75","Road networks","En_80_96_90","Tunnels","SL_80_35_74","Road sections","16/04/2026 11:02 AM","John Marsden-T2D","365"
"3CW","LT34C5","EK14W1","SL252","Between Cross Passage S25 & S26, East Carriageway, Southbound","L003","06203-L003-SL252","North South Motorway;Southern Tunnels;Between Cross Passage S25 & S26, East Carriageway, Southbound","06203","North South Motorway","L003","Southern Tunnels","SL252","Between Cross Passage S25 & S26, East Carriageway, Southbound","3252,3257","Co_80_35_75","Road networks","En_80_96_90","Tunnels","SL_80_35_74","Road sections","16/04/2026 11:02 AM","John Marsden-T2D","366"
"3IN","QI86X8","EK14W1","SL253","Invert Between Cross Passage S25 & S26, West Carriageway, Northbound","L003","06203-L003-SL253","North South Motorway;Southern Tunnels;Invert Between Cross Passage S25 & S26, West Carriageway, Northbound","06203","North South Motorway","L003","3253","SL253","Invert Between Cross Passage S25 & S26, West Carriageway, Northbound","3253","Co_80_35_75","Road networks","En_80_96_90","Tunnels","SL_80_96_64","Platform tunnels","6/06/2025 4:37 PM","Tay, Bryan","367"
"3IN","WM35Q1","EK14W1","SL254","Invert Between Cross Passage S25 & S26, East Carriageway, Southbound","L003","06203-L003-SL254","North South Motorway;Southern Tunnels;Invert Between Cross Passage S25 & S26, East Carriageway, Southbound","06203","North South Motorway","L003","3254","SL254","Invert Between Cross Passage S25 & S26, East Carriageway, Southbound","3254","Co_80_35_75","Road networks","En_80_96_90","Tunnels","SL_80_96_64","Platform tunnels","6/06/2025 4:37 PM","Tay, Bryan","368"
"3XP","LM92Q1","EK14W1","SN260","Cross Passage S26","L003","06203-L003-SN260","North South Motorway;Southern Tunnels;Cross Passage S26","06203","North South Motorway","L003","3260","SN260","Cross Passage S26","3260","Co_80_35_75","Road networks","En_80_96_90","Tunnels","SL_80_96_18","Crossover tunnels","6/06/2025 4:37 PM","Tay, Bryan","369"
"3CW","PN97B7","EK14W1","SL261","Between Cross Passage S26 & S27, West Carriageway, Northbound","L003","06203-L003-SL261","North South Motorway;Southern Tunnels;Between Cross Passage S26 & S27, West Carriageway, Northbound","06203","North South Motorway","L003","Southern Tunnels","SL261","Between Cross Passage S26 & S27, West Carriageway, Northbound","3261,3266","Co_80_35_75","Road networks","En_80_96_90","Tunnels","SL_80_35_74","Road sections","16/04/2026 11:02 AM","John Marsden-T2D","370"
"3CW","VA45T4","EK14W1","SL262","Between Cross Passage S26 & S27, East Carriageway, Southbound","L003","06203-L003-SL262","North South Motorway;Southern Tunnels;Between Cross Passage S26 & S27, East Carriageway, Southbound","06203","North South Motorway","L003","Southern Tunnels","SL262","Between Cross Passage S26 & S27, East Carriageway, Southbound","3262,3267","Co_80_35_75","Road networks","En_80_96_90","Tunnels","SL_80_35_74","Road sections","16/04/2026 11:02 AM","John Marsden-T2D","371"
"3IN","GZ55B1","EK14W1","SL263","Invert Between Cross Passage S26 & S27, West Carriageway, Northbound","L003","06203-L003-SL263","North South Motorway;Southern Tunnels;Invert Between Cross Passage S26 & S27, West Carriageway, Northbound","06203","North South Motorway","L003","3263","SL263","Invert Between Cross Passage S26 & S27, West Carriageway, Northbound","3263","Co_80_35_75","Road networks","En_80_96_90","Tunnels","SL_80_96_64","Platform tunnels","6/06/2025 4:37 PM","Tay, Bryan","372"
"3IN","OJ64Y9","EK14W1","SL264","Invert Between Cross Passage S26 & S27, East Carriageway, Southbound","L003","06203-L003-SL264","North South Motorway;Southern Tunnels;Invert Between Cross Passage S26 & S27, East Carriageway, Southbound","06203","North South Motorway","L003","3264","SL264","Invert Between Cross Passage S26 & S27, East Carriageway, Southbound","3264","Co_80_35_75","Road networks","En_80_96_90","Tunnels","SL_80_96_64","Platform tunnels","6/06/2025 4:37 PM","Tay, Bryan","373"
"3XP","WV75H7","EK14W1","SN270","Cross Passage S27","L003","06203-L003-SN270","North South Motorway;Southern Tunnels;Cross Passage S27","06203","North South Motorway","L003","3270","SN270","Cross Passage S27","3270","Co_80_35_75","Road networks","En_80_96_90","Tunnels","SL_80_96_18","Crossover tunnels","6/06/2025 4:37 PM","Tay, Bryan","374"
"3CW","CG30Y5","EK14W1","SL271","Between Cross Passage S27 & S28, West Carriageway, Northbound","L003","06203-L003-SL271","North South Motorway;Southern Tunnels;Between Cross Passage S27 & S28, West Carriageway, Northbound","06203","North South Motorway","L003","Southern Tunnels","SL271","Between Cross Passage S27 & S28, West Carriageway, Northbound","3271,3276","Co_80_35_75","Road networks","En_80_96_90","Tunnels","SL_80_35_74","Road sections","16/04/2026 11:02 AM","John Marsden-T2D","375"
"3CW","GB41F3","EK14W1","SL272","Between Cross Passage S27 & S28, East Carriageway, Southbound","L003","06203-L003-SL272","North South Motorway;Southern Tunnels;Between Cross Passage S27 & S28, East Carriageway, Southbound","06203","North South Motorway","L003","Southern Tunnels","SL272","Between Cross Passage S27 & S28, East Carriageway, Southbound","3272,3277","Co_80_35_75","Road networks","En_80_96_90","Tunnels","SL_80_35_74","Road sections","16/04/2026 11:02 AM","John Marsden-T2D","376"
"3IN","DR38Q6","EK14W1","SL274","Invert Between Cross Passage S27 & S28, East Carriageway, Southbound","L003","06203-L003-SL274","North South Motorway;Southern Tunnels;Invert Between Cross Passage S27 & S28, East Carriageway, Southbound","6203","North South Motorway","L003","Southern Tunnels","SL274","Invert Between Cross Passage S27 & S28, East Carriageway, Southbound","3274","Co_80_35_75","Road networks","En_80_96_90","Tunnels","SL_80_96_64","Platform tunnels","31/07/2026 4:26 PM","Bird, Cheyne","377"
"3IN","AD28J4","EK14W1","SL273","Invert Between Cross Passage S27 & S28, West Carriageway, Northbound","L003","06203-L003-SL273","North South Motorway;Southern Tunnels;Invert Between Cross Passage S27 & S28, West Carriageway, Northbound","6203","North South Motorway","L003","Southern Tunnels","SL273","Invert Between Cross Passage S27 & S28, West Carriageway, Northbound","3273","Co_80_35_75","Road networks","En_80_96_90","Tunnels","SL_80_96_64","Platform tunnels","31/07/2026 4:26 PM","Bird, Cheyne","378"
"3XP","ME33D8","EK14W1","SN280","Cross Passage S28","L003","06203-L003-SN280","North South Motorway;Southern Tunnels;Cross Passage S28","06203","North South Motorway","L003","3280","SN280","Cross Passage S28","3280","Co_80_35_75","Road networks","En_80_96_90","Tunnels","SL_80_96_18","Crossover tunnels","6/06/2025 4:37 PM","Tay, Bryan","379"
"3CW","CT54P3","EK14W1","SL281","Between Cross Passage S28 & S29, West Carriageway, Northbound","L003","06203-L003-SL281","North South Motorway;Southern Tunnels;Between Cross Passage S28 & S29, West Carriageway, Northbound","06203","North South Motorway","L003","Southern Tunnels","SL281","Between Cross Passage S28 & S29, West Carriageway, Northbound","3281,3286","Co_80_35_75","Road networks","En_80_96_90","Tunnels","SL_80_35_74","Road sections","16/04/2026 11:02 AM","John Marsden-T2D","380"
"3CW","ZK08D2","EK14W1","SL282","Between Cross Passage S28 & S29, East Carriageway, Southbound","L003","06203-L003-SL282","North South Motorway;Southern Tunnels;Between Cross Passage S28 & S29, East Carriageway, Southbound","06203","North South Motorway","L003","Southern Tunnels","SL282","Between Cross Passage S28 & S29, East Carriageway, Southbound","3282,3287","Co_80_35_75","Road networks","En_80_96_90","Tunnels","SL_80_35_74","Road sections","16/04/2026 11:02 AM","John Marsden-T2D","381"
"3IN","ZN64S4","EK14W1","SL283","Invert Between Cross Passage S28 & S29, West Carriageway, Northbound","L003","06203-L003-SL283","North South Motorway;Southern Tunnels;Invert Between Cross Passage S28 & S29, West Carriageway, Northbound","06203","North South Motorway","L003","3283","SL283","Invert Between Cross Passage S28 & S29, West Carriageway, Northbound","3283","Co_80_35_75","Road networks","En_80_96_90","Tunnels","SL_80_96_64","Platform tunnels","6/06/2025 4:37 PM","Tay, Bryan","382"
"3IN","DW70O5","EK14W1","SL284","Invert Between Cross Passage S28 & S29, East Carriageway, Southbound","L003","06203-L003-SL284","North South Motorway;Southern Tunnels;Invert Between Cross Passage S28 & S29, East Carriageway, Southbound","06203","North South Motorway","L003","3284","SL284","Invert Between Cross Passage S28 & S29, East Carriageway, Southbound","3284","Co_80_35_75","Road networks","En_80_96_90","Tunnels","SL_80_96_64","Platform tunnels","6/06/2025 4:37 PM","Tay, Bryan","383"
"3XP","MO74N8","EK14W1","SN290","Cross Passage S29","L003","06203-L003-SN290","North South Motorway;Southern Tunnels;Cross Passage S29","06203","North South Motorway","L003","3290","SN290","Cross Passage S29","3290","Co_80_35_75","Road networks","En_80_96_90","Tunnels","SL_80_96_18","Crossover tunnels","6/06/2025 4:37 PM","Tay, Bryan","384"
"3CW","CB46V2","EK14W1","SL291","Between Cross Passage S29 & S30, West Carriageway, Northbound","L003","06203-L003-SL291","North South Motorway;Southern Tunnels;Between Cross Passage S29 & S30, West Carriageway, Northbound","06203","North South Motorway","L003","Southern Tunnels","SL291","Between Cross Passage S29 & S30, West Carriageway, Northbound","3291,3296","Co_80_35_75","Road networks","En_80_96_90","Tunnels","SL_80_35_74","Road sections","16/04/2026 11:02 AM","John Marsden-T2D","385"
"3CW","PV78F2","EK14W1","SL292","Between Cross Passage S29 & S30, East Carriageway, Southbound","L003","06203-L003-SL292","North South Motorway;Southern Tunnels;Between Cross Passage S29 & S30, East Carriageway, Southbound","06203","North South Motorway","L003","Southern Tunnels","SL292","Between Cross Passage S29 & S30, East Carriageway, Southbound","3292,3297","Co_80_35_75","Road networks","En_80_96_90","Tunnels","SL_80_35_74","Road sections","16/04/2026 11:02 AM","John Marsden-T2D","386"
"3IN","QM41H2","EK14W1","SL293","Invert Between Cross Passage S29 & S30, West Carriageway, Northbound","L003","06203-L003-SL293","North South Motorway;Southern Tunnels;Invert Between Cross Passage S29 & S30, West Carriageway, Northbound","06203","North South Motorway","L003","3293","SL293","Invert Between Cross Passage S29 & S30, West Carriageway, Northbound","3293","Co_80_35_75","Road networks","En_80_96_90","Tunnels","SL_80_96_64","Platform tunnels","6/06/2025 4:37 PM","Tay, Bryan","387"
"3IN","KO51M8","EK14W1","SL294","Invert Between Cross Passage S29 & S30, East Carriageway, Southbound","L003","06203-L003-SL294","North South Motorway;Southern Tunnels;Invert Between Cross Passage S29 & S30, East Carriageway, Southbound","06203","North South Motorway","L003","3294","SL294","Invert Between Cross Passage S29 & S30, East Carriageway, Southbound","3294","Co_80_35_75","Road networks","En_80_96_90","Tunnels","SL_80_96_64","Platform tunnels","6/06/2025 4:37 PM","Tay, Bryan","388"
"3XP","KP58X8","EK14W1","SN300","Cross Passage S30","L003","06203-L003-SN300","North South Motorway;Southern Tunnels;Cross Passage S30","06203","North South Motorway","L003","3300","SN300","Cross Passage S30","3300","Co_80_35_75","Road networks","En_80_96_90","Tunnels","SL_80_96_18","Crossover tunnels","6/06/2025 4:37 PM","Tay, Bryan","389"
"3CW","AR10X5","EK14W1","SL301","Between Cross Passage S30 & S31, West Carriageway, Northbound","L003","06203-L003-SL301","North South Motorway;Southern Tunnels;Between Cross Passage S30 & S31, West Carriageway, Northbound","06203","North South Motorway","L003","Southern Tunnels","SL301","Between Cross Passage S30 & S31, West Carriageway, Northbound","3301,3306","Co_80_35_75","Road networks","En_80_96_90","Tunnels","SL_80_35_74","Road sections","16/04/2026 11:02 AM","John Marsden-T2D","390"
"3CW","MA62O6","EK14W1","SL302","Between Cross Passage S30 & S31, East Carriageway, Southbound","L003","06203-L003-SL302","North South Motorway;Southern Tunnels;Between Cross Passage S30 & S31, East Carriageway, Southbound","06203","North South Motorway","L003","Southern Tunnels","SL302","Between Cross Passage S30 & S31, East Carriageway, Southbound","3302,3307","Co_80_35_75","Road networks","En_80_96_90","Tunnels","SL_80_35_74","Road sections","16/04/2026 11:02 AM","John Marsden-T2D","391"
"3IN","HH99B2","EK14W1","SL303","Invert Between Cross Passage S30 & S31, West Carriageway, Northbound","L003","06203-L003-SL303","North South Motorway;Southern Tunnels;Invert Between Cross Passage S30 & S31, West Carriageway, Northbound","06203","North South Motorway","L003","3303","SL303","Invert Between Cross Passage S30 & S31, West Carriageway, Northbound","3303","Co_80_35_75","Road networks","En_80_96_90","Tunnels","SL_80_96_64","Platform tunnels","6/06/2025 4:37 PM","Tay, Bryan","392"
"3IN","LE39C6","EK14W1","SL304","Invert Between Cross Passage S30 & S31, East Carriageway, Southbound","L003","06203-L003-SL304","North South Motorway;Southern Tunnels;Invert Between Cross Passage S30 & S31, East Carriageway, Southbound","06203","North South Motorway","L003","3304","SL304","Invert Between Cross Passage S30 & S31, East Carriageway, Southbound","3304","Co_80_35_75","Road networks","En_80_96_90","Tunnels","SL_80_96_64","Platform tunnels","6/06/2025 4:37 PM","Tay, Bryan","393"
"3XP","DS39P1","EK14W1","SN310","Cross Passage S31","L003","06203-L003-SN310","North South Motorway;Southern Tunnels;Cross Passage S31","06203","North South Motorway","L003","3310","SN310","Cross Passage S31","3310","Co_80_35_75","Road networks","En_80_96_90","Tunnels","SL_80_96_18","Crossover tunnels","6/06/2025 4:37 PM","Tay, Bryan","394"
"3CW","UK27S4","EK14W1","SL311","Between Cross Passage S31 & S32, West Carriageway, Northbound","L003","06203-L003-SL311","North South Motorway;Southern Tunnels;Between Cross Passage S31 & S32, West Carriageway, Northbound","06203","North South Motorway","L003","Southern Tunnels","SL311","Between Cross Passage S31 & S32, West Carriageway, Northbound","3311,3316","Co_80_35_75","Road networks","En_80_96_90","Tunnels","SL_80_35_74","Road sections","16/04/2026 11:02 AM","John Marsden-T2D","395"
"3CW","PR04T8","EK14W1","SL312","Between Cross Passage S31 & S32, East Carriageway, Southbound","L003","06203-L003-SL312","North South Motorway;Southern Tunnels;Between Cross Passage S31 & S32, East Carriageway, Southbound","06203","North South Motorway","L003","Southern Tunnels","SL312","Between Cross Passage S31 & S32, East Carriageway, Southbound","3312,3317","Co_80_35_75","Road networks","En_80_96_90","Tunnels","SL_80_35_74","Road sections","16/04/2026 11:02 AM","John Marsden-T2D","396"
"3IN","PI83R0","EK14W1","SL313","Invert Between Cross Passage S31 & S32, West Carriageway, Northbound","L003","06203-L003-SL313","North South Motorway;Southern Tunnels;Invert Between Cross Passage S31 & S32, West Carriageway, Northbound","06203","North South Motorway","L003","3313","SL313","Invert Between Cross Passage S31 & S32, West Carriageway, Northbound","3313","Co_80_35_75","Road networks","En_80_96_90","Tunnels","SL_80_96_64","Platform tunnels","6/06/2025 4:37 PM","Tay, Bryan","397"
"3IN","RI67F4","EK14W1","SL314","Invert Between Cross Passage S31 & S32, East Carriageway, Southbound","L003","06203-L003-SL314","North South Motorway;Southern Tunnels;Invert Between Cross Passage S31 & S32, East Carriageway, Southbound","06203","North South Motorway","L003","3314","SL314","Invert Between Cross Passage S31 & S32, East Carriageway, Southbound","3314","Co_80_35_75","Road networks","En_80_96_90","Tunnels","SL_80_96_64","Platform tunnels","6/06/2025 4:37 PM","Tay, Bryan","398"
"3XP","XA61N9","EK14W1","SN320","Cross Passage S32","L003","06203-L003-SN320","North South Motorway;Southern Tunnels;Cross Passage S32","06203","North South Motorway","L003","3320","SN320","Cross Passage S32","3320","Co_80_35_75","Road networks","En_80_96_90","Tunnels","SL_80_96_18","Crossover tunnels","6/06/2025 4:37 PM","Tay, Bryan","399"
"3CW","RD71Q9","EK14W1","SL321","Between Cross Passage S32 & S33, West Carriageway, Northbound","L003","06203-L003-SL321","North South Motorway;Southern Tunnels;Between Cross Passage S32 & S33, West Carriageway, Northbound","06203","North South Motorway","L003","Southern Tunnels","SL321","Between Cross Passage S32 & S33, West Carriageway, Northbound","3321,3326","Co_80_35_75","Road networks","En_80_96_90","Tunnels","SL_80_35_74","Road sections","16/04/2026 11:02 AM","John Marsden-T2D","400"
"3CW","JA47S7","EK14W1","SL322","Between Cross Passage S32 & S33, East Carriageway, Southbound","L003","06203-L003-SL322","North South Motorway;Southern Tunnels;Between Cross Passage S32 & S33, East Carriageway, Southbound","06203","North South Motorway","L003","Southern Tunnels","SL322","Between Cross Passage S32 & S33, East Carriageway, Southbound","3322,3327","Co_80_35_75","Road networks","En_80_96_90","Tunnels","SL_80_35_74","Road sections","16/04/2026 11:02 AM","John Marsden-T2D","401"
"3IN","DD42R3","EK14W1","SL323","Invert Between Cross Passage S32 & S33, West Carriageway, Northbound","L003","06203-L003-SL323","North South Motorway;Southern Tunnels;Invert Between Cross Passage S32 & S33, West Carriageway, Northbound","06203","North South Motorway","L003","3323","SL323","Invert Between Cross Passage S32 & S33, West Carriageway, Northbound","3323","Co_80_35_75","Road networks","En_80_96_90","Tunnels","SL_80_96_64","Platform tunnels","6/06/2025 4:37 PM","Tay, Bryan","402"
"3IN","UO43T4","EK14W1","SL324","Invert Between Cross Passage S32 & S33, East Carriageway, Southbound","L003","06203-L003-SL324","North South Motorway;Southern Tunnels;Invert Between Cross Passage S32 & S33, East Carriageway, Southbound","06203","North South Motorway","L003","3324","SL324","Invert Between Cross Passage S32 & S33, East Carriageway, Southbound","3324","Co_80_35_75","Road networks","En_80_96_90","Tunnels","SL_80_96_64","Platform tunnels","6/06/2025 4:37 PM","Tay, Bryan","403"
"3XP","MB98W8","EK14W1","SN330","Cross Passage S33","L003","06203-L003-SN330","North South Motorway;Southern Tunnels;Cross Passage S33","06203","North South Motorway","L003","3330","SN330","Cross Passage S33","3330","Co_80_35_75","Road networks","En_80_96_90","Tunnels","SL_80_96_18","Crossover tunnels","6/06/2025 4:37 PM","Tay, Bryan","404"
"3CW","KA97E5","EK14W1","SL331","Between Cross Passage S33 & S34, West Carriageway, Northbound","L003","06203-L003-SL331","North South Motorway;Southern Tunnels;Between Cross Passage S33 & S34, West Carriageway, Northbound","06203","North South Motorway","L003","Southern Tunnels","SL331","Between Cross Passage S33 & S34, West Carriageway, Northbound","3331,3336","Co_80_35_75","Road networks","En_80_96_90","Tunnels","SL_80_35_74","Road sections","16/04/2026 11:02 AM","John Marsden-T2D","405"
"3CW","EQ49F4","EK14W1","SL332","Between Cross Passage S33 & S34, East Carriageway, Southbound","L003","06203-L003-SL332","North South Motorway;Southern Tunnels;Between Cross Passage S33 & S34, East Carriageway, Southbound","06203","North South Motorway","L003","Southern Tunnels","SL332","Between Cross Passage S33 & S34, East Carriageway, Southbound","3332,3337","Co_80_35_75","Road networks","En_80_96_90","Tunnels","SL_80_35_74","Road sections","16/04/2026 11:02 AM","John Marsden-T2D","406"
"3IN","ZO38X4","EK14W1","SL333","Invert Between Cross Passage S33 & S34, West Carriageway, Northbound","L003","06203-L003-SL333","North South Motorway;Southern Tunnels;Invert Between Cross Passage S33 & S34, West Carriageway, Northbound","06203","North South Motorway","L003","3333","SL333","Invert Between Cross Passage S33 & S34, West Carriageway, Northbound","3333","Co_80_35_75","Road networks","En_80_96_90","Tunnels","SL_80_96_64","Platform tunnels","6/06/2025 4:37 PM","Tay, Bryan","407"
"3IN","NG24S2","EK14W1","SL334","Invert Between Cross Passage S33 & S34, East Carriageway, Southbound","L003","06203-L003-SL334","North South Motorway;Southern Tunnels;Invert Between Cross Passage S33 & S34, East Carriageway, Southbound","06203","North South Motorway","L003","3334","SL334","Invert Between Cross Passage S33 & S34, East Carriageway, Southbound","3334","Co_80_35_75","Road networks","En_80_96_90","Tunnels","SL_80_96_64","Platform tunnels","6/06/2025 4:37 PM","Tay, Bryan","408"
"3XP","SH80U1","EK14W1","SN340","Cross Passage S34","L003","06203-L003-SN340","North South Motorway;Southern Tunnels;Cross Passage S34","06203","North South Motorway","L003","3340","SN340","Cross Passage S34","3340","Co_80_35_75","Road networks","En_80_96_90","Tunnels","SL_80_96_18","Crossover tunnels","6/06/2025 4:37 PM","Tay, Bryan","409"
"3CW","DV01M8","EK14W1","SL341","Between Cross Passage S34 & S35, West Carriageway, Northbound","L003","06203-L003-SL341","North South Motorway;Southern Tunnels;Between Cross Passage S34 & S35, West Carriageway, Northbound","06203","North South Motorway","L003","Southern Tunnels","SL341","Between Cross Passage S34 & S35, West Carriageway, Northbound","3341,3346","Co_80_35_75","Road networks","En_80_96_90","Tunnels","SL_80_35_74","Road sections","16/04/2026 11:02 AM","John Marsden-T2D","410"
"3CW","IW48W2","EK14W1","SL342","Between Cross Passage S34 & S35, East Carriageway, Southbound","L003","06203-L003-SL342","North South Motorway;Southern Tunnels;Between Cross Passage S34 & S35, East Carriageway, Southbound","06203","North South Motorway","L003","Southern Tunnels","SL342","Between Cross Passage S34 & S35, East Carriageway, Southbound","3342,3347","Co_80_35_75","Road networks","En_80_96_90","Tunnels","SL_80_35_74","Road sections","16/04/2026 11:02 AM","John Marsden-T2D","411"
"3IN","QG61E9","EK14W1","SL343","Invert Between Cross Passage S34 & S35, West Carriageway, Northbound","L003","06203-L003-SL343","North South Motorway;Southern Tunnels;Invert Between Cross Passage S34 & S35, West Carriageway, Northbound","06203","North South Motorway","L003","3343","SL343","Invert Between Cross Passage S34 & S35, West Carriageway, Northbound","3343","Co_80_35_75","Road networks","En_80_96_90","Tunnels","SL_80_96_64","Platform tunnels","6/06/2025 4:37 PM","Tay, Bryan","412"
"3IN","NA99D2","EK14W1","SL344","Invert Between Cross Passage S34 & S35, East Carriageway, Southbound","L003","06203-L003-SL344","North South Motorway;Southern Tunnels;Invert Between Cross Passage S34 & S35, East Carriageway, Southbound","06203","North South Motorway","L003","3344","SL344","Invert Between Cross Passage S34 & S35, East Carriageway, Southbound","3344","Co_80_35_75","Road networks","En_80_96_90","Tunnels","SL_80_96_64","Platform tunnels","6/06/2025 4:37 PM","Tay, Bryan","413"
"3XP","JC20I0","EK14W1","SN350","Cross Passage S35","L003","06203-L003-SN350","North South Motorway;Southern Tunnels;Cross Passage S35","06203","North South Motorway","L003","3350","SN350","Cross Passage S35","3350","Co_80_35_75","Road networks","En_80_96_90","Tunnels","SL_80_96_18","Crossover tunnels","6/06/2025 4:37 PM","Tay, Bryan","414"
"3CW","TI63W6","EK14W1","SL351","Between Cross Passage S35 & S36, West Carriageway, Northbound","L003","06203-L003-SL351","North South Motorway;Southern Tunnels;Between Cross Passage S35 & S36, West Carriageway, Northbound","06203","North South Motorway","L003","Southern Tunnels","SL351","Between Cross Passage S35 & S36, West Carriageway, Northbound","3351,3356","Co_80_35_75","Road networks","En_80_96_90","Tunnels","SL_80_35_74","Road sections","16/04/2026 11:02 AM","John Marsden-T2D","415"
"3CW","MN54C4","EK14W1","SL352","Between Cross Passage S35 & S36, East Carriageway, Southbound","L003","06203-L003-SL352","North South Motorway;Southern Tunnels;Between Cross Passage S35 & S36, East Carriageway, Southbound","06203","North South Motorway","L003","Southern Tunnels","SL352","Between Cross Passage S35 & S36, East Carriageway, Southbound","3352,3357","Co_80_35_75","Road networks","En_80_96_90","Tunnels","SL_80_35_74","Road sections","16/04/2026 11:02 AM","John Marsden-T2D","416"
"3IN","SS88X1","EK14W1","SL353","Invert Between Cross Passage S35 & S36, West Carriageway, Northbound","L003","06203-L003-SL353","North South Motorway;Southern Tunnels;Invert Between Cross Passage S35 & S36, West Carriageway, Northbound","06203","North South Motorway","L003","3353","SL353","Invert Between Cross Passage S35 & S36, West Carriageway, Northbound","3353","Co_80_35_75","Road networks","En_80_96_90","Tunnels","SL_80_96_64","Platform tunnels","6/06/2025 4:37 PM","Tay, Bryan","417"
"3IN","IW07Q2","EK14W1","SL354","Invert Between Cross Passage S35 & S36, East Carriageway, Southbound","L003","06203-L003-SL354","North South Motorway;Southern Tunnels;Invert Between Cross Passage S35 & S36, East Carriageway, Southbound","06203","North South Motorway","L003","3354","SL354","Invert Between Cross Passage S35 & S36, East Carriageway, Southbound","3354","Co_80_35_75","Road networks","En_80_96_90","Tunnels","SL_80_96_64","Platform tunnels","6/06/2025 4:37 PM","Tay, Bryan","418"
"3XP","WO69C7","EK14W1","SN360","Cross Passage S36","L003","06203-L003-SN360","North South Motorway;Southern Tunnels;Cross Passage S36","06203","North South Motorway","L003","3360","SN360","Cross Passage S36","3360","Co_80_35_75","Road networks","En_80_96_90","Tunnels","SL_80_96_18","Crossover tunnels","6/06/2025 4:37 PM","Tay, Bryan","419"
"3CW","PY02F8","EK14W1","SL361","Between Cross Passage S36 & S37, West Carriageway, Northbound","L003","06203-L003-SL361","North South Motorway;Southern Tunnels;Between Cross Passage S36 & S37, West Carriageway, Northbound","06203","North South Motorway","L003","Southern Tunnels","SL361","Between Cross Passage S36 & S37, West Carriageway, Northbound","3361,3366","Co_80_35_75","Road networks","En_80_96_90","Tunnels","SL_80_35_74","Road sections","16/04/2026 11:02 AM","John Marsden-T2D","420"
"3CW","HD10V1","EK14W1","SL362","Between Cross Passage S36 & S37, East Carriageway, Southbound","L003","06203-L003-SL362","North South Motorway;Southern Tunnels;Between Cross Passage S36 & S37, East Carriageway, Southbound","06203","North South Motorway","L003","Southern Tunnels","SL362","Between Cross Passage S36 & S37, East Carriageway, Southbound","3362,3367","Co_80_35_75","Road networks","En_80_96_90","Tunnels","SL_80_35_74","Road sections","16/04/2026 11:02 AM","John Marsden-T2D","421"
"3IN","RF59B1","EK14W1","SL363","Invert Between Cross Passage S36 & S37, West Carriageway, Northbound","L003","06203-L003-SL363","North South Motorway;Southern Tunnels;Invert Between Cross Passage S36 & S37, West Carriageway, Northbound","06203","North South Motorway","L003","3363","SL363","Invert Between Cross Passage S36 & S37, West Carriageway, Northbound","3363","Co_80_35_75","Road networks","En_80_96_90","Tunnels","SL_80_96_64","Platform tunnels","6/06/2025 4:37 PM","Tay, Bryan","422"
"3IN","LH90D3","EK14W1","SL364","Invert Between Cross Passage S36 & S37, East Carriageway, Southbound","L003","06203-L003-SL364","North South Motorway;Southern Tunnels;Invert Between Cross Passage S36 & S37, East Carriageway, Southbound","06203","North South Motorway","L003","3364","SL364","Invert Between Cross Passage S36 & S37, East Carriageway, Southbound","3364","Co_80_35_75","Road networks","En_80_96_90","Tunnels","SL_80_96_64","Platform tunnels","6/06/2025 4:37 PM","Tay, Bryan","423"
"3XP","YC73I3","EK14W1","SN370","Cross Passage S37","L003","06203-L003-SN370","North South Motorway;Southern Tunnels;Cross Passage S37","06203","North South Motorway","L003","3370","SN370","Cross Passage S37","3370","Co_80_35_75","Road networks","En_80_96_90","Tunnels","SL_80_96_18","Crossover tunnels","6/06/2025 4:37 PM","Tay, Bryan","424"
"3CW","SG65H6","EK14W1","SL371","Between Cross Passage S37 & S38, West Carriageway, Northbound","L003","06203-L003-SL371","North South Motorway;Southern Tunnels;Between Cross Passage S37 & S38, West Carriageway, Northbound","06203","North South Motorway","L003","Southern Tunnels","SL371","Between Cross Passage S37 & S38, West Carriageway, Northbound","3371,3376","Co_80_35_75","Road networks","En_80_96_90","Tunnels","SL_80_35_74","Road sections","16/04/2026 11:02 AM","John Marsden-T2D","425"
"3CW","EM27A6","EK14W1","SL372","Between Cross Passage S37 & S38, East Carriageway, Southbound","L003","06203-L003-SL372","North South Motorway;Southern Tunnels;Between Cross Passage S37 & S38, East Carriageway, Southbound","06203","North South Motorway","L003","Southern Tunnels","SL372","Between Cross Passage S37 & S38, East Carriageway, Southbound","3372,3377","Co_80_35_75","Road networks","En_80_96_90","Tunnels","SL_80_35_74","Road sections","16/04/2026 11:02 AM","John Marsden-T2D","426"
"3IN","SN27R9","EK14W1","SL373","Invert Between Cross Passage S37 & S38, West Carriageway, Northbound","L003","06203-L003-SL373","North South Motorway;Southern Tunnels;Invert Between Cross Passage S37 & S38, West Carriageway, Northbound","06203","North South Motorway","L003","Southern Tunnels","SL373","Invert Between Cross Passage S37 & S38, West Carriageway, Northbound","3373","Co_80_35_75","Road networks","En_80_96_90","Tunnels","SL_80_96_64","Platform tunnels","13/05/2026 12:19 PM","John Marsden-T2D","427"
"3IN","DG32G5","EK14W1","SL374","Invert Between Cross Passage S37 & S38, East Carriageway, Southbound","L003","06203-L003-SL374","North South Motorway;Southern Tunnels;Invert Between Cross Passage S37 & S38, East Carriageway, Southbound","06203","North South Motorway","L003","Southern Tunnels","SL374","Invert Between Cross Passage S37 & S38, East Carriageway, Southbound","3374","Co_80_35_75","Road networks","En_80_96_90","Tunnels","SL_80_96_64","Platform tunnels","13/05/2026 12:13 PM","John Marsden-T2D","428"
"3XP","XV60Y5","EK14W1","SN380","Cross Passage S38","L003","06203-L003-SN380","North South Motorway;Southern Tunnels;Cross Passage S38","06203","North South Motorway","L003","3380","SN380","Cross Passage S38","3380","Co_80_35_75","Road networks","En_80_96_90","Tunnels","SL_80_96_18","Crossover tunnels","6/06/2025 4:37 PM","Tay, Bryan","429"
"3CW","KC51I9","EK14W1","SL381","Between Cross Passage S38 & S39, West Carriageway, Northbound","L003","06203-L003-SL381","North South Motorway;Southern Tunnels;Between Cross Passage S38 & S39, West Carriageway, Northbound","06203","North South Motorway","L003","Southern Tunnels","SL381","Between Cross Passage S38 & S39, West Carriageway, Northbound","3381,3386","Co_80_35_75","Road networks","En_80_96_90","Tunnels","SL_80_35_74","Road sections","16/04/2026 11:02 AM","John Marsden-T2D","430"
"3CW","HW98N8","EK14W1","SL382","Between Cross Passage S38 & S39, East Carriageway, Southbound","L003","06203-L003-SL382","North South Motorway;Southern Tunnels;Between Cross Passage S38 & S39, East Carriageway, Southbound","06203","North South Motorway","L003","Southern Tunnels","SL382","Between Cross Passage S38 & S39, East Carriageway, Southbound","3382,3387","Co_80_35_75","Road networks","En_80_96_90","Tunnels","SL_80_35_74","Road sections","16/04/2026 11:02 AM","John Marsden-T2D","431"
"3IN","US09J7","EK14W1","SL383","Invert Between Cross Passage S38 & S39, West Carriageway, Northbound","L003","06203-L003-SL383","North South Motorway;Southern Tunnels;Invert Between Cross Passage S38 & S39, West Carriageway, Northbound","06203","North South Motorway","L003","3383","SL383","Invert Between Cross Passage S38 & S39, West Carriageway, Northbound","3383","Co_80_35_75","Road networks","En_80_96_90","Tunnels","SL_80_96_64","Platform tunnels","6/06/2025 4:37 PM","Tay, Bryan","432"
"3IN","IY61G4","EK14W1","SL384","Invert Between Cross Passage S38 & S39, East Carriageway, Southbound","L003","06203-L003-SL384","North South Motorway;Southern Tunnels;Invert Between Cross Passage S38 & S39, East Carriageway, Southbound","06203","North South Motorway","L003","3384","SL384","Invert Between Cross Passage S38 & S39, East Carriageway, Southbound","3384","Co_80_35_75","Road networks","En_80_96_90","Tunnels","SL_80_96_64","Platform tunnels","6/06/2025 4:37 PM","Tay, Bryan","433"
"3XP","BX28Y9","EK14W1","SN390","Cross Passage S39","L003","06203-L003-SN390","North South Motorway;Southern Tunnels;Cross Passage S39","06203","North South Motorway","L003","3390","SN390","Cross Passage S39","3390","Co_80_35_75","Road networks","En_80_96_90","Tunnels","SL_80_96_18","Crossover tunnels","6/06/2025 4:37 PM","Tay, Bryan","434"
"3CW","EQ58Z3","EK14W1","SL391","Between Cross Passage S39 & STSP, West Carriageway, Northbound","L003","06203-L003-SL391","North South Motorway;Southern Tunnels;Between Cross Passage S39 & STSP, West Carriageway, Northbound","06203","North South Motorway","L003","Southern Tunnels","SL391","Between Cross Passage S39 & STSP, West Carriageway, Northbound","3391,3396","Co_80_35_75","Road networks","En_80_96_90","Tunnels","SL_80_35_74","Road sections","16/04/2026 11:02 AM","John Marsden-T2D","436"
"3CW","DG30C2","EK14W1","SL392","Between Cross Passage S39 & STSP, East Carriageway, Southbound","L003","06203-L003-SL392","North South Motorway;Southern Tunnels;Between Cross Passage S39 & STSP, East Carriageway, Southbound","06203","North South Motorway","L003","Southern Tunnels","SL392","Between Cross Passage S39 & STSP, East Carriageway, Southbound","3392,3397","Co_80_35_75","Road networks","En_80_96_90","Tunnels","SL_80_35_74","Road sections","16/04/2026 11:02 AM","John Marsden-T2D","437"
"3IN","QY23L6","EK14W1","SL393","Invert Between Cross Passage S39 & STSP, West Carriageway, Northbound","L003","06203-L003-SL393","North South Motorway;Southern Tunnels;Invert Between Cross Passage S39 & STSP, West Carriageway, Northbound","06203","North South Motorway","L003","3393","SL393","Invert Between Cross Passage S39 & STSP, West Carriageway, Northbound","3393","Co_80_35_75","Road networks","En_80_96_90","Tunnels","SL_80_96_64","Platform tunnels","6/06/2025 4:37 PM","Tay, Bryan","438"
"3IN","RL34D1","EK14W1","SL394","Invert Between Cross Passage S39 & STSP, East Carriageway, Southbound","L003","06203-L003-SL394","North South Motorway;Southern Tunnels;Invert Between Cross Passage S39 & STSP, East Carriageway, Southbound","06203","North South Motorway","L003","3394","SL394","Invert Between Cross Passage S39 & STSP, East Carriageway, Southbound","3394","Co_80_35_75","Road networks","En_80_96_90","Tunnels","SL_80_96_64","Platform tunnels","6/06/2025 4:37 PM","Tay, Bryan","439"
"2","RX56W7","AN35C2","L381","East of South Road ","05851","05851-L381","Grange Road & Manton Street;East of South Road ","05851","Grange Road & Manton Street","L381","East of South Road ",,,"2381","Co_80_35_75","Road networks","En_80_35_74","Roads","SL_80_35_74","Road sections","3/06/2025 3:46 PM","Tay, Bryan","440"
"2","FS78A6","AN35C2","N390","South Road Intersection","05851","05851-N390","Grange Road & Manton Street;South Road Intersection","05851","Grange Road & Manton Street","N390","South Road Intersection",,,"2390","Co_80_35_75","Road networks","En_80_35_74","Roads","SL_80_35_42","Intersections","23/05/2025 10:37 AM","Tay, Bryan","443"
"2","CC38Q4","AN35C2","L380","West of South Road","05851","05851-L380","Grange Road & Manton Street;West of South Road","05851","Grange Road & Manton Street","L380","West of South Road",,,"2380","Co_80_35_75","Road networks","En_80_35_74","Roads","SL_80_35_74","Road sections","3/06/2025 3:46 PM","Tay, Bryan","444"
"2","HO27V5","UR53O5","L523","East of South Road ","65802","65802-L523","West Thebarton Road;East of South Road ","65802","West Thebarton Road","L523","East of South Road ",,,"2523","Co_80_35_75","Road networks","En_80_35_74","Roads","SL_80_35_74","Road sections","27/03/2026 11:52 AM","Bird, Cheyne","445"
"2B","ID59S0","NJ21J2","N252","Ashwin Parade Bridge over North South Motorway (BR04)","NCRN001","NCRN001-N252","Ashwin Parade;Ashwin Parade Bridge over North South Motorway (BR04)","NCRN001","Ashwin Parade","N252","Ashwin Parade Bridge over North South Motorway (BR04)",,,"252","Co_80_35_75","Road networks","En_80_94_30","Fixed bridges","SL_80_94","Bridge and structure spaces","25/06/2026 11:28 AM","Muhammad Abid-T2D","447"
"2","UF55X0","NJ21J2","N531","South Road Intersection","NCRN001","NCRN001-N531","Ashwin Parade;South Road Intersection","NCRN001","Ashwin Parade","N531","South Road Intersection",,,"2531","Co_80_35_75","Road networks","En_80_35_74","Roads","SL_80_35_42","Intersections","27/03/2026 11:52 AM","Bird, Cheyne","448"
"2","EJ82G8","NJ21J2","L520","West of South Road (MC54/MC55)","NCRN002","NCRN001-L520","Ashwin Parade;West of South Road (MC54/MC55)","NCRN001","Ashwin Parade","L520","West of South Road (MC54/MC55)",,,"2520","Co_80_35_75","Road networks","En_80_35_74","Roads","SL_80_35_74","Road sections","27/03/2026 11:52 AM","Bird, Cheyne","449"
"2","VU89U3","NJ21J2","N530","Ashwin Parade Roundabout (MC54/MC55)","NCRN002","NCRN001-N530","Ashwin Parade;Ashwin Parade Roundabout (MC54/MC55)","NCRN001","Ashwin Parade","N530","Ashwin Parade Roundabout (MC54/MC55)",,,"2530","Co_80_35_75","Road networks","En_80_35_74","Roads","SL_80_35_75","Roundabouts","27/03/2026 11:52 AM","Bird, Cheyne","452"
"2","GV33O8","UI22V5","L303","East of BR10 (MC3G/MC36)","06206","06206-L303","James Congdon Drive;East of BR10 (MC3G/MC36)","06206","James Congdon Drive","L303","East of BR10 (MC3G/MC36)",,,"2303","Co_80_35_75","Road networks","En_80_35_74","Roads","SL_80_35_74","Road sections","9/07/2025 2:28 PM","Tay, Bryan","453"
"2B","CT39H8","UI22V5","N230","Northbound to James Congdon Drive Flyover Ramp (BR10)","06206","06206-N230","James Congdon Drive;Northbound to James Congdon Drive Flyover Ramp (BR10)","06206","James Congdon Drive","N230","Northbound to James Congdon Drive Flyover Ramp (BR10)",,,"230","Co_80_35_75","Road networks","En_80_94_30","Fixed bridges",,,"3/06/2025 3:50 PM","Tay, Bryan","454"
"2","BH08Q8","UI22V5","L300","NorthBound Off-ramp to James Congdon Drive (MC3G)","06206","06206-L300","James Congdon Drive;NorthBound Off-ramp to James Congdon Drive (MC3G)","06206","James Congdon Drive","L300","NorthBound Off-ramp to James Congdon Drive (MC3G)",,,"2300","Co_80_35_75","Road networks","En_80_35_01","Access roads","SL_80_35_80","Slip road carriageways","3/06/2025 3:50 PM","Tay, Bryan","455"
"2","TI50O3","SO08G5","L361","East of South Road","06586","06586-L361","Sir Donald Bradman Drive;East of South Road","06586","Sir Donald Bradman Drive","L361","East of South Road",,,"2361","Co_80_35_75","Road networks","En_80_35_74","Roads","SL_80_35_74","Road sections","3/06/2025 3:50 PM","Tay, Bryan","456"
"2","PL77M3","SO08G5","N370","South Road Intersection","06586","06586-N370","Sir Donald Bradman Drive;South Road Intersection","06586","Sir Donald Bradman Drive","N370","South Road Intersection",,,"2370","Co_80_35_75","Road networks","En_80_35_74","Roads","SL_80_35_42","Intersections","3/06/2025 3:50 PM","Tay, Bryan","457"
"2","AC86H1","SO08G5","L360","West of South Road","06586","06586-L360","Sir Donald Bradman Drive;West of South Road","06586","Sir Donald Bradman Drive","L360","West of South Road",,,"2360","Co_80_35_75","Road networks","En_80_35_74","Roads","SL_80_35_74","Road sections","3/06/2025 3:50 PM","Tay, Bryan","458"
"2","PF60G8","FM59I7","L346","East of Richmond Road Bridge (over Keswick Creek) (MC33/MC34)","06200","06200-L346","Richmond Road;East of Richmond Road Bridge (over Keswick Creek) (MC33/MC34)","06200","Richmond Road","L346","East of Richmond Road Bridge (over Keswick Creek) (MC33/MC34)",,,"2346","Co_80_35_75","Road networks","En_80_35_74","Roads","SL_80_35_74","Road sections","9/07/2025 2:28 PM","Tay, Bryan","467"
"2B","CA87Z9","FM59I7","N343","Richmond Road Bridge (over Keswick Creek) (BR06)","06200","06200-N343","Richmond Road;Richmond Road Bridge (over Keswick Creek) (BR06)","06200","Richmond Road","N343","Richmond Road Bridge (over Keswick Creek) (BR06)",,,"234","Co_80_35_75","Road networks","En_80_94_30","Fixed bridges",,,"3/06/2025 4:00 PM","Tay, Bryan","468"
"2","YW68K6","FM59I7","L343","Between South Road Intersection & Richmond Road Bridge (over Keswick Creek) (MC33/MC34)","06200","06200-L343","Richmond Road;Between South Road Intersection & Richmond Road Bridge (over Keswick Creek) (MC33/MC34)","06200","Richmond Road","L343","Between South Road Intersection & Richmond Road Bridge (over Keswick Creek) (MC33/MC34)",,,"2343","Co_80_35_75","Road networks","En_80_35_74","Roads","SL_80_35_42","Intersections","9/07/2025 2:29 PM","Tay, Bryan","469"
"2B","GI28V8","FM59I7","N341","Richmond Road Bridge (over North South Motorway) (BR07)","06200","06200-N341","Richmond Road;Richmond Road Bridge (over North South Motorway) (BR07)","06200","Richmond Road","N341","Richmond Road Bridge (over North South Motorway) (BR07)",,,"234","Co_80_35_75","Road networks","En_80_94_30","Fixed bridges",,,"3/06/2025 4:00 PM","Tay, Bryan","470"
"2","VQ53Z3","FM59I7","N351","South Road Intersections","06200","06200-N351","Richmond Road;South Road Intersections","06200","Richmond Road","N351","South Road Intersections",,,"2351","Co_80_35_75","Road networks","En_80_35_74","Roads","SL_80_35_42","Intersections","3/06/2025 4:00 PM","Tay, Bryan","474"
"2","AF44T9","FM59I7","L340","Between South Road Intersection & Deacon Avenue (MC33/MC34)","06200","06200-L340","Richmond Road;Between South Road Intersection & Deacon Avenue (MC33/MC34)","06200","Richmond Road","L340","Between South Road Intersection & Deacon Avenue (MC33/MC34)",,,"2340","Co_80_35_75","Road networks","En_80_35_74","Roads","SL_80_35_74","Road sections","3/06/2025 4:00 PM","Tay, Bryan","475"
"2","NS94B1","FM59I7","N350","Deacon Avenue Intersection","06200","06200-N350","Richmond Road;Deacon Avenue Intersection","06200","Richmond Road","N350","Deacon Avenue Intersection",,,"2350","Co_80_35_75","Road networks","En_80_35_74","Roads","SL_80_35_42","Intersections","3/06/2025 4:00 PM","Tay, Bryan","476"
"2","JS00I2","YI62Q5","L323","East of South Road (MC31)","NCRN005","NCRN005-L323","Everard Avenue;East of South Road (MC31)","NCRN005","Everard Avenue","L323","East of South Road (MC31)",,,"2323","Co_80_35_75","Road networks","En_80_35_74","Roads","SL_80_35_74","Road sections","9/07/2025 2:29 PM","Tay, Bryan","478"
"2","YS79H8","YI62Q5","N331","South Road Intersection (MC31)","NCRN005","NCRN005-N331","Everard Avenue;South Road Intersection (MC31)","NCRN005","Everard Avenue","N331","South Road Intersection (MC31)",,,"2331","Co_80_35_75","Road networks","En_80_35_74","Roads","SL_80_35_42","Intersections","3/06/2025 4:00 PM","Tay, Bryan","481"
"2B","GM18B1","YI62Q5","N321","Everard Avenue Bridge (Over North South Motorway) (BR08)","NCRN005","NCRN005-N321","Everard Avenue;Everard Avenue Bridge (Over North South Motorway) (BR08)","NCRN005","Everard Avenue","N321","Everard Avenue Bridge (Over North South Motorway) (BR08)",,,"2321","Co_80_35_75","Road networks","En_80_94_30","Fixed bridges",,,"3/06/2025 4:00 PM","Tay, Bryan","483"
"2","PW85M9","PW65X7","N330","South Road Intersection (MC32)","NCRN004","NCRN004-N330","Barwell Avenue;South Road Intersection (MC32)","NCRN004","Barwell Avenue","N330","South Road Intersection (MC32)",,,"2330","Co_80_35_75","Road networks","En_80_35_74","Roads","SL_80_35_42","Intersections","3/06/2025 4:00 PM","Tay, Bryan","486"
"2","NN27J0","PW65X7","L320","West of South Road (MC32)","NCRN004","NCRN004-L320","Barwell Avenue;West of South Road (MC32)","NCRN004","Barwell Avenue","L320","West of South Road (MC32)",,,"2320","Co_80_35_75","Road networks","En_80_35_74","Roads","SL_80_35_74","Road sections","3/06/2025 4:00 PM","Tay, Bryan","489"
"2","WX40Y3","RG06I9","L452","East of South Road (MC21)","06212","06212-L452","Anzac Highway;East of South Road (MC21)","06212","Anzac Highway","L452","East of South Road (MC21)",,,"2452","Co_80_35_75","Road networks","En_80_35_74","Roads","SL_80_35_74","Road sections","3/06/2025 4:00 PM","Tay, Bryan","490"
"2B","EI31J2","RG06I9","N245","Anzac Highway Bridge over North South Motorway (BR23)","06212","06212-N245","Anzac Highway;Anzac Highway Bridge over North South Motorway (BR23)","06212","Anzac Highway","N245","Anzac Highway Bridge over North South Motorway (BR23)",,,"245","Co_80_35_75","Road networks","En_80_94_30","Fixed bridges",,,"3/06/2025 4:00 PM","Tay, Bryan","491"
"2","IK92C5","RG06I9","N460","South Road Intersection (MC21)","06212","06212-N460","Anzac Highway;South Road Intersection (MC21)","06212","Anzac Highway","N460","South Road Intersection (MC21)",,,"2460","Co_80_35_75","Road networks","En_80_35_74","Roads","SL_80_35_42","Intersections","3/06/2025 4:00 PM","Tay, Bryan","492"
"2","HO74C5","RG06I9","L450","West of South Road (MC22)","06212","06212-L450","Anzac Highway;West of South Road (MC22)","06212","Anzac Highway","L450","West of South Road (MC22)",,,"2450","Co_80_35_75","Road networks","En_80_35_74","Roads","SL_80_35_74","Road sections","3/06/2025 4:00 PM","Tay, Bryan","493"
"2","GM99X0","UP56P0","L521","West of South Road (MC14)","NCRN003","NCRN003-L521","Tonsley Boulevard;West of South Road (MC14)","NCRN003","Tonsley Boulevard","L521","West of South Road (MC14)",,,"3521","Co_80_35_75","Road networks","En_80_35_74","Roads","SL_80_35_74","Road sections","22/07/2026 3:00 PM","John Marsden-T2D","494"
"2","LH59Q4","UP56P0","N530","South Road Intersection","NCRN003","NCRN003-N530","Tonsley Boulevard;South Road Intersection","NCRN003","Tonsley Boulevard","N530","South Road Intersection",,,"3530","Co_80_35_75","Road networks","En_80_35_74","Roads","SL_80_35_42","Intersections","3/06/2025 4:01 PM","Tay, Bryan","495"
"2B","OT53S0","UP56P0","N352","Tonsley Boulevard Bridge over North South Motorway (BR24)","NCRN003","NCRN003-N352","Tonsley Boulevard;Tonsley Boulevard Bridge over North South Motorway (BR24)","NCRN003","Tonsley Boulevard","N352","Tonsley Boulevard Bridge over North South Motorway (BR24)",,,"352","Co_80_35_75","Road networks","En_80_94_30","Fixed bridges",,,"3/06/2025 4:01 PM","Tay, Bryan","496"
"2","TW56G3","JN50R9","L540","East of South Road","NCRN010","NCRN010-L540","Walsh Avenue;East of South Road","NCRN010","Walsh Avenue","L540","East of South Road",,,"3540","Co_80_35_75","Road networks","En_80_35_74","Roads","SL_80_35_74","Road sections","9/10/2025 2:13 PM","Tay, Bryan","497"
"2","UU07A2","XM14R4","L540","Adam Street (MC56)","05857","5857-L540","Adam Street;Adam Street (MC56)","5857","Adam Street","L540","Adam Street (MC56)",,,"2540","Co_80_35_75","Road networks","En_80_35_74","Roads","SL_80_35_74","Road sections","27/02/2026 9:24 AM","John Marsden-T2D","498"
"2","GX37P8","IX98D8","L510","Ware Street (MC53)","NCRN011","NCRN011-L510","Ware Street;Ware Street (MC53)","NCRN011","Ware Street","L510","Ware Street (MC53)",,,"2510","Co_80_35_75","Road networks","En_80_35_74","Roads","SL_80_35_74","Road sections","26/05/2025 10:50 AM","Tay, Bryan","499"
"2","TL97P4","AQ86C9","L550","Orsmond Street (MC57)","NCRN012","NCRN012-L550","Orsmond Street;Orsmond Street (MC57)","NCRN012","Orsmond Street","L550","Orsmond Street (MC57)",,,"2550","Co_80_35_75","Road networks","En_80_35_74","Roads","SL_80_35_74","Road sections","26/05/2025 10:50 AM","Tay, Bryan","500"
"2","XH15O1","EP99S2","L560","Deacon Avenue (MC55)","NCRN013","NCRN013-L560","Deacon Avenue;Deacon Avenue (MC55)","NCRN013","Deacon Avenue","L560","Deacon Avenue (MC55)",,,"2560","Co_80_35_75","Road networks","En_80_35_74","Roads","SL_80_35_74","Road sections","26/05/2025 10:51 AM","Tay, Bryan","501"
"3BAP","JO64A0","MB98E5","SN001","Approach 1","N433","62043-N433-SN001","South Road;Taylors Bridge SouthBound (over River Torrens, Karrawirra Parri and Hindmarsh Cemetry) on South Road (BR03);Approach 1","62043","South Road","N433","Taylors Bridge SouthBound (over River Torrens, Karrawirra Parri and Hindmarsh Cemetry) on South Road (BR03)","SN001","Approach 1","2433-2434","Co_80_35_75","Road networks","En_80_94_30","Fixed bridges","SL_80_94","Bridge and structure spaces","9/07/2025 2:30 PM","Tay, Bryan","502"
"3BAP","YW27V2","CA87Z9","SN001","Approach 1","N343","06200-N343-SN001","Richmond Road;Richmond Road Bridge (over Keswick Creek) (BR06);Approach 1","06200","Richmond Road","N343","Richmond Road Bridge (over Keswick Creek) (BR06)","SN001","Approach 1","2343-2344","Co_80_35_75","Road networks","En_80_94_30","Fixed bridges","SL_80_94","Bridge and structure spaces","9/07/2025 2:32 PM","Tay, Bryan","528"
"3BAP","MS88L5","MB98E5","SN002","Approach 2","N433","62043-N433-SN002","South Road;Taylors Bridge SouthBound (over River Torrens, Karrawirra Parri and Hindmarsh Cemetry) on South Road (BR03);Approach 2","62043","South Road","N433","Taylors Bridge SouthBound (over River Torrens, Karrawirra Parri and Hindmarsh Cemetry) on South Road (BR03)","SN002","Approach 2","2433-2434","Co_80_35_75","Road networks","En_80_94_30","Fixed bridges","SL_80_94","Bridge and structure spaces","9/07/2025 2:30 PM","Tay, Bryan","503"
"3BDE","II52X7","MB98E5","SN003","Deck","N433","62043-N433-SN003","South Road;Taylors Bridge SouthBound (over River Torrens, Karrawirra Parri and Hindmarsh Cemetry) on South Road (BR03);Deck","62043","South Road","N433","Taylors Bridge SouthBound (over River Torrens, Karrawirra Parri and Hindmarsh Cemetry) on South Road (BR03)","SN003","Deck","2433-2434","Co_80_35_75","Road networks","En_80_94_30","Fixed bridges","SL_80_94","Bridge and structure spaces","9/07/2025 2:30 PM","Tay, Bryan","504"
"3BAB","NF53Q8","MB98E5","SN004","Abutment 1","N433","62043-N433-SN004","South Road;Taylors Bridge SouthBound (over River Torrens, Karrawirra Parri and Hindmarsh Cemetry) on South Road (BR03);Abutment 1","62043","South Road","N433","Taylors Bridge SouthBound (over River Torrens, Karrawirra Parri and Hindmarsh Cemetry) on South Road (BR03)","SN004","Abutment 1","2433-2434","Co_80_35_75","Road networks","En_80_94_30","Fixed bridges","SL_80_94","Bridge and structure spaces","9/07/2025 2:30 PM","Tay, Bryan","505"
"3BAB","HI15L2","MB98E5","SN005","Abutment 2","N433","62043-N433-SN005","South Road;Taylors Bridge SouthBound (over River Torrens, Karrawirra Parri and Hindmarsh Cemetry) on South Road (BR03);Abutment 2","62043","South Road","N433","Taylors Bridge SouthBound (over River Torrens, Karrawirra Parri and Hindmarsh Cemetry) on South Road (BR03)","SN005","Abutment 2","2433-2434","Co_80_35_75","Road networks","En_80_94_30","Fixed bridges","SL_80_94","Bridge and structure spaces","9/07/2025 2:30 PM","Tay, Bryan","506"
"3BSP","GD68D6","MB98E5","SN006","Span 1","N433","62043-N433-SN006","South Road;Taylors Bridge SouthBound (over River Torrens, Karrawirra Parri and Hindmarsh Cemetry) on South Road (BR03);Span 1","62043","South Road","N433","Taylors Bridge SouthBound (over River Torrens, Karrawirra Parri and Hindmarsh Cemetry) on South Road (BR03)","SN006","Span 1","2433-2434","Co_80_35_75","Road networks","En_80_94_30","Fixed bridges","SL_80_94","Bridge and structure spaces","9/07/2025 2:30 PM","Tay, Bryan","507"
"3BSP","SU82N9","MB98E5","SN007","Span 2","N433","62043-N433-SN007","South Road;Taylors Bridge SouthBound (over River Torrens, Karrawirra Parri and Hindmarsh Cemetry) on South Road (BR03);Span 2","62043","South Road","N433","Taylors Bridge SouthBound (over River Torrens, Karrawirra Parri and Hindmarsh Cemetry) on South Road (BR03)","SN007","Span 2","2433-2434","Co_80_35_75","Road networks","En_80_94_30","Fixed bridges","SL_80_94","Bridge and structure spaces","9/07/2025 2:30 PM","Tay, Bryan","508"
"3BSP","KU61U3","MB98E5","SN008","Span 3","N433","62043-N433-SN008","South Road;Taylors Bridge SouthBound (over River Torrens, Karrawirra Parri and Hindmarsh Cemetry) on South Road (BR03);Span 3","62043","South Road","N433","Taylors Bridge SouthBound (over River Torrens, Karrawirra Parri and Hindmarsh Cemetry) on South Road (BR03)","SN008","Span 3","2433-2434","Co_80_35_75","Road networks","En_80_94_30","Fixed bridges","SL_80_94","Bridge and structure spaces","9/07/2025 2:30 PM","Tay, Bryan","509"
"3BPI","BT04B8","MB98E5","SN010","Pier 1","N433","62043-N433-SN010","South Road;Taylors Bridge SouthBound (over River Torrens, Karrawirra Parri and Hindmarsh Cemetry) on South Road (BR03);Pier 1","62043","South Road","N433","Taylors Bridge SouthBound (over River Torrens, Karrawirra Parri and Hindmarsh Cemetry) on South Road (BR03)","SN010","Pier 1","2433-2434","Co_80_35_75","Road networks","En_80_94_30","Fixed bridges","SL_80_94","Bridge and structure spaces","9/07/2025 2:30 PM","Tay, Bryan","510"
"3BPI","TF88T6","MB98E5","SN011","Pier 2","N433","62043-N433-SN011","South Road;Taylors Bridge SouthBound (over River Torrens, Karrawirra Parri and Hindmarsh Cemetry) on South Road (BR03);Pier 2","62043","South Road","N433","Taylors Bridge SouthBound (over River Torrens, Karrawirra Parri and Hindmarsh Cemetry) on South Road (BR03)","SN011","Pier 2","2433-2434","Co_80_35_75","Road networks","En_80_94_30","Fixed bridges","SL_80_94","Bridge and structure spaces","9/07/2025 2:30 PM","Tay, Bryan","511"
"3CG","FQ16U3","PN45D7","SN001","Culvert Group","N273","62043-N273-SN001","South Road;Brown Hill Creek Culvert (BR18);Culvert Group","62043","South Road","N273","Brown Hill Creek Culvert (BR18)","SN001","Culvert Group","2730-2731","Co_50_35_85","Surface water collection networks","En_32_95_16","Complex culverts","SL_32_95_20","Culvert walls","9/07/2025 2:30 PM","Tay, Bryan","512"
"3CC","UJ99W1","PN45D7","SN002","Cell Group 1","N273","62043-N273-SN002","South Road;Brown Hill Creek Culvert (BR18);Cell Group 1","62043","South Road","N273","Brown Hill Creek Culvert (BR18)","SN002","Cell Group 1","2730-2731","Co_50_35_85","Surface water collection networks","En_32_95_16","Complex culverts","SL_32_95","Waterways spaces","9/07/2025 2:30 PM","Tay, Bryan","513"
"3CC","YQ55M4","PN45D7","SN003","Cell Group 2","N273","62043-N273-SN003","South Road;Brown Hill Creek Culvert (BR18);Cell Group 2","62043","South Road","N273","Brown Hill Creek Culvert (BR18)","SN003","Cell Group 2","2730-2731","Co_50_35_85","Surface water collection networks","En_32_95_16","Complex culverts","SL_32_95","Waterways spaces","9/07/2025 2:30 PM","Tay, Bryan","514"
"3CC","NL60A9","PN45D7","SN004","Cell Group 3","N273","62043-N273-SN004","South Road;Brown Hill Creek Culvert (BR18);Cell Group 3","62043","South Road","N273","Brown Hill Creek Culvert (BR18)","SN004","Cell Group 3","2730-2731","Co_50_35_85","Surface water collection networks","En_32_95_16","Complex culverts","SL_32_95","Waterways spaces","9/07/2025 2:30 PM","Tay, Bryan","515"
"3BAP","KS15U1","TV04K6","SN001","Approach 1","N434","62043-N434-SN001","South Road;Taylors Bridge NorthBound (over River Torrens, Karrawirra Parri) on South Road (BR01);Approach 1","62043","South Road","N434","Taylors Bridge NorthBound (over River Torrens, Karrawirra Parri) on South Road (BR01)","SN001","Approach 1","2434-2435","Co_80_35_75","Road networks","En_80_94_30","Fixed bridges","SL_80_94","Bridge and structure spaces","9/07/2025 2:31 PM","Tay, Bryan","516"
"3BAP","FW60R1","TV04K6","SN002","Approach 2","N434","62043-N434-SN002","South Road;Taylors Bridge NorthBound (over River Torrens, Karrawirra Parri) on South Road (BR01);Approach 2","62043","South Road","N434","Taylors Bridge NorthBound (over River Torrens, Karrawirra Parri) on South Road (BR01)","SN002","Approach 2","2434-2435","Co_80_35_75","Road networks","En_80_94_30","Fixed bridges","SL_80_94","Bridge and structure spaces","9/07/2025 2:31 PM","Tay, Bryan","517"
"3BDE","SD53J4","TV04K6","SN003","Deck","N434","62043-N434-SN003","South Road;Taylors Bridge NorthBound (over River Torrens, Karrawirra Parri) on South Road (BR01);Deck","62043","South Road","N434","Taylors Bridge NorthBound (over River Torrens, Karrawirra Parri) on South Road (BR01)","SN003","Deck","2434-2435","Co_80_35_75","Road networks","En_80_94_30","Fixed bridges","SL_80_94","Bridge and structure spaces","9/07/2025 2:31 PM","Tay, Bryan","518"
"3BAB","XL21F8","TV04K6","SN004","Abutment 1","N434","62043-N434-SN004","South Road;Taylors Bridge NorthBound (over River Torrens, Karrawirra Parri) on South Road (BR01);Abutment 1","62043","South Road","N434","Taylors Bridge NorthBound (over River Torrens, Karrawirra Parri) on South Road (BR01)","SN004","Abutment 1","2434-2435","Co_80_35_75","Road networks","En_80_94_30","Fixed bridges","SL_80_94","Bridge and structure spaces","9/07/2025 2:31 PM","Tay, Bryan","519"
"3BAB","EO49A1","TV04K6","SN005","Abutment 2","N434","62043-N434-SN005","South Road;Taylors Bridge NorthBound (over River Torrens, Karrawirra Parri) on South Road (BR01);Abutment 2","62043","South Road","N434","Taylors Bridge NorthBound (over River Torrens, Karrawirra Parri) on South Road (BR01)","SN005","Abutment 2","2434-2435","Co_80_35_75","Road networks","En_80_94_30","Fixed bridges","SL_80_94","Bridge and structure spaces","9/07/2025 2:31 PM","Tay, Bryan","520"
"3BSP","HK31F9","TV04K6","SN006","Span","N434","62043-N434-SN006","South Road;Taylors Bridge NorthBound (over River Torrens, Karrawirra Parri) on South Road (BR01);Span","62043","South Road","N434","Taylors Bridge NorthBound (over River Torrens, Karrawirra Parri) on South Road (BR01)","SN006","Span","2434-2435","Co_80_35_75","Road networks","En_80_94_30","Fixed bridges","SL_80_94","Bridge and structure spaces","9/07/2025 2:31 PM","Tay, Bryan","521"
"3BDE","LC05L8","ID59S0","SN001","Deck","N252","65806-N252-SN001","Ashwin Parade;Ashwin Parade Bridge over North South Motorway (BR04);Deck","65806","Ashwin Parade","N252","Ashwin Parade Bridge over North South Motorway (BR04)","SN001","Deck","2521-2522","Co_80_35_75","Road networks","En_80_94_30","Fixed bridges","SL_80_94","Bridge and structure spaces","9/07/2025 2:31 PM","Tay, Bryan","522"
"3BAB","YO16Q2","ID59S0","SN002","Abutment 1","N252","65806-N252-SN002","Ashwin Parade;Ashwin Parade Bridge over North South Motorway (BR04);Abutment 1","65806","Ashwin Parade","N252","Ashwin Parade Bridge over North South Motorway (BR04)","SN002","Abutment 1","2521-2522","Co_80_35_75","Road networks","En_80_94_30","Fixed bridges","SL_80_94","Bridge and structure spaces","9/07/2025 2:31 PM","Tay, Bryan","523"
"3BAB","UH26M2","ID59S0","SN003","Abutment 2","N252","65806-N252-SN003","Ashwin Parade;Ashwin Parade Bridge over North South Motorway (BR04);Abutment 2","65806","Ashwin Parade","N252","Ashwin Parade Bridge over North South Motorway (BR04)","SN003","Abutment 2","2521-2522","Co_80_35_75","Road networks","En_80_94_30","Fixed bridges","SL_80_94","Bridge and structure spaces","9/07/2025 2:31 PM","Tay, Bryan","524"
"3BSP","XS20F3","ID59S0","SN004","Span 1","N252","65806-N252-SN004","Ashwin Parade;Ashwin Parade Bridge over North South Motorway (BR04);Span 1","65806","Ashwin Parade","N252","Ashwin Parade Bridge over North South Motorway (BR04)","SN004","Span 1","2521-2522","Co_80_35_75","Road networks","En_80_94_30","Fixed bridges","SL_80_94","Bridge and structure spaces","9/07/2025 2:31 PM","Tay, Bryan","525"
"3BSP","QR10I4","ID59S0","SN005","Span 2","N252","65806-N252-SN005","Ashwin Parade;Ashwin Parade Bridge over North South Motorway (BR04);Span 2","65806","Ashwin Parade","N252","Ashwin Parade Bridge over North South Motorway (BR04)","SN005","Span 2","2521-2522","Co_80_35_75","Road networks","En_80_94_30","Fixed bridges","SL_80_94","Bridge and structure spaces","9/07/2025 2:31 PM","Tay, Bryan","526"
"3BPI","NS36T4","ID59S0","SN006","Pier 1","N252","65806-N252-SN006","Ashwin Parade;Ashwin Parade Bridge over North South Motorway (BR04);Pier 1","65806","Ashwin Parade","N252","Ashwin Parade Bridge over North South Motorway (BR04)","SN006","Pier 1","2521-2522","Co_80_35_75","Road networks","En_80_94_30","Fixed bridges","SL_80_94","Bridge and structure spaces","9/07/2025 2:31 PM","Tay, Bryan","527"
"3BAP","MY73D3","CA87Z9","SN002","Approach 2","N343","06200-N343-SN002","Richmond Road;Richmond Road Bridge (over Keswick Creek) (BR06);Approach 2","06200","Richmond Road","N343","Richmond Road Bridge (over Keswick Creek) (BR06)","SN002","Approach 2","2343-2344","Co_80_35_75","Road networks","En_80_94_30","Fixed bridges","SL_80_94","Bridge and structure spaces","9/07/2025 2:32 PM","Tay, Bryan","529"
"3BDE","SS66O3","CA87Z9","SN003","Deck","N343","06200-N343-SN003","Richmond Road;Richmond Road Bridge (over Keswick Creek) (BR06);Deck","06200","Richmond Road","N343","Richmond Road Bridge (over Keswick Creek) (BR06)","SN003","Deck","2343-2344","Co_80_35_75","Road networks","En_80_94_30","Fixed bridges","SL_80_94","Bridge and structure spaces","9/07/2025 2:32 PM","Tay, Bryan","530"
"3BAB","AS31C7","CA87Z9","SN004","Abutment 1","N343","06200-N343-SN004","Richmond Road;Richmond Road Bridge (over Keswick Creek) (BR06);Abutment 1","06200","Richmond Road","N343","Richmond Road Bridge (over Keswick Creek) (BR06)","SN004","Abutment 1","2343-2344","Co_80_35_75","Road networks","En_80_94_30","Fixed bridges","SL_80_94","Bridge and structure spaces","9/07/2025 2:32 PM","Tay, Bryan","531"
"3BAB","DE79K7","CA87Z9","SN005","Abutment 2","N343","06200-N343-SN005","Richmond Road;Richmond Road Bridge (over Keswick Creek) (BR06);Abutment 2","06200","Richmond Road","N343","Richmond Road Bridge (over Keswick Creek) (BR06)","SN005","Abutment 2","2343-2344","Co_80_35_75","Road networks","En_80_94_30","Fixed bridges","SL_80_94","Bridge and structure spaces","9/07/2025 2:32 PM","Tay, Bryan","532"
"3BSP","NW16W0","CA87Z9","SN006","Span","N343","06200-N343-SN006","Richmond Road;Richmond Road Bridge (over Keswick Creek) (BR06);Span","06200","Richmond Road","N343","Richmond Road Bridge (over Keswick Creek) (BR06)","SN006","Span","2343-2344","Co_80_35_75","Road networks","En_80_94_30","Fixed bridges","SL_80_94","Bridge and structure spaces","9/07/2025 2:32 PM","Tay, Bryan","533"
"3BDE","SM88J7","GI28V8","SN001","Deck","N341","06200-N341-SN001","Richmond Road;Richmond Road Bridge (over North South Motorway) (BR07);Deck","06200","Richmond Road","N341","Richmond Road Bridge (over North South Motorway) (BR07)","SN001","Deck","2341-2342","Co_80_35_75","Road networks","En_80_94_30","Fixed bridges","SL_80_94","Bridge and structure spaces","18/03/2026 4:44 PM","Bird, Cheyne","534"
"3BAB","BT30L8","GI28V8","SN002","Abutment 1","N341","06200-N341-SN002","Richmond Road;Richmond Road Bridge (over North South Motorway) (BR07);Abutment 1","06200","Richmond Road","N341","Richmond Road Bridge (over North South Motorway) (BR07)","SN002","Abutment 1","2341-2342","Co_80_35_75","Road networks","En_80_94_30","Fixed bridges","SL_80_94","Bridge and structure spaces","18/03/2026 4:44 PM","Bird, Cheyne","535"
"3BAB","GX39F4","GI28V8","SN003","Abutment 2","N341","06200-N341-SN003","Richmond Road;Richmond Road Bridge (over North South Motorway) (BR07);Abutment 2","06200","Richmond Road","N341","Richmond Road Bridge (over North South Motorway) (BR07)","SN003","Abutment 2","2341-2342","Co_80_35_75","Road networks","En_80_94_30","Fixed bridges","SL_80_94","Bridge and structure spaces","18/03/2026 4:44 PM","Bird, Cheyne","536"
"3BSP","BF57S9","GI28V8","SN004","Span 1","N341","06200-N341-SN004","Richmond Road;Richmond Road Bridge (over North South Motorway) (BR07);Span 1","06200","Richmond Road","N341","Richmond Road Bridge (over North South Motorway) (BR07)","SN004","Span 1","2341-2342","Co_80_35_75","Road networks","En_80_94_30","Fixed bridges","SL_80_94","Bridge and structure spaces","18/03/2026 4:44 PM","Bird, Cheyne","537"
"3BSP","CN39O8","GI28V8","SN005","Span 2","N341","06200-N341-SN005","Richmond Road;Richmond Road Bridge (over North South Motorway) (BR07);Span 2","06200","Richmond Road","N341","Richmond Road Bridge (over North South Motorway) (BR07)","SN005","Span 2","2341-2342","Co_80_35_75","Road networks","En_80_94_30","Fixed bridges","SL_80_94","Bridge and structure spaces","18/03/2026 4:44 PM","Bird, Cheyne","538"
"3BPI","EC85F2","GI28V8","SN006","Pier 1","N341","06200-N341-SN006","Richmond Road;Richmond Road Bridge (over North South Motorway) (BR07);Pier 1","06200","Richmond Road","N341","Richmond Road Bridge (over North South Motorway) (BR07)","SN006","Pier 1","2341-2342","Co_80_35_75","Road networks","En_80_94_30","Fixed bridges","SL_80_94","Bridge and structure spaces","18/03/2026 4:44 PM","Bird, Cheyne","539"
"3BDE","VJ22B6","ZA82L6","SN001","Deck","N273","06203-N273-SN001","North South Motorway;Keswick Creek Aqueduct (BR09);Deck","06203","North South Motorway","N273","Keswick Creek Aqueduct (BR09)","SN001","Deck","2730-2731","Co_80_35_75","Road networks","En_80_94_30","Fixed bridges","SL_80_94","Bridge and structure spaces","9/07/2025 2:33 PM","Tay, Bryan","540"
"3BAB","IB58F2","ZA82L6","SN002","Abutment 1","N273","06203-N273-SN002","North South Motorway;Keswick Creek Aqueduct (BR09);Abutment 1","06203","North South Motorway","N273","Keswick Creek Aqueduct (BR09)","SN002","Abutment 1","2730-2731","Co_80_35_75","Road networks","En_80_94_30","Fixed bridges","SL_80_94","Bridge and structure spaces","9/07/2025 2:33 PM","Tay, Bryan","541"
"3BAB","PY72I9","ZA82L6","SN003","Abutment 2","N273","06203-N273-SN003","North South Motorway;Keswick Creek Aqueduct (BR09);Abutment 2","06203","North South Motorway","N273","Keswick Creek Aqueduct (BR09)","SN003","Abutment 2","2730-2731","Co_80_35_75","Road networks","En_80_94_30","Fixed bridges","SL_80_94","Bridge and structure spaces","9/07/2025 2:33 PM","Tay, Bryan","542"
"3BSP","US29K3","ZA82L6","SN004","Span 1","N273","06203-N273-SN004","North South Motorway;Keswick Creek Aqueduct (BR09);Span 1","06203","North South Motorway","N273","Keswick Creek Aqueduct (BR09)","SN004","Span 1","2730-2731","Co_80_35_75","Road networks","En_80_94_30","Fixed bridges","SL_80_94","Bridge and structure spaces","9/07/2025 2:33 PM","Tay, Bryan","543"
"3BSP","VI94P4","ZA82L6","SN005","Span 2","N273","06203-N273-SN005","North South Motorway;Keswick Creek Aqueduct (BR09);Span 2","06203","North South Motorway","N273","Keswick Creek Aqueduct (BR09)","SN005","Span 2","2730-2731","Co_80_35_75","Road networks","En_80_94_30","Fixed bridges","SL_80_94","Bridge and structure spaces","9/07/2025 2:33 PM","Tay, Bryan","544"
"3BSP","FM71S8","ZA82L6","SN006","Span 3","N273","06203-N273-SN006","North South Motorway;Keswick Creek Aqueduct (BR09);Span 3","06203","North South Motorway","N273","Keswick Creek Aqueduct (BR09)","SN006","Span 3","2730-2731","Co_80_35_75","Road networks","En_80_94_30","Fixed bridges","SL_80_94","Bridge and structure spaces","9/07/2025 2:33 PM","Tay, Bryan","545"
"3BPI","CP75O7","ZA82L6","SN007","Pier 1","N273","06203-N273-SN007","North South Motorway;Keswick Creek Aqueduct (BR09);Pier 1","06203","North South Motorway","N273","Keswick Creek Aqueduct (BR09)","SN007","Pier 1","2730-2731","Co_80_35_75","Road networks","En_80_94_30","Fixed bridges","SL_80_94","Bridge and structure spaces","9/07/2025 2:33 PM","Tay, Bryan","546"
"3BPI","IR35D8","ZA82L6","SN008","Pier 2","N273","06203-N273-SN008","North South Motorway;Keswick Creek Aqueduct (BR09);Pier 2","06203","North South Motorway","N273","Keswick Creek Aqueduct (BR09)","SN008","Pier 2","2730-2731","Co_80_35_75","Road networks","En_80_94_30","Fixed bridges","SL_80_94","Bridge and structure spaces","9/07/2025 2:33 PM","Tay, Bryan","547"
"3BAP","EK76A6","CT39H8","SN001","Approach 1","N230","06206-N230-SN001","James Congdon Drive;Northbound to James Congdon Drive Flyover Ramp (BR10);Approach 1","06206","James Congdon Drive","N230","Northbound to James Congdon Drive Flyover Ramp (BR10)","SN001","Approach 1","2301-2302","Co_80_35_75","Road networks","En_80_94_30","Fixed bridges","SL_80_94","Bridge and structure spaces","9/07/2025 2:34 PM","Tay, Bryan","548"
"3BAP","TD48I3","CT39H8","SN002","Approach 2","N230","06206-N230-SN002","James Congdon Drive;Northbound to James Congdon Drive Flyover Ramp (BR10);Approach 2","06206","James Congdon Drive","N230","Northbound to James Congdon Drive Flyover Ramp (BR10)","SN002","Approach 2","2301-2302","Co_80_35_75","Road networks","En_80_94_30","Fixed bridges","SL_80_94","Bridge and structure spaces","9/07/2025 2:34 PM","Tay, Bryan","549"
"3BDE","WC81A2","CT39H8","SN003","Deck","N230","06206-N230-SN003","James Congdon Drive;Northbound to James Congdon Drive Flyover Ramp (BR10);Deck","06206","James Congdon Drive","N230","Northbound to James Congdon Drive Flyover Ramp (BR10)","SN003","Deck","2301-2302","Co_80_35_75","Road networks","En_80_94_30","Fixed bridges","SL_80_94","Bridge and structure spaces","9/07/2025 2:34 PM","Tay, Bryan","550"
"3BAB","DR56Q3","CT39H8","SN004","Abutment 1","N230","06206-N230-SN004","James Congdon Drive;Northbound to James Congdon Drive Flyover Ramp (BR10);Abutment 1","06206","James Congdon Drive","N230","Northbound to James Congdon Drive Flyover Ramp (BR10)","SN004","Abutment 1","2301-2302","Co_80_35_75","Road networks","En_80_94_30","Fixed bridges","SL_80_94","Bridge and structure spaces","9/07/2025 2:34 PM","Tay, Bryan","551"
"3BAB","BM42R3","CT39H8","SN005","Abutment 2","N230","06206-N230-SN005","James Congdon Drive;Northbound to James Congdon Drive Flyover Ramp (BR10);Abutment 2","06206","James Congdon Drive","N230","Northbound to James Congdon Drive Flyover Ramp (BR10)","SN005","Abutment 2","2301-2302","Co_80_35_75","Road networks","En_80_94_30","Fixed bridges","SL_80_94","Bridge and structure spaces","9/07/2025 2:34 PM","Tay, Bryan","552"
"3BSP","KH90B7","CT39H8","SN006","Span 1","N230","06206-N230-SN006","James Congdon Drive;Northbound to James Congdon Drive Flyover Ramp (BR10);Span 1","06206","James Congdon Drive","N230","Northbound to James Congdon Drive Flyover Ramp (BR10)","SN006","Span 1","2301-2302","Co_80_35_75","Road networks","En_80_94_30","Fixed bridges","SL_80_94","Bridge and structure spaces","9/07/2025 2:34 PM","Tay, Bryan","553"
"3BSP","SX19G1","CT39H8","SN007","Span 2","N230","06206-N230-SN007","James Congdon Drive;Northbound to James Congdon Drive Flyover Ramp (BR10);Span 2","06206","James Congdon Drive","N230","Northbound to James Congdon Drive Flyover Ramp (BR10)","SN007","Span 2","2301-2302","Co_80_35_75","Road networks","En_80_94_30","Fixed bridges","SL_80_94","Bridge and structure spaces","9/07/2025 2:34 PM","Tay, Bryan","554"
"3BSP","UU70N7","CT39H8","SN008","Span 3","N230","06206-N230-SN008","James Congdon Drive;Northbound to James Congdon Drive Flyover Ramp (BR10);Span 3","06206","James Congdon Drive","N230","Northbound to James Congdon Drive Flyover Ramp (BR10)","SN008","Span 3","2301-2302","Co_80_35_75","Road networks","En_80_94_30","Fixed bridges","SL_80_94","Bridge and structure spaces","9/07/2025 2:34 PM","Tay, Bryan","555"
"3BSP","SZ62B8","CT39H8","SN009","Span 4","N230","06206-N230-SN009","James Congdon Drive;Northbound to James Congdon Drive Flyover Ramp (BR10);Span 4","06206","James Congdon Drive","N230","Northbound to James Congdon Drive Flyover Ramp (BR10)","SN009","Span 4","2301-2302","Co_80_35_75","Road networks","En_80_94_30","Fixed bridges","SL_80_94","Bridge and structure spaces","9/07/2025 2:34 PM","Tay, Bryan","556"
"3BSP","IT02K0","CT39H8","SN010","Span 5","N230","06206-N230-SN010","James Congdon Drive;Northbound to James Congdon Drive Flyover Ramp (BR10);Span 5","06206","James Congdon Drive","N230","Northbound to James Congdon Drive Flyover Ramp (BR10)","SN010","Span 5","2301-2302","Co_80_35_75","Road networks","En_80_94_30","Fixed bridges","SL_80_94","Bridge and structure spaces","9/07/2025 2:34 PM","Tay, Bryan","557"
"3BPI","YY67J7","CT39H8","SN011","Pier 1","N230","06206-N230-SN011","James Congdon Drive;Northbound to James Congdon Drive Flyover Ramp (BR10);Pier 1","06206","James Congdon Drive","N230","Northbound to James Congdon Drive Flyover Ramp (BR10)","SN011","Pier 1","2301-2302","Co_80_35_75","Road networks","En_80_94_30","Fixed bridges","SL_80_94","Bridge and structure spaces","9/07/2025 2:34 PM","Tay, Bryan","558"
"3BPI","JL63P3","CT39H8","SN012","Pier 2","N230","06206-N230-SN012","James Congdon Drive;Northbound to James Congdon Drive Flyover Ramp (BR10);Pier 2","06206","James Congdon Drive","N230","Northbound to James Congdon Drive Flyover Ramp (BR10)","SN012","Pier 2","2301-2302","Co_80_35_75","Road networks","En_80_94_30","Fixed bridges","SL_80_94","Bridge and structure spaces","9/07/2025 2:34 PM","Tay, Bryan","559"
"3BPI","IE31G1","CT39H8","SN013","Pier 3","N230","06206-N230-SN013","James Congdon Drive;Northbound to James Congdon Drive Flyover Ramp (BR10);Pier 3","06206","James Congdon Drive","N230","Northbound to James Congdon Drive Flyover Ramp (BR10)","SN013","Pier 3","2301-2302","Co_80_35_75","Road networks","En_80_94_30","Fixed bridges","SL_80_94","Bridge and structure spaces","9/07/2025 2:34 PM","Tay, Bryan","560"
"3BPI","UH97I8","CT39H8","SN014","Pier 4","N230","06206-N230-SN014","James Congdon Drive;Northbound to James Congdon Drive Flyover Ramp (BR10);Pier 4","06206","James Congdon Drive","N230","Northbound to James Congdon Drive Flyover Ramp (BR10)","SN014","Pier 4","2301-2302","Co_80_35_75","Road networks","En_80_94_30","Fixed bridges","SL_80_94","Bridge and structure spaces","9/07/2025 2:34 PM","Tay, Bryan","561"
"3BAP","MC85P3","SJ22F3","SN001","Approach 1","N227","62047-N227-SN001","North South Motorway, SouthBound On-ramp from James Congdon Drive;Southbound from James Congdon Drive Flyover Ramp (BR12);Approach 1","62047","North South Motorway, SouthBound On-ramp from James Congdon Drive","N227","Southbound from James Congdon Drive Flyover Ramp (BR12)","SN001","Approach 1","2272-2273","Co_80_35_75","Road networks","En_80_94_30","Fixed bridges","SL_80_94","Bridge and structure spaces","9/07/2025 2:34 PM","Tay, Bryan","562"
"3BAP","ZZ10B1","SJ22F3","SN002","Approach 2","N227","62047-N227-SN002","North South Motorway, SouthBound On-ramp from James Congdon Drive;Southbound from James Congdon Drive Flyover Ramp (BR12);Approach 2","62047","North South Motorway, SouthBound On-ramp from James Congdon Drive","N227","Southbound from James Congdon Drive Flyover Ramp (BR12)","SN002","Approach 2","2272-2273","Co_80_35_75","Road networks","En_80_94_30","Fixed bridges","SL_80_94","Bridge and structure spaces","9/07/2025 2:34 PM","Tay, Bryan","563"
"3BDE","EJ95W5","SJ22F3","SN003","Deck","N227","62047-N227-SN003","North South Motorway, SouthBound On-ramp from James Congdon Drive;Southbound from James Congdon Drive Flyover Ramp (BR12);Deck","62047","North South Motorway, SouthBound On-ramp from James Congdon Drive","N227","Southbound from James Congdon Drive Flyover Ramp (BR12)","SN003","Deck","2272-2273","Co_80_35_75","Road networks","En_80_94_30","Fixed bridges","SL_80_94","Bridge and structure spaces","9/07/2025 2:34 PM","Tay, Bryan","564"
"3BAB","HI58P0","SJ22F3","SN004","Abutment 1","N227","62047-N227-SN004","North South Motorway, SouthBound On-ramp from James Congdon Drive;Southbound from James Congdon Drive Flyover Ramp (BR12);Abutment 1","62047","North South Motorway, SouthBound On-ramp from James Congdon Drive","N227","Southbound from James Congdon Drive Flyover Ramp (BR12)","SN004","Abutment 1","2272-2273","Co_80_35_75","Road networks","En_80_94_30","Fixed bridges","SL_80_94","Bridge and structure spaces","9/07/2025 2:34 PM","Tay, Bryan","565"
"3BAB","TS20X6","SJ22F3","SN005","Abutment 2","N227","62047-N227-SN005","North South Motorway, SouthBound On-ramp from James Congdon Drive;Southbound from James Congdon Drive Flyover Ramp (BR12);Abutment 2","62047","North South Motorway, SouthBound On-ramp from James Congdon Drive","N227","Southbound from James Congdon Drive Flyover Ramp (BR12)","SN005","Abutment 2","2272-2273","Co_80_35_75","Road networks","En_80_94_30","Fixed bridges","SL_80_94","Bridge and structure spaces","9/07/2025 2:34 PM","Tay, Bryan","566"
"3BSP","SR34S7","SJ22F3","SN006","Span 1","N227","62047-N227-SN006","North South Motorway, SouthBound On-ramp from James Congdon Drive;Southbound from James Congdon Drive Flyover Ramp (BR12);Span 1","62047","North South Motorway, SouthBound On-ramp from James Congdon Drive","N227","Southbound from James Congdon Drive Flyover Ramp (BR12)","SN006","Span 1","2272-2273","Co_80_35_75","Road networks","En_80_94_30","Fixed bridges","SL_80_94","Bridge and structure spaces","9/07/2025 2:34 PM","Tay, Bryan","567"
"3BSP","HK16C9","SJ22F3","SN007","Span 2","N227","62047-N227-SN007","North South Motorway, SouthBound On-ramp from James Congdon Drive;Southbound from James Congdon Drive Flyover Ramp (BR12);Span 2","62047","North South Motorway, SouthBound On-ramp from James Congdon Drive","N227","Southbound from James Congdon Drive Flyover Ramp (BR12)","SN007","Span 2","2272-2273","Co_80_35_75","Road networks","En_80_94_30","Fixed bridges","SL_80_94","Bridge and structure spaces","9/07/2025 2:34 PM","Tay, Bryan","568"
"3BSP","LV68N2","SJ22F3","SN008","Span 3","N227","62047-N227-SN008","North South Motorway, SouthBound On-ramp from James Congdon Drive;Southbound from James Congdon Drive Flyover Ramp (BR12);Span 3","62047","North South Motorway, SouthBound On-ramp from James Congdon Drive","N227","Southbound from James Congdon Drive Flyover Ramp (BR12)","SN008","Span 3","2272-2273","Co_80_35_75","Road networks","En_80_94_30","Fixed bridges","SL_80_94","Bridge and structure spaces","9/07/2025 2:34 PM","Tay, Bryan","569"
"3BSP","AP60K0","SJ22F3","SN009","Span 4","N227","62047-N227-SN009","North South Motorway, SouthBound On-ramp from James Congdon Drive;Southbound from James Congdon Drive Flyover Ramp (BR12);Span 4","62047","North South Motorway, SouthBound On-ramp from James Congdon Drive","N227","Southbound from James Congdon Drive Flyover Ramp (BR12)","SN009","Span 4","2272-2273","Co_80_35_75","Road networks","En_80_94_30","Fixed bridges","SL_80_94","Bridge and structure spaces","9/07/2025 2:34 PM","Tay, Bryan","570"
"3BSP","RG39A4","SJ22F3","SN010","Span 5","N227","62047-N227-SN010","North South Motorway, SouthBound On-ramp from James Congdon Drive;Southbound from James Congdon Drive Flyover Ramp (BR12);Span 5","62047","North South Motorway, SouthBound On-ramp from James Congdon Drive","N227","Southbound from James Congdon Drive Flyover Ramp (BR12)","SN010","Span 5","2272-2273","Co_80_35_75","Road networks","En_80_94_30","Fixed bridges","SL_80_94","Bridge and structure spaces","9/07/2025 2:34 PM","Tay, Bryan","571"
"3BPI","NV20H0","SJ22F3","SN011","Pier 1","N227","62047-N227-SN011","North South Motorway, SouthBound On-ramp from James Congdon Drive;Southbound from James Congdon Drive Flyover Ramp (BR12);Pier 1","62047","North South Motorway, SouthBound On-ramp from James Congdon Drive","N227","Southbound from James Congdon Drive Flyover Ramp (BR12)","SN011","Pier 1","2272-2273","Co_80_35_75","Road networks","En_80_94_30","Fixed bridges","SL_80_94","Bridge and structure spaces","9/07/2025 2:34 PM","Tay, Bryan","572"
"3BPI","OH52F5","SJ22F3","SN012","Pier 2","N227","62047-N227-SN012","North South Motorway, SouthBound On-ramp from James Congdon Drive;Southbound from James Congdon Drive Flyover Ramp (BR12);Pier 2","62047","North South Motorway, SouthBound On-ramp from James Congdon Drive","N227","Southbound from James Congdon Drive Flyover Ramp (BR12)","SN012","Pier 2","2272-2273","Co_80_35_75","Road networks","En_80_94_30","Fixed bridges","SL_80_94","Bridge and structure spaces","9/07/2025 2:34 PM","Tay, Bryan","573"
"3BPI","WD76E1","SJ22F3","SN013","Pier 3","N227","62047-N227-SN013","North South Motorway, SouthBound On-ramp from James Congdon Drive;Southbound from James Congdon Drive Flyover Ramp (BR12);Pier 3","62047","North South Motorway, SouthBound On-ramp from James Congdon Drive","N227","Southbound from James Congdon Drive Flyover Ramp (BR12)","SN013","Pier 3","2272-2273","Co_80_35_75","Road networks","En_80_94_30","Fixed bridges","SL_80_94","Bridge and structure spaces","9/07/2025 2:34 PM","Tay, Bryan","574"
"3BPI","XI53B6","SJ22F3","SN014","Pier 4","N227","62047-N227-SN014","North South Motorway, SouthBound On-ramp from James Congdon Drive;Southbound from James Congdon Drive Flyover Ramp (BR12);Pier 4","62047","North South Motorway, SouthBound On-ramp from James Congdon Drive","N227","Southbound from James Congdon Drive Flyover Ramp (BR12)","SN014","Pier 4","2272-2273","Co_80_35_75","Road networks","En_80_94_30","Fixed bridges","SL_80_94","Bridge and structure spaces","9/07/2025 2:34 PM","Tay, Bryan","575"
"3BAP","FF73G9","WJ80T8","SN001","Approach 1","N241","62043-N241-SN001","South Road;Off-ramp underpass to Richmond Road (BR13);Approach 1","62043","South Road","N241","Off-ramp underpass to Richmond Road (BR13)","SN001","Approach 1","2412-2413","Co_80_35_75","Road networks","En_80_94_30","Fixed bridges","SL_80_94","Bridge and structure spaces","9/07/2025 2:35 PM","Tay, Bryan","576"
"3BAP","WJ94I2","WJ80T8","SN002","Approach 2","N241","62043-N241-SN002","South Road;Off-ramp underpass to Richmond Road (BR13);Approach 2","62043","South Road","N241","Off-ramp underpass to Richmond Road (BR13)","SN002","Approach 2","2412-2413","Co_80_35_75","Road networks","En_80_94_30","Fixed bridges","SL_80_94","Bridge and structure spaces","9/07/2025 2:35 PM","Tay, Bryan","577"
"3BDE","MH29N6","WJ80T8","SN003","Deck","N241","62043-N241-SN003","South Road;Off-ramp underpass to Richmond Road (BR13);Deck","62043","South Road","N241","Off-ramp underpass to Richmond Road (BR13)","SN003","Deck","2412-2413","Co_80_35_75","Road networks","En_80_94_30","Fixed bridges","SL_80_94","Bridge and structure spaces","9/07/2025 2:35 PM","Tay, Bryan","578"
"3BAB","IV94K9","WJ80T8","SN004","Abutment 1","N241","62043-N241-SN004","South Road;Off-ramp underpass to Richmond Road (BR13);Abutment 1","62043","South Road","N241","Off-ramp underpass to Richmond Road (BR13)","SN004","Abutment 1","2412-2413","Co_80_35_75","Road networks","En_80_94_30","Fixed bridges","SL_80_94","Bridge and structure spaces","9/07/2025 2:35 PM","Tay, Bryan","579"
"3BAB","LK03A7","WJ80T8","SN005","Abutment 2","N241","62043-N241-SN005","South Road;Off-ramp underpass to Richmond Road (BR13);Abutment 2","62043","South Road","N241","Off-ramp underpass to Richmond Road (BR13)","SN005","Abutment 2","2412-2413","Co_80_35_75","Road networks","En_80_94_30","Fixed bridges","SL_80_94","Bridge and structure spaces","9/07/2025 2:35 PM","Tay, Bryan","580"
"3BSP","FC35D2","WJ80T8","SN006","Span 1","N241","62043-N241-SN006","South Road;Off-ramp underpass to Richmond Road (BR13);Span 1","62043","South Road","N241","Off-ramp underpass to Richmond Road (BR13)","SN006","Span 1","2412-2413","Co_80_35_75","Road networks","En_80_94_30","Fixed bridges","SL_80_94","Bridge and structure spaces","9/07/2025 2:35 PM","Tay, Bryan","581"
"3BDE","YC57P0","XA80D1","SN001","Deck","N225","62048-N225-SN001","North South Motorway, NorthBound Off-ramp to James Congdon Drive;Off-ramp Underpass below James Congdon Drive (BR14);Deck","62048","North South Motorway, NorthBound Off-ramp to James Congdon Drive","N225","Off-ramp Underpass below James Congdon Drive (BR14)","SN001","Deck","2252-2253","Co_80_35_75","Road networks","En_80_94_30","Fixed bridges","SL_80_94","Bridge and structure spaces","9/07/2025 2:35 PM","Tay, Bryan","582"
"3BAB","GE25P1","XA80D1","SN002","Abutment 1","N225","62048-N225-SN002","North South Motorway, NorthBound Off-ramp to James Congdon Drive;Off-ramp Underpass below James Congdon Drive (BR14);Abutment 1","62048","North South Motorway, NorthBound Off-ramp to James Congdon Drive","N225","Off-ramp Underpass below James Congdon Drive (BR14)","SN002","Abutment 1","2252-2253","Co_80_35_75","Road networks","En_80_94_30","Fixed bridges","SL_80_94","Bridge and structure spaces","9/07/2025 2:35 PM","Tay, Bryan","583"
"3BAB","WI83O5","XA80D1","SN003","Abutment 2","N225","62048-N225-SN003","North South Motorway, NorthBound Off-ramp to James Congdon Drive;Off-ramp Underpass below James Congdon Drive (BR14);Abutment 2","62048","North South Motorway, NorthBound Off-ramp to James Congdon Drive","N225","Off-ramp Underpass below James Congdon Drive (BR14)","SN003","Abutment 2","2252-2253","Co_80_35_75","Road networks","En_80_94_30","Fixed bridges","SL_80_94","Bridge and structure spaces","9/07/2025 2:35 PM","Tay, Bryan","584"
"3BSP","MD25R6","XA80D1","SN004","Span 1","N225","62048-N225-SN004","North South Motorway, NorthBound Off-ramp to James Congdon Drive;Off-ramp Underpass below James Congdon Drive (BR14);Span 1","62048","North South Motorway, NorthBound Off-ramp to James Congdon Drive","N225","Off-ramp Underpass below James Congdon Drive (BR14)","SN004","Span 1","2252-2253","Co_80_35_75","Road networks","En_80_94_30","Fixed bridges","SL_80_94","Bridge and structure spaces","9/07/2025 2:35 PM","Tay, Bryan","585"
"3BAP","JX46X0","NH66C7","SN001","Approach 1","N270","62043-N270-SN001","South Road;Active Transport Crossing (ATC) Bridge at James Congdon Drive (BR15);Approach 1","62043","South Road","N270","Active Transport Crossing (ATC) Bridge at James Congdon Drive (BR15)","SN001","Approach 1","2700-2701","Co_80","Transport complexes","En_80_94_30","Fixed bridges","SL_80_94","Bridge and structure spaces","9/07/2025 2:35 PM","Tay, Bryan","586"
"3BAP","YJ29I7","NH66C7","SN002","Approach 2","N270","62043-N270-SN002","South Road;Active Transport Crossing (ATC) Bridge at James Congdon Drive (BR15);Approach 2","62043","South Road","N270","Active Transport Crossing (ATC) Bridge at James Congdon Drive (BR15)","SN002","Approach 2","2700-2701","Co_80","Transport complexes","En_80_94_30","Fixed bridges","SL_80_94","Bridge and structure spaces","9/07/2025 2:35 PM","Tay, Bryan","587"
"3BDE","TE90M0","NH66C7","SN003","Deck","N270","62043-N270-SN003","South Road;Active Transport Crossing (ATC) Bridge at James Congdon Drive (BR15);Deck","62043","South Road","N270","Active Transport Crossing (ATC) Bridge at James Congdon Drive (BR15)","SN003","Deck","2700-2701","Co_80","Transport complexes","En_80_94_30","Fixed bridges","SL_80_94","Bridge and structure spaces","9/07/2025 2:35 PM","Tay, Bryan","588"
"3BAB","BW63X2","NH66C7","SN004","Abutment 1","N270","62043-N270-SN004","South Road;Active Transport Crossing (ATC) Bridge at James Congdon Drive (BR15);Abutment 1","62043","South Road","N270","Active Transport Crossing (ATC) Bridge at James Congdon Drive (BR15)","SN004","Abutment 1","2700-2701","Co_80","Transport complexes","En_80_94_30","Fixed bridges","SL_80_94","Bridge and structure spaces","9/07/2025 2:35 PM","Tay, Bryan","589"
"3BSP","HX89B2","NH66C7","SN005","Span 1","N270","62043-N270-SN005","South Road;Active Transport Crossing (ATC) Bridge at James Congdon Drive (BR15);Span 1","62043","South Road","N270","Active Transport Crossing (ATC) Bridge at James Congdon Drive (BR15)","SN005","Span 1","2700-2701","Co_80","Transport complexes","En_80_94_30","Fixed bridges","SL_80_94","Bridge and structure spaces","9/07/2025 2:35 PM","Tay, Bryan","590"
"3BSP","NP19X9","NH66C7","SN006","Span 2","N270","62043-N270-SN006","South Road;Active Transport Crossing (ATC) Bridge at James Congdon Drive (BR15);Span 2","62043","South Road","N270","Active Transport Crossing (ATC) Bridge at James Congdon Drive (BR15)","SN006","Span 2","2700-2701","Co_80","Transport complexes","En_80_94_30","Fixed bridges","SL_80_94","Bridge and structure spaces","9/07/2025 2:35 PM","Tay, Bryan","591"
"3BSP","VT02P8","NH66C7","SN007","Span 3","N270","62043-N270-SN007","South Road;Active Transport Crossing (ATC) Bridge at James Congdon Drive (BR15);Span 3","62043","South Road","N270","Active Transport Crossing (ATC) Bridge at James Congdon Drive (BR15)","SN007","Span 3","2700-2701","Co_80","Transport complexes","En_80_94_30","Fixed bridges","SL_80_94","Bridge and structure spaces","9/07/2025 2:35 PM","Tay, Bryan","592"
"3BSP","RR81N0","NH66C7","SN008","Span 4","N270","62043-N270-SN008","South Road;Active Transport Crossing (ATC) Bridge at James Congdon Drive (BR15);Span 4","62043","South Road","N270","Active Transport Crossing (ATC) Bridge at James Congdon Drive (BR15)","SN008","Span 4","2700-2701","Co_80","Transport complexes","En_80_94_30","Fixed bridges","SL_80_94","Bridge and structure spaces","9/07/2025 2:35 PM","Tay, Bryan","593"
"3BSP","DH75O2","NH66C7","SN009","Span 5","N270","62043-N270-SN009","South Road;Active Transport Crossing (ATC) Bridge at James Congdon Drive (BR15);Span 5","62043","South Road","N270","Active Transport Crossing (ATC) Bridge at James Congdon Drive (BR15)","SN009","Span 5","2700-2701","Co_80","Transport complexes","En_80_94_30","Fixed bridges","SL_80_94","Bridge and structure spaces","9/07/2025 2:35 PM","Tay, Bryan","594"
"3BSP","QC81J9","NH66C7","SN010","Span 6","N270","62043-N270-SN010","South Road;Active Transport Crossing (ATC) Bridge at James Congdon Drive (BR15);Span 6","62043","South Road","N270","Active Transport Crossing (ATC) Bridge at James Congdon Drive (BR15)","SN010","Span 6","2700-2701","Co_80","Transport complexes","En_80_94_30","Fixed bridges","SL_80_94","Bridge and structure spaces","9/07/2025 2:35 PM","Tay, Bryan","595"
"3BSP","ND24A6","NH66C7","SN011","Span 7","N270","62043-N270-SN011","South Road;Active Transport Crossing (ATC) Bridge at James Congdon Drive (BR15);Span 7","62043","South Road","N270","Active Transport Crossing (ATC) Bridge at James Congdon Drive (BR15)","SN011","Span 7","2700-2701","Co_80","Transport complexes","En_80_94_30","Fixed bridges","SL_80_94","Bridge and structure spaces","9/07/2025 2:35 PM","Tay, Bryan","596"
"3BSP","TQ35C8","NH66C7","SN012","Span 8","N270","62043-N270-SN012","South Road;Active Transport Crossing (ATC) Bridge at James Congdon Drive (BR15);Span 8","62043","South Road","N270","Active Transport Crossing (ATC) Bridge at James Congdon Drive (BR15)","SN012","Span 8","2700-2701","Co_80","Transport complexes","En_80_94_30","Fixed bridges","SL_80_94","Bridge and structure spaces","9/07/2025 2:35 PM","Tay, Bryan","597"
"3BPI","LT40M5","NH66C7","SN013","Pier 1","N270","62043-N270-SN013","South Road;Active Transport Crossing (ATC) Bridge at James Congdon Drive (BR15);Pier 1","62043","South Road","N270","Active Transport Crossing (ATC) Bridge at James Congdon Drive (BR15)","SN013","Pier 1","2700-2701","Co_80","Transport complexes","En_80_94_30","Fixed bridges","SL_80_94","Bridge and structure spaces","9/07/2025 2:35 PM","Tay, Bryan","598"
"3BPI","ZR50X0","NH66C7","SN014","Pier 2","N270","62043-N270-SN014","South Road;Active Transport Crossing (ATC) Bridge at James Congdon Drive (BR15);Pier 2","62043","South Road","N270","Active Transport Crossing (ATC) Bridge at James Congdon Drive (BR15)","SN014","Pier 2","2700-2701","Co_80","Transport complexes","En_80_94_30","Fixed bridges","SL_80_94","Bridge and structure spaces","9/07/2025 2:35 PM","Tay, Bryan","599"
"3BPI","HG62W0","NH66C7","SN015","Pier 3","N270","62043-N270-SN015","South Road;Active Transport Crossing (ATC) Bridge at James Congdon Drive (BR15);Pier 3","62043","South Road","N270","Active Transport Crossing (ATC) Bridge at James Congdon Drive (BR15)","SN015","Pier 3","2700-2701","Co_80","Transport complexes","En_80_94_30","Fixed bridges","SL_80_94","Bridge and structure spaces","9/07/2025 2:35 PM","Tay, Bryan","600"
"3BPI","HS92Q0","NH66C7","SN016","Pier 4","N270","62043-N270-SN016","South Road;Active Transport Crossing (ATC) Bridge at James Congdon Drive (BR15);Pier 4","62043","South Road","N270","Active Transport Crossing (ATC) Bridge at James Congdon Drive (BR15)","SN016","Pier 4","2700-2701","Co_80","Transport complexes","En_80_94_30","Fixed bridges","SL_80_94","Bridge and structure spaces","9/07/2025 2:36 PM","Tay, Bryan","601"
"3BPI","TT19V0","NH66C7","SN017","Pier 5","N270","62043-N270-SN017","South Road;Active Transport Crossing (ATC) Bridge at James Congdon Drive (BR15);Pier 5","62043","South Road","N270","Active Transport Crossing (ATC) Bridge at James Congdon Drive (BR15)","SN017","Pier 5","2700-2701","Co_80","Transport complexes","En_80_94_30","Fixed bridges","SL_80_94","Bridge and structure spaces","9/07/2025 2:36 PM","Tay, Bryan","602"
"3BPI","WJ26P8","NH66C7","SN018","Pier 6","N270","62043-N270-SN018","South Road;Active Transport Crossing (ATC) Bridge at James Congdon Drive (BR15);Pier 6","62043","South Road","N270","Active Transport Crossing (ATC) Bridge at James Congdon Drive (BR15)","SN018","Pier 6","2700-2701","Co_80","Transport complexes","En_80_94_30","Fixed bridges","SL_80_94","Bridge and structure spaces","9/07/2025 2:36 PM","Tay, Bryan","603"
"3BPI","TB46O8","NH66C7","SN019","Pier 7","N270","62043-N270-SN019","South Road;Active Transport Crossing (ATC) Bridge at James Congdon Drive (BR15);Pier 7","62043","South Road","N270","Active Transport Crossing (ATC) Bridge at James Congdon Drive (BR15)","SN019","Pier 7","2700-2701","Co_80","Transport complexes","En_80_94_30","Fixed bridges","SL_80_94","Bridge and structure spaces","9/07/2025 2:36 PM","Tay, Bryan","604"
"3BAP","RL99C5","KM21Q1","SN001","Approach 1","N271","62043-N271-SN001","South Road;Active Transport Crossing (ATC) Bridge at Richmond Primary School (BR16);Approach 1","62043","South Road","N271","Active Transport Crossing (ATC) Bridge at Richmond Primary School (BR16)","SN001","Approach 1","2710-2711","Co_80","Transport complexes","En_80_94_30","Fixed bridges","SL_80_94","Bridge and structure spaces","9/07/2025 2:36 PM","Tay, Bryan","605"
"3BAP","ZQ27C0","KM21Q1","SN002","Approach 2","N271","62043-N271-SN002","South Road;Active Transport Crossing (ATC) Bridge at Richmond Primary School (BR16);Approach 2","62043","South Road","N271","Active Transport Crossing (ATC) Bridge at Richmond Primary School (BR16)","SN002","Approach 2","2710-2711","Co_80","Transport complexes","En_80_94_30","Fixed bridges","SL_80_94","Bridge and structure spaces","9/07/2025 2:36 PM","Tay, Bryan","606"
"3BDE","JM20D8","KM21Q1","SN003","Deck","N271","62043-N271-SN003","South Road;Active Transport Crossing (ATC) Bridge at Richmond Primary School (BR16);Deck","62043","South Road","N271","Active Transport Crossing (ATC) Bridge at Richmond Primary School (BR16)","SN003","Deck","2710-2711","Co_80","Transport complexes","En_80_94_30","Fixed bridges","SL_80_94","Bridge and structure spaces","9/07/2025 2:36 PM","Tay, Bryan","607"
"3BAB","TA51O9","KM21Q1","SN004","Abutment 1","N271","62043-N271-SN004","South Road;Active Transport Crossing (ATC) Bridge at Richmond Primary School (BR16);Abutment 1","62043","South Road","N271","Active Transport Crossing (ATC) Bridge at Richmond Primary School (BR16)","SN004","Abutment 1","2710-2711","Co_80","Transport complexes","En_80_94_30","Fixed bridges","SL_80_94","Bridge and structure spaces","9/07/2025 2:36 PM","Tay, Bryan","608"
"3BAB","AQ44X1","KM21Q1","SN005","Abutment 2","N271","62043-N271-SN005","South Road;Active Transport Crossing (ATC) Bridge at Richmond Primary School (BR16);Abutment 2","62043","South Road","N271","Active Transport Crossing (ATC) Bridge at Richmond Primary School (BR16)","SN005","Abutment 2","2710-2711","Co_80","Transport complexes","En_80_94_30","Fixed bridges","SL_80_94","Bridge and structure spaces","9/07/2025 2:36 PM","Tay, Bryan","609"
"3BSP","NX68G1","KM21Q1","SN006","Span 1","N271","62043-N271-SN006","South Road;Active Transport Crossing (ATC) Bridge at Richmond Primary School (BR16);Span 1","62043","South Road","N271","Active Transport Crossing (ATC) Bridge at Richmond Primary School (BR16)","SN006","Span 1","2710-2711","Co_80","Transport complexes","En_80_94_30","Fixed bridges","SL_80_94","Bridge and structure spaces","9/07/2025 2:36 PM","Tay, Bryan","610"
"3BSP","GO75S2","KM21Q1","SN007","Span 2","N271","62043-N271-SN007","South Road;Active Transport Crossing (ATC) Bridge at Richmond Primary School (BR16);Span 2","62043","South Road","N271","Active Transport Crossing (ATC) Bridge at Richmond Primary School (BR16)","SN007","Span 2","2710-2711","Co_80","Transport complexes","En_80_94_30","Fixed bridges","SL_80_94","Bridge and structure spaces","9/07/2025 2:36 PM","Tay, Bryan","611"
"3BSP","OR69H5","KM21Q1","SN008","Span 3","N271","62043-N271-SN008","South Road;Active Transport Crossing (ATC) Bridge at Richmond Primary School (BR16);Span 3","62043","South Road","N271","Active Transport Crossing (ATC) Bridge at Richmond Primary School (BR16)","SN008","Span 3","2710-2711","Co_80","Transport complexes","En_80_94_30","Fixed bridges","SL_80_94","Bridge and structure spaces","9/07/2025 2:36 PM","Tay, Bryan","612"
"3BSP","VR83X6","KM21Q1","SN009","Span 4","N271","62043-N271-SN009","South Road;Active Transport Crossing (ATC) Bridge at Richmond Primary School (BR16);Span 4","62043","South Road","N271","Active Transport Crossing (ATC) Bridge at Richmond Primary School (BR16)","SN009","Span 4","2710-2711","Co_80","Transport complexes","En_80_94_30","Fixed bridges","SL_80_94","Bridge and structure spaces","9/07/2025 2:36 PM","Tay, Bryan","613"
"3BSP","HC86K4","KM21Q1","SN010","Span 5","N271","62043-N271-SN010","South Road;Active Transport Crossing (ATC) Bridge at Richmond Primary School (BR16);Span 5","62043","South Road","N271","Active Transport Crossing (ATC) Bridge at Richmond Primary School (BR16)","SN010","Span 5","2710-2711","Co_80","Transport complexes","En_80_94_30","Fixed bridges","SL_80_94","Bridge and structure spaces","9/07/2025 2:36 PM","Tay, Bryan","614"
"3BSP","TP30F5","KM21Q1","SN011","Span 6","N271","62043-N271-SN011","South Road;Active Transport Crossing (ATC) Bridge at Richmond Primary School (BR16);Span 6","62043","South Road","N271","Active Transport Crossing (ATC) Bridge at Richmond Primary School (BR16)","SN011","Span 6","2710-2711","Co_80","Transport complexes","En_80_94_30","Fixed bridges","SL_80_94","Bridge and structure spaces","9/07/2025 2:36 PM","Tay, Bryan","615"
"3BSP","BF00X4","KM21Q1","SN012","Span 7","N271","62043-N271-SN012","South Road;Active Transport Crossing (ATC) Bridge at Richmond Primary School (BR16);Span 7","62043","South Road","N271","Active Transport Crossing (ATC) Bridge at Richmond Primary School (BR16)","SN012","Span 7","2710-2711","Co_80","Transport complexes","En_80_94_30","Fixed bridges","SL_80_94","Bridge and structure spaces","9/07/2025 2:36 PM","Tay, Bryan","616"
"3BSP","AU05A6","KM21Q1","SN013","Span 8","N271","62043-N271-SN013","South Road;Active Transport Crossing (ATC) Bridge at Richmond Primary School (BR16);Span 8","62043","South Road","N271","Active Transport Crossing (ATC) Bridge at Richmond Primary School (BR16)","SN013","Span 8","2710-2711","Co_80","Transport complexes","En_80_94_30","Fixed bridges","SL_80_94","Bridge and structure spaces","9/07/2025 2:36 PM","Tay, Bryan","617"
"3BSP","SZ52O7","KM21Q1","SN014","Span 9","N271","62043-N271-SN014","South Road;Active Transport Crossing (ATC) Bridge at Richmond Primary School (BR16);Span 9","62043","South Road","N271","Active Transport Crossing (ATC) Bridge at Richmond Primary School (BR16)","SN014","Span 9","2710-2711","Co_80","Transport complexes","En_80_94_30","Fixed bridges","SL_80_94","Bridge and structure spaces","9/07/2025 2:36 PM","Tay, Bryan","618"
"3BSP","XD91L1","KM21Q1","SN015","Span 10","N271","62043-N271-SN015","South Road;Active Transport Crossing (ATC) Bridge at Richmond Primary School (BR16);Span 10","62043","South Road","N271","Active Transport Crossing (ATC) Bridge at Richmond Primary School (BR16)","SN015","Span 10","2710-2711","Co_80","Transport complexes","En_80_94_30","Fixed bridges","SL_80_94","Bridge and structure spaces","9/07/2025 2:36 PM","Tay, Bryan","619"
"3BSP","WL81P5","KM21Q1","SN016","Span 11","N271","62043-N271-SN016","South Road;Active Transport Crossing (ATC) Bridge at Richmond Primary School (BR16);Span 11","62043","South Road","N271","Active Transport Crossing (ATC) Bridge at Richmond Primary School (BR16)","SN016","Span 11","2710-2711","Co_80","Transport complexes","En_80_94_30","Fixed bridges","SL_80_94","Bridge and structure spaces","9/07/2025 2:36 PM","Tay, Bryan","620"
"3BSP","WI77Q2","KM21Q1","SN017","Span 12","N271","62043-N271-SN017","South Road;Active Transport Crossing (ATC) Bridge at Richmond Primary School (BR16);Span 12","62043","South Road","N271","Active Transport Crossing (ATC) Bridge at Richmond Primary School (BR16)","SN017","Span 12","2710-2711","Co_80","Transport complexes","En_80_94_30","Fixed bridges","SL_80_94","Bridge and structure spaces","9/07/2025 2:36 PM","Tay, Bryan","621"
"3BPI","EU29K6","KM21Q1","SN018","Pier 1","N271","62043-N271-SN018","South Road;Active Transport Crossing (ATC) Bridge at Richmond Primary School (BR16);Pier 1","62043","South Road","N271","Active Transport Crossing (ATC) Bridge at Richmond Primary School (BR16)","SN018","Pier 1","2710-2711","Co_80","Transport complexes","En_80_94_30","Fixed bridges","SL_80_94","Bridge and structure spaces","9/07/2025 2:36 PM","Tay, Bryan","622"
"3BPI","XK13E4","KM21Q1","SN019","Pier 2","N271","62043-N271-SN019","South Road;Active Transport Crossing (ATC) Bridge at Richmond Primary School (BR16);Pier 2","62043","South Road","N271","Active Transport Crossing (ATC) Bridge at Richmond Primary School (BR16)","SN019","Pier 2","2710-2711","Co_80","Transport complexes","En_80_94_30","Fixed bridges","SL_80_94","Bridge and structure spaces","9/07/2025 2:36 PM","Tay, Bryan","623"
"3BPI","VF96L4","KM21Q1","SN020","Pier 3","N271","62043-N271-SN020","South Road;Active Transport Crossing (ATC) Bridge at Richmond Primary School (BR16);Pier 3","62043","South Road","N271","Active Transport Crossing (ATC) Bridge at Richmond Primary School (BR16)","SN020","Pier 3","2710-2711","Co_80","Transport complexes","En_80_94_30","Fixed bridges","SL_80_94","Bridge and structure spaces","9/07/2025 2:36 PM","Tay, Bryan","624"
"3BPI","ZP33J8","KM21Q1","SN021","Pier 4","N271","62043-N271-SN021","South Road;Active Transport Crossing (ATC) Bridge at Richmond Primary School (BR16);Pier 4","62043","South Road","N271","Active Transport Crossing (ATC) Bridge at Richmond Primary School (BR16)","SN021","Pier 4","2710-2711","Co_80","Transport complexes","En_80_94_30","Fixed bridges","SL_80_94","Bridge and structure spaces","9/07/2025 2:36 PM","Tay, Bryan","625"
"3BPI","WG50L6","KM21Q1","SN022","Pier 5","N271","62043-N271-SN022","South Road;Active Transport Crossing (ATC) Bridge at Richmond Primary School (BR16);Pier 5","62043","South Road","N271","Active Transport Crossing (ATC) Bridge at Richmond Primary School (BR16)","SN022","Pier 5","2710-2711","Co_80","Transport complexes","En_80_94_30","Fixed bridges","SL_80_94","Bridge and structure spaces","9/07/2025 2:36 PM","Tay, Bryan","626"
"3BPI","BN65K6","KM21Q1","SN023","Pier 6","N271","62043-N271-SN023","South Road;Active Transport Crossing (ATC) Bridge at Richmond Primary School (BR16);Pier 6","62043","South Road","N271","Active Transport Crossing (ATC) Bridge at Richmond Primary School (BR16)","SN023","Pier 6","2710-2711","Co_80","Transport complexes","En_80_94_30","Fixed bridges","SL_80_94","Bridge and structure spaces","9/07/2025 2:36 PM","Tay, Bryan","627"
"3BPI","MN82P7","KM21Q1","SN024","Pier 7","N271","62043-N271-SN024","South Road;Active Transport Crossing (ATC) Bridge at Richmond Primary School (BR16);Pier 7","62043","South Road","N271","Active Transport Crossing (ATC) Bridge at Richmond Primary School (BR16)","SN024","Pier 7","2710-2711","Co_80","Transport complexes","En_80_94_30","Fixed bridges","SL_80_94","Bridge and structure spaces","9/07/2025 2:36 PM","Tay, Bryan","628"
"3BPI","IC12B7","KM21Q1","SN025","Pier 8","N271","62043-N271-SN025","South Road;Active Transport Crossing (ATC) Bridge at Richmond Primary School (BR16);Pier 8","62043","South Road","N271","Active Transport Crossing (ATC) Bridge at Richmond Primary School (BR16)","SN025","Pier 8","2710-2711","Co_80","Transport complexes","En_80_94_30","Fixed bridges","SL_80_94","Bridge and structure spaces","9/07/2025 2:36 PM","Tay, Bryan","629"
"3BPI","AS72A8","KM21Q1","SN026","Pier 9","N271","62043-N271-SN026","South Road;Active Transport Crossing (ATC) Bridge at Richmond Primary School (BR16);Pier 9","62043","South Road","N271","Active Transport Crossing (ATC) Bridge at Richmond Primary School (BR16)","SN026","Pier 9","2710-2711","Co_80","Transport complexes","En_80_94_30","Fixed bridges","SL_80_94","Bridge and structure spaces","9/07/2025 2:36 PM","Tay, Bryan","630"
"3BPI","KJ41B5","KM21Q1","SN027","Pier 10","N271","62043-N271-SN027","South Road;Active Transport Crossing (ATC) Bridge at Richmond Primary School (BR16);Pier 10","62043","South Road","N271","Active Transport Crossing (ATC) Bridge at Richmond Primary School (BR16)","SN027","Pier 10","2710-2711","Co_80","Transport complexes","En_80_94_30","Fixed bridges","SL_80_94","Bridge and structure spaces","9/07/2025 2:36 PM","Tay, Bryan","631"
"3BPI","TM54A5","KM21Q1","SN028","Pier 11","N271","62043-N271-SN028","South Road;Active Transport Crossing (ATC) Bridge at Richmond Primary School (BR16);Pier 11","62043","South Road","N271","Active Transport Crossing (ATC) Bridge at Richmond Primary School (BR16)","SN028","Pier 11","2710-2711","Co_80","Transport complexes","En_80_94_30","Fixed bridges","SL_80_94","Bridge and structure spaces","9/07/2025 2:36 PM","Tay, Bryan","632"
"3BPI","FC42W2","KM21Q1","SN029","Pier 12","N271","62043-N271-SN029","South Road;Active Transport Crossing (ATC) Bridge at Richmond Primary School (BR16);Pier 12","62043","South Road","N271","Active Transport Crossing (ATC) Bridge at Richmond Primary School (BR16)","SN029","Pier 12","2710-2711","Co_80","Transport complexes","En_80_94_30","Fixed bridges","SL_80_94","Bridge and structure spaces","9/07/2025 2:36 PM","Tay, Bryan","633"
"3BAP","DN93F8","WN52T3","SN001","Approach 1","N272","62043-N272-SN001","South Road;Active Transport Crossing (ATC) Bridge at Tennyson Centre Day Hospital and Herbert Road (BR17);Approach 1","62043","South Road","N272","Active Transport Crossing (ATC) Bridge at Tennyson Centre Day Hospital and Herbert Road (BR17)","SN001","Approach 1","2720-2721","Co_80","Transport complexes","En_80_94_30","Fixed bridges","SL_80_94","Bridge and structure spaces","9/07/2025 2:36 PM","Tay, Bryan","634"
"3BAP","IS45D9","WN52T3","SN002","Approach 2","N272","62043-N272-SN002","South Road;Active Transport Crossing (ATC) Bridge at Tennyson Centre Day Hospital and Herbert Road (BR17);Approach 2","62043","South Road","N272","Active Transport Crossing (ATC) Bridge at Tennyson Centre Day Hospital and Herbert Road (BR17)","SN002","Approach 2","2720-2721","Co_80","Transport complexes","En_80_94_30","Fixed bridges","SL_80_94","Bridge and structure spaces","9/07/2025 2:36 PM","Tay, Bryan","635"
"3BDE","GN03G6","WN52T3","SN003","Deck","N272","62043-N272-SN003","South Road;Active Transport Crossing (ATC) Bridge at Tennyson Centre Day Hospital and Herbert Road (BR17);Deck","62043","South Road","N272","Active Transport Crossing (ATC) Bridge at Tennyson Centre Day Hospital and Herbert Road (BR17)","SN003","Deck","2720-2721","Co_80","Transport complexes","En_80_94_30","Fixed bridges","SL_80_94","Bridge and structure spaces","9/07/2025 2:36 PM","Tay, Bryan","636"
"3BAB","NQ12G4","WN52T3","SN004","Abutment 1","N272","62043-N272-SN004","South Road;Active Transport Crossing (ATC) Bridge at Tennyson Centre Day Hospital and Herbert Road (BR17);Abutment 1","62043","South Road","N272","Active Transport Crossing (ATC) Bridge at Tennyson Centre Day Hospital and Herbert Road (BR17)","SN004","Abutment 1","2720-2721","Co_80","Transport complexes","En_80_94_30","Fixed bridges","SL_80_94","Bridge and structure spaces","9/07/2025 2:36 PM","Tay, Bryan","637"
"3BAB","VI07F8","WN52T3","SN005","Abutment 2","N272","62043-N272-SN005","South Road;Active Transport Crossing (ATC) Bridge at Tennyson Centre Day Hospital and Herbert Road (BR17);Abutment 2","62043","South Road","N272","Active Transport Crossing (ATC) Bridge at Tennyson Centre Day Hospital and Herbert Road (BR17)","SN005","Abutment 2","2720-2721","Co_80","Transport complexes","En_80_94_30","Fixed bridges","SL_80_94","Bridge and structure spaces","9/07/2025 2:36 PM","Tay, Bryan","638"
"3BSP","WR24P0","WN52T3","SN006","Span 1","N272","62043-N272-SN006","South Road;Active Transport Crossing (ATC) Bridge at Tennyson Centre Day Hospital and Herbert Road (BR17);Span 1","62043","South Road","N272","Active Transport Crossing (ATC) Bridge at Tennyson Centre Day Hospital and Herbert Road (BR17)","SN006","Span 1","2720-2721","Co_80","Transport complexes","En_80_94_30","Fixed bridges","SL_80_94","Bridge and structure spaces","9/07/2025 2:36 PM","Tay, Bryan","639"
"3BSP","TQ93W4","WN52T3","SN007","Span 2","N272","62043-N272-SN007","South Road;Active Transport Crossing (ATC) Bridge at Tennyson Centre Day Hospital and Herbert Road (BR17);Span 2","62043","South Road","N272","Active Transport Crossing (ATC) Bridge at Tennyson Centre Day Hospital and Herbert Road (BR17)","SN007","Span 2","2720-2721","Co_80","Transport complexes","En_80_94_30","Fixed bridges","SL_80_94","Bridge and structure spaces","9/07/2025 2:36 PM","Tay, Bryan","640"
"3BSP","WA69P5","WN52T3","SN008","Span 3","N272","62043-N272-SN008","South Road;Active Transport Crossing (ATC) Bridge at Tennyson Centre Day Hospital and Herbert Road (BR17);Span 3","62043","South Road","N272","Active Transport Crossing (ATC) Bridge at Tennyson Centre Day Hospital and Herbert Road (BR17)","SN008","Span 3","2720-2721","Co_80","Transport complexes","En_80_94_30","Fixed bridges","SL_80_94","Bridge and structure spaces","9/07/2025 2:36 PM","Tay, Bryan","641"
"3BSP","SA04A5","WN52T3","SN009","Span 4","N272","62043-N272-SN009","South Road;Active Transport Crossing (ATC) Bridge at Tennyson Centre Day Hospital and Herbert Road (BR17);Span 4","62043","South Road","N272","Active Transport Crossing (ATC) Bridge at Tennyson Centre Day Hospital and Herbert Road (BR17)","SN009","Span 4","2720-2721","Co_80","Transport complexes","En_80_94_30","Fixed bridges","SL_80_94","Bridge and structure spaces","9/07/2025 2:36 PM","Tay, Bryan","642"
"3BSP","DV54R6","WN52T3","SN010","Span 5","N272","62043-N272-SN010","South Road;Active Transport Crossing (ATC) Bridge at Tennyson Centre Day Hospital and Herbert Road (BR17);Span 5","62043","South Road","N272","Active Transport Crossing (ATC) Bridge at Tennyson Centre Day Hospital and Herbert Road (BR17)","SN010","Span 5","2720-2721","Co_80","Transport complexes","En_80_94_30","Fixed bridges","SL_80_94","Bridge and structure spaces","9/07/2025 2:36 PM","Tay, Bryan","643"
"3BSP","RQ26J8","WN52T3","SN011","Span 6","N272","62043-N272-SN011","South Road;Active Transport Crossing (ATC) Bridge at Tennyson Centre Day Hospital and Herbert Road (BR17);Span 6","62043","South Road","N272","Active Transport Crossing (ATC) Bridge at Tennyson Centre Day Hospital and Herbert Road (BR17)","SN011","Span 6","2720-2721","Co_80","Transport complexes","En_80_94_30","Fixed bridges","SL_80_94","Bridge and structure spaces","9/07/2025 2:36 PM","Tay, Bryan","644"
"3BSP","OL73C9","WN52T3","SN012","Span 7","N272","62043-N272-SN012","South Road;Active Transport Crossing (ATC) Bridge at Tennyson Centre Day Hospital and Herbert Road (BR17);Span 7","62043","South Road","N272","Active Transport Crossing (ATC) Bridge at Tennyson Centre Day Hospital and Herbert Road (BR17)","SN012","Span 7","2720-2721","Co_80","Transport complexes","En_80_94_30","Fixed bridges","SL_80_94","Bridge and structure spaces","9/07/2025 2:36 PM","Tay, Bryan","645"
"3BSP","PX70P7","WN52T3","SN013","Span 8","N272","62043-N272-SN013","South Road;Active Transport Crossing (ATC) Bridge at Tennyson Centre Day Hospital and Herbert Road (BR17);Span 8","62043","South Road","N272","Active Transport Crossing (ATC) Bridge at Tennyson Centre Day Hospital and Herbert Road (BR17)","SN013","Span 8","2720-2721","Co_80","Transport complexes","En_80_94_30","Fixed bridges","SL_80_94","Bridge and structure spaces","9/07/2025 2:36 PM","Tay, Bryan","646"
"3BSP","YI42E9","WN52T3","SN014","Span 9","N272","62043-N272-SN014","South Road;Active Transport Crossing (ATC) Bridge at Tennyson Centre Day Hospital and Herbert Road (BR17);Span 9","62043","South Road","N272","Active Transport Crossing (ATC) Bridge at Tennyson Centre Day Hospital and Herbert Road (BR17)","SN014","Span 9","2720-2721","Co_80","Transport complexes","En_80_94_30","Fixed bridges","SL_80_94","Bridge and structure spaces","9/07/2025 2:36 PM","Tay, Bryan","647"
"3BSP","SX80K7","WN52T3","SN015","Span 10","N272","62043-N272-SN015","South Road;Active Transport Crossing (ATC) Bridge at Tennyson Centre Day Hospital and Herbert Road (BR17);Span 10","62043","South Road","N272","Active Transport Crossing (ATC) Bridge at Tennyson Centre Day Hospital and Herbert Road (BR17)","SN015","Span 10","2720-2721","Co_80","Transport complexes","En_80_94_30","Fixed bridges","SL_80_94","Bridge and structure spaces","9/07/2025 2:37 PM","Tay, Bryan","648"
"3BSP","SM89D4","WN52T3","SN016","Span 11","N272","62043-N272-SN016","South Road;Active Transport Crossing (ATC) Bridge at Tennyson Centre Day Hospital and Herbert Road (BR17);Span 11","62043","South Road","N272","Active Transport Crossing (ATC) Bridge at Tennyson Centre Day Hospital and Herbert Road (BR17)","SN016","Span 11","2720-2721","Co_80","Transport complexes","En_80_94_30","Fixed bridges","SL_80_94","Bridge and structure spaces","9/07/2025 2:37 PM","Tay, Bryan","649"
"3BSP","GA96V2","WN52T3","SN017","Span 12","N272","62043-N272-SN017","South Road;Active Transport Crossing (ATC) Bridge at Tennyson Centre Day Hospital and Herbert Road (BR17);Span 12","62043","South Road","N272","Active Transport Crossing (ATC) Bridge at Tennyson Centre Day Hospital and Herbert Road (BR17)","SN017","Span 12","2720-2721","Co_80","Transport complexes","En_80_94_30","Fixed bridges","SL_80_94","Bridge and structure spaces","9/07/2025 2:37 PM","Tay, Bryan","650"
"3BSP","TH62B1","WN52T3","SN018","Span 13","N272","62043-N272-SN018","South Road;Active Transport Crossing (ATC) Bridge at Tennyson Centre Day Hospital and Herbert Road (BR17);Span 13","62043","South Road","N272","Active Transport Crossing (ATC) Bridge at Tennyson Centre Day Hospital and Herbert Road (BR17)","SN018","Span 13","2720-2721","Co_80","Transport complexes","En_80_94_30","Fixed bridges","SL_80_94","Bridge and structure spaces","9/07/2025 2:37 PM","Tay, Bryan","651"
"3BSP","ED92W5","WN52T3","SN019","Span 14","N272","62043-N272-SN019","South Road;Active Transport Crossing (ATC) Bridge at Tennyson Centre Day Hospital and Herbert Road (BR17);Span 14","62043","South Road","N272","Active Transport Crossing (ATC) Bridge at Tennyson Centre Day Hospital and Herbert Road (BR17)","SN019","Span 14","2720-2721","Co_80","Transport complexes","En_80_94_30","Fixed bridges","SL_80_94","Bridge and structure spaces","9/07/2025 2:37 PM","Tay, Bryan","652"
"3BPI","TC10Y1","WN52T3","SN020","Pier 1","N272","62043-N272-SN020","South Road;Active Transport Crossing (ATC) Bridge at Tennyson Centre Day Hospital and Herbert Road (BR17);Pier 1","62043","South Road","N272","Active Transport Crossing (ATC) Bridge at Tennyson Centre Day Hospital and Herbert Road (BR17)","SN020","Pier 1","2720-2721","Co_80","Transport complexes","En_80_94_30","Fixed bridges","SL_80_94","Bridge and structure spaces","9/07/2025 2:37 PM","Tay, Bryan","653"
"3BPI","RV89B6","WN52T3","SN021","Pier 2","N272","62043-N272-SN021","South Road;Active Transport Crossing (ATC) Bridge at Tennyson Centre Day Hospital and Herbert Road (BR17);Pier 2","62043","South Road","N272","Active Transport Crossing (ATC) Bridge at Tennyson Centre Day Hospital and Herbert Road (BR17)","SN021","Pier 2","2720-2721","Co_80","Transport complexes","En_80_94_30","Fixed bridges","SL_80_94","Bridge and structure spaces","9/07/2025 2:37 PM","Tay, Bryan","654"
"3BPI","US04L2","WN52T3","SN022","Pier 3","N272","62043-N272-SN022","South Road;Active Transport Crossing (ATC) Bridge at Tennyson Centre Day Hospital and Herbert Road (BR17);Pier 3","62043","South Road","N272","Active Transport Crossing (ATC) Bridge at Tennyson Centre Day Hospital and Herbert Road (BR17)","SN022","Pier 3","2720-2721","Co_80","Transport complexes","En_80_94_30","Fixed bridges","SL_80_94","Bridge and structure spaces","9/07/2025 2:37 PM","Tay, Bryan","655"
"3BPI","QD37M6","WN52T3","SN023","Pier 4","N272","62043-N272-SN023","South Road;Active Transport Crossing (ATC) Bridge at Tennyson Centre Day Hospital and Herbert Road (BR17);Pier 4","62043","South Road","N272","Active Transport Crossing (ATC) Bridge at Tennyson Centre Day Hospital and Herbert Road (BR17)","SN023","Pier 4","2720-2721","Co_80","Transport complexes","En_80_94_30","Fixed bridges","SL_80_94","Bridge and structure spaces","9/07/2025 2:37 PM","Tay, Bryan","656"
"3BPI","PE30C8","WN52T3","SN024","Pier 5","N272","62043-N272-SN024","South Road;Active Transport Crossing (ATC) Bridge at Tennyson Centre Day Hospital and Herbert Road (BR17);Pier 5","62043","South Road","N272","Active Transport Crossing (ATC) Bridge at Tennyson Centre Day Hospital and Herbert Road (BR17)","SN024","Pier 5","2720-2721","Co_80","Transport complexes","En_80_94_30","Fixed bridges","SL_80_94","Bridge and structure spaces","9/07/2025 2:37 PM","Tay, Bryan","657"
"3BPI","CT21Y1","WN52T3","SN025","Pier 6","N272","62043-N272-SN025","South Road;Active Transport Crossing (ATC) Bridge at Tennyson Centre Day Hospital and Herbert Road (BR17);Pier 6","62043","South Road","N272","Active Transport Crossing (ATC) Bridge at Tennyson Centre Day Hospital and Herbert Road (BR17)","SN025","Pier 6","2720-2721","Co_80","Transport complexes","En_80_94_30","Fixed bridges","SL_80_94","Bridge and structure spaces","9/07/2025 2:37 PM","Tay, Bryan","658"
"3BPI","SD25L4","WN52T3","SN026","Pier 7","N272","62043-N272-SN026","South Road;Active Transport Crossing (ATC) Bridge at Tennyson Centre Day Hospital and Herbert Road (BR17);Pier 7","62043","South Road","N272","Active Transport Crossing (ATC) Bridge at Tennyson Centre Day Hospital and Herbert Road (BR17)","SN026","Pier 7","2720-2721","Co_80","Transport complexes","En_80_94_30","Fixed bridges","SL_80_94","Bridge and structure spaces","9/07/2025 2:37 PM","Tay, Bryan","659"
"3BPI","WG13C9","WN52T3","SN027","Pier 8","N272","62043-N272-SN027","South Road;Active Transport Crossing (ATC) Bridge at Tennyson Centre Day Hospital and Herbert Road (BR17);Pier 8","62043","South Road","N272","Active Transport Crossing (ATC) Bridge at Tennyson Centre Day Hospital and Herbert Road (BR17)","SN027","Pier 8","2720-2721","Co_80","Transport complexes","En_80_94_30","Fixed bridges","SL_80_94","Bridge and structure spaces","9/07/2025 2:37 PM","Tay, Bryan","660"
"3BPI","UW20W9","WN52T3","SN028","Pier 9","N272","62043-N272-SN028","South Road;Active Transport Crossing (ATC) Bridge at Tennyson Centre Day Hospital and Herbert Road (BR17);Pier 9","62043","South Road","N272","Active Transport Crossing (ATC) Bridge at Tennyson Centre Day Hospital and Herbert Road (BR17)","SN028","Pier 9","2720-2721","Co_80","Transport complexes","En_80_94_30","Fixed bridges","SL_80_94","Bridge and structure spaces","9/07/2025 2:37 PM","Tay, Bryan","661"
"3BPI","UX26E5","WN52T3","SN029","Pier 10","N272","62043-N272-SN029","South Road;Active Transport Crossing (ATC) Bridge at Tennyson Centre Day Hospital and Herbert Road (BR17);Pier 10","62043","South Road","N272","Active Transport Crossing (ATC) Bridge at Tennyson Centre Day Hospital and Herbert Road (BR17)","SN029","Pier 10","2720-2721","Co_80","Transport complexes","En_80_94_30","Fixed bridges","SL_80_94","Bridge and structure spaces","9/07/2025 2:37 PM","Tay, Bryan","662"
"3BPI","HK36C6","WN52T3","SN030","Pier 11","N272","62043-N272-SN030","South Road;Active Transport Crossing (ATC) Bridge at Tennyson Centre Day Hospital and Herbert Road (BR17);Pier 11","62043","South Road","N272","Active Transport Crossing (ATC) Bridge at Tennyson Centre Day Hospital and Herbert Road (BR17)","SN030","Pier 11","2720-2721","Co_80","Transport complexes","En_80_94_30","Fixed bridges","SL_80_94","Bridge and structure spaces","9/07/2025 2:37 PM","Tay, Bryan","663"
"3BPI","EQ45U0","WN52T3","SN031","Pier 12","N272","62043-N272-SN031","South Road;Active Transport Crossing (ATC) Bridge at Tennyson Centre Day Hospital and Herbert Road (BR17);Pier 12","62043","South Road","N272","Active Transport Crossing (ATC) Bridge at Tennyson Centre Day Hospital and Herbert Road (BR17)","SN031","Pier 12","2720-2721","Co_80","Transport complexes","En_80_94_30","Fixed bridges","SL_80_94","Bridge and structure spaces","9/07/2025 2:37 PM","Tay, Bryan","664"
"3BPI","YC32T5","WN52T3","SN032","Pier 13","N272","62043-N272-SN032","South Road;Active Transport Crossing (ATC) Bridge at Tennyson Centre Day Hospital and Herbert Road (BR17);Pier 13","62043","South Road","N272","Active Transport Crossing (ATC) Bridge at Tennyson Centre Day Hospital and Herbert Road (BR17)","SN032","Pier 13","2720-2721","Co_80","Transport complexes","En_80_94_30","Fixed bridges","SL_80_94","Bridge and structure spaces","9/07/2025 2:37 PM","Tay, Bryan","665"
"3BDE","QP99D3","TX10U6","SN001","Deck","N344","62053-N344-SN001","North South Motorway, SouthBound Off-ramp to Cross Road (Via South Road);Elevated Northbound Off-Ramp South of Anzac Highway (BR19);Deck","62053","North South Motorway, SouthBound Off-ramp to Cross Road (Via South Road)","N344","Elevated Northbound Off-Ramp South of Anzac Highway (BR19)","SN001","Deck","3442-3443","Co_80","Transport complexes","En_80_94_30","Fixed bridges","SL_80_94","Bridge and structure spaces","9/07/2025 2:37 PM","Tay, Bryan","666"
"3BAB","XX72W5","TX10U6","SN002","Abutment 1","N344","62053-N344-SN002","North South Motorway, SouthBound Off-ramp to Cross Road (Via South Road);Elevated Northbound Off-Ramp South of Anzac Highway (BR19);Abutment 1","62053","North South Motorway, SouthBound Off-ramp to Cross Road (Via South Road)","N344","Elevated Northbound Off-Ramp South of Anzac Highway (BR19)","SN002","Abutment 1","3442-3443","Co_80","Transport complexes","En_80_94_30","Fixed bridges","SL_80_94","Bridge and structure spaces","9/07/2025 2:37 PM","Tay, Bryan","667"
"3BAB","XQ07Z4","TX10U6","SN003","Abutment 2","N344","62053-N344-SN003","North South Motorway, SouthBound Off-ramp to Cross Road (Via South Road);Elevated Northbound Off-Ramp South of Anzac Highway (BR19);Abutment 2","62053","North South Motorway, SouthBound Off-ramp to Cross Road (Via South Road)","N344","Elevated Northbound Off-Ramp South of Anzac Highway (BR19)","SN003","Abutment 2","3442-3443","Co_80","Transport complexes","En_80_94_30","Fixed bridges","SL_80_94","Bridge and structure spaces","9/07/2025 2:37 PM","Tay, Bryan","668"
"3BSP","MZ47B2","TX10U6","SN004","Span 1","N344","62053-N344-SN004","North South Motorway, SouthBound Off-ramp to Cross Road (Via South Road);Elevated Northbound Off-Ramp South of Anzac Highway (BR19);Span 1","62053","North South Motorway, SouthBound Off-ramp to Cross Road (Via South Road)","N344","Elevated Northbound Off-Ramp South of Anzac Highway (BR19)","SN004","Span 1","3442-3443","Co_80","Transport complexes","En_80_94_30","Fixed bridges","SL_80_94","Bridge and structure spaces","9/07/2025 2:37 PM","Tay, Bryan","669"
"3BDE","ZV36Y1","DI30D0","SN001","Deck","L343","62055-L343-SN001","North South Motorway, NorthBound On-ramp from Cross Road;Elevated Southbound Off-Ramp of Anzac Highway (BR20);Deck","62055","North South Motorway, NorthBound On-ramp from Cross Road","L343","Elevated Southbound Off-Ramp of Anzac Highway (BR20)","SN001","Deck","3432-3433","Co_80","Transport complexes","En_80_94_30","Fixed bridges","SL_80_94","Bridge and structure spaces","9/07/2025 2:37 PM","Tay, Bryan","670"
"3BAB","PW64X1","DI30D0","SN002","Abutment 1","L343","62055-L343-SN002","North South Motorway, NorthBound On-ramp from Cross Road;Elevated Southbound Off-Ramp of Anzac Highway (BR20);Abutment 1","62055","North South Motorway, NorthBound On-ramp from Cross Road","L343","Elevated Southbound Off-Ramp of Anzac Highway (BR20)","SN002","Abutment 1","3432-3433","Co_80","Transport complexes","En_80_94_30","Fixed bridges","SL_80_94","Bridge and structure spaces","9/07/2025 2:37 PM","Tay, Bryan","671"
"3BAB","KD96R6","DI30D0","SN003","Abutment 2","L343","62055-L343-SN003","North South Motorway, NorthBound On-ramp from Cross Road;Elevated Southbound Off-Ramp of Anzac Highway (BR20);Abutment 2","62055","North South Motorway, NorthBound On-ramp from Cross Road","L343","Elevated Southbound Off-Ramp of Anzac Highway (BR20)","SN003","Abutment 2","3432-3433","Co_80","Transport complexes","En_80_94_30","Fixed bridges","SL_80_94","Bridge and structure spaces","9/07/2025 2:37 PM","Tay, Bryan","672"
"3BSP","CX64I5","DI30D0","SN004","Span 1","L343","62055-L343-SN004","North South Motorway, NorthBound On-ramp from Cross Road;Elevated Southbound Off-Ramp of Anzac Highway (BR20);Span 1","62055","North South Motorway, NorthBound On-ramp from Cross Road","L343","Elevated Southbound Off-Ramp of Anzac Highway (BR20)","SN004","Span 1","3432-3433","Co_80","Transport complexes","En_80_94_30","Fixed bridges","SL_80_94","Bridge and structure spaces","9/07/2025 2:37 PM","Tay, Bryan","673"
"3BAP","TH08S8","ZZ94K3","SN001","Approach 1","N371","62043-N371-SN001","South Road;Active Transport Crossing (ATC) Bridge at St Bernadettes Primary School (BR22);Approach 1","62043","South Road","N371","Active Transport Crossing (ATC) Bridge at St Bernadettes Primary School (BR22)","SN001","Approach 1","3710-3711","Co_80","Transport complexes","En_80_94_30","Fixed bridges","SL_80_94","Bridge and structure spaces","9/07/2025 2:37 PM","Tay, Bryan","674"
"3BAP","NJ38I7","ZZ94K3","SN002","Approach 2","N371","62043-N371-SN002","South Road;Active Transport Crossing (ATC) Bridge at St Bernadettes Primary School (BR22);Approach 2","62043","South Road","N371","Active Transport Crossing (ATC) Bridge at St Bernadettes Primary School (BR22)","SN002","Approach 2","3710-3711","Co_80","Transport complexes","En_80_94_30","Fixed bridges","SL_80_94","Bridge and structure spaces","9/07/2025 2:37 PM","Tay, Bryan","675"
"3BDE","CK86Y8","ZZ94K3","SN003","Deck","N371","62043-N371-SN003","South Road;Active Transport Crossing (ATC) Bridge at St Bernadettes Primary School (BR22);Deck","62043","South Road","N371","Active Transport Crossing (ATC) Bridge at St Bernadettes Primary School (BR22)","SN003","Deck","3710-3711","Co_80","Transport complexes","En_80_94_30","Fixed bridges","SL_80_94","Bridge and structure spaces","9/07/2025 2:37 PM","Tay, Bryan","676"
"3BAB","XU45Q1","ZZ94K3","SN004","Abutment 1","N371","62043-N371-SN004","South Road;Active Transport Crossing (ATC) Bridge at St Bernadettes Primary School (BR22);Abutment 1","62043","South Road","N371","Active Transport Crossing (ATC) Bridge at St Bernadettes Primary School (BR22)","SN004","Abutment 1","3710-3711","Co_80","Transport complexes","En_80_94_30","Fixed bridges","SL_80_94","Bridge and structure spaces","9/07/2025 2:37 PM","Tay, Bryan","677"
"3BAB","TV95N0","ZZ94K3","SN005","Abutment 2","N371","62043-N371-SN005","South Road;Active Transport Crossing (ATC) Bridge at St Bernadettes Primary School (BR22);Abutment 2","62043","South Road","N371","Active Transport Crossing (ATC) Bridge at St Bernadettes Primary School (BR22)","SN005","Abutment 2","3710-3711","Co_80","Transport complexes","En_80_94_30","Fixed bridges","SL_80_94","Bridge and structure spaces","9/07/2025 2:37 PM","Tay, Bryan","678"
"3BSP","WE80G9","ZZ94K3","SN006","Span 1","N371","62043-N371-SN006","South Road;Active Transport Crossing (ATC) Bridge at St Bernadettes Primary School (BR22);Span 1","62043","South Road","N371","Active Transport Crossing (ATC) Bridge at St Bernadettes Primary School (BR22)","SN006","Span 1","3710-3711","Co_80","Transport complexes","En_80_94_30","Fixed bridges","SL_80_94","Bridge and structure spaces","9/07/2025 2:37 PM","Tay, Bryan","679"
"3BSP","DS94M3","ZZ94K3","SN007","Span 2","N371","62043-N371-SN007","South Road;Active Transport Crossing (ATC) Bridge at St Bernadettes Primary School (BR22);Span 2","62043","South Road","N371","Active Transport Crossing (ATC) Bridge at St Bernadettes Primary School (BR22)","SN007","Span 2","3710-3711","Co_80","Transport complexes","En_80_94_30","Fixed bridges","SL_80_94","Bridge and structure spaces","9/07/2025 2:37 PM","Tay, Bryan","680"
"3BSP","PT24V5","ZZ94K3","SN008","Span 3","N371","62043-N371-SN008","South Road;Active Transport Crossing (ATC) Bridge at St Bernadettes Primary School (BR22);Span 3","62043","South Road","N371","Active Transport Crossing (ATC) Bridge at St Bernadettes Primary School (BR22)","SN008","Span 3","3710-3711","Co_80","Transport complexes","En_80_94_30","Fixed bridges","SL_80_94","Bridge and structure spaces","9/07/2025 2:37 PM","Tay, Bryan","681"
"3BSP","MG85Q7","ZZ94K3","SN009","Span 4","N371","62043-N371-SN009","South Road;Active Transport Crossing (ATC) Bridge at St Bernadettes Primary School (BR22);Span 4","62043","South Road","N371","Active Transport Crossing (ATC) Bridge at St Bernadettes Primary School (BR22)","SN009","Span 4","3710-3711","Co_80","Transport complexes","En_80_94_30","Fixed bridges","SL_80_94","Bridge and structure spaces","9/07/2025 2:37 PM","Tay, Bryan","682"
"3BSP","KM84V6","ZZ94K3","SN010","Span 5","N371","62043-N371-SN010","South Road;Active Transport Crossing (ATC) Bridge at St Bernadettes Primary School (BR22);Span 5","62043","South Road","N371","Active Transport Crossing (ATC) Bridge at St Bernadettes Primary School (BR22)","SN010","Span 5","3710-3711","Co_80","Transport complexes","En_80_94_30","Fixed bridges","SL_80_94","Bridge and structure spaces","9/07/2025 2:37 PM","Tay, Bryan","683"
"3BSP","GX52J5","ZZ94K3","SN011","Span 6","N371","62043-N371-SN011","South Road;Active Transport Crossing (ATC) Bridge at St Bernadettes Primary School (BR22);Span 6","62043","South Road","N371","Active Transport Crossing (ATC) Bridge at St Bernadettes Primary School (BR22)","SN011","Span 6","3710-3711","Co_80","Transport complexes","En_80_94_30","Fixed bridges","SL_80_94","Bridge and structure spaces","9/07/2025 2:38 PM","Tay, Bryan","684"
"3BSP","OX94T7","ZZ94K3","SN012","Span 7","N371","62043-N371-SN012","South Road;Active Transport Crossing (ATC) Bridge at St Bernadettes Primary School (BR22);Span 7","62043","South Road","N371","Active Transport Crossing (ATC) Bridge at St Bernadettes Primary School (BR22)","SN012","Span 7","3710-3711","Co_80","Transport complexes","En_80_94_30","Fixed bridges","SL_80_94","Bridge and structure spaces","9/07/2025 2:38 PM","Tay, Bryan","685"
"3BSP","RI42Z5","ZZ94K3","SN013","Span 8","N371","62043-N371-SN013","South Road;Active Transport Crossing (ATC) Bridge at St Bernadettes Primary School (BR22);Span 8","62043","South Road","N371","Active Transport Crossing (ATC) Bridge at St Bernadettes Primary School (BR22)","SN013","Span 8","3710-3711","Co_80","Transport complexes","En_80_94_30","Fixed bridges","SL_80_94","Bridge and structure spaces","9/07/2025 2:38 PM","Tay, Bryan","686"
"3BSP","AD10M4","ZZ94K3","SN014","Span 9","N371","62043-N371-SN014","South Road;Active Transport Crossing (ATC) Bridge at St Bernadettes Primary School (BR22);Span 9","62043","South Road","N371","Active Transport Crossing (ATC) Bridge at St Bernadettes Primary School (BR22)","SN014","Span 9","3710-3711","Co_80","Transport complexes","En_80_94_30","Fixed bridges","SL_80_94","Bridge and structure spaces","9/07/2025 2:38 PM","Tay, Bryan","687"
"3BSP","PV86L2","ZZ94K3","SN015","Span 10","N371","62043-N371-SN015","South Road;Active Transport Crossing (ATC) Bridge at St Bernadettes Primary School (BR22);Span 10","62043","South Road","N371","Active Transport Crossing (ATC) Bridge at St Bernadettes Primary School (BR22)","SN015","Span 10","3710-3711","Co_80","Transport complexes","En_80_94_30","Fixed bridges","SL_80_94","Bridge and structure spaces","9/07/2025 2:38 PM","Tay, Bryan","688"
"3BSP","QP13A3","ZZ94K3","SN016","Span 11","N371","62043-N371-SN016","South Road;Active Transport Crossing (ATC) Bridge at St Bernadettes Primary School (BR22);Span 11","62043","South Road","N371","Active Transport Crossing (ATC) Bridge at St Bernadettes Primary School (BR22)","SN016","Span 11","3710-3711","Co_80","Transport complexes","En_80_94_30","Fixed bridges","SL_80_94","Bridge and structure spaces","9/07/2025 2:38 PM","Tay, Bryan","689"
"3BSP","DH37U0","ZZ94K3","SN017","Span 12","N371","62043-N371-SN017","South Road;Active Transport Crossing (ATC) Bridge at St Bernadettes Primary School (BR22);Span 12","62043","South Road","N371","Active Transport Crossing (ATC) Bridge at St Bernadettes Primary School (BR22)","SN017","Span 12","3710-3711","Co_80","Transport complexes","En_80_94_30","Fixed bridges","SL_80_94","Bridge and structure spaces","9/07/2025 2:38 PM","Tay, Bryan","690"
"3BPI","ZG46H9","ZZ94K3","SN018","Pier 1","N371","62043-N371-SN018","South Road;Active Transport Crossing (ATC) Bridge at St Bernadettes Primary School (BR22);Pier 1","62043","South Road","N371","Active Transport Crossing (ATC) Bridge at St Bernadettes Primary School (BR22)","SN018","Pier 1","3710-3711","Co_80","Transport complexes","En_80_94_30","Fixed bridges","SL_80_94","Bridge and structure spaces","9/07/2025 2:38 PM","Tay, Bryan","691"
"3BPI","SL85N0","ZZ94K3","SN019","Pier 2","N371","62043-N371-SN019","South Road;Active Transport Crossing (ATC) Bridge at St Bernadettes Primary School (BR22);Pier 2","62043","South Road","N371","Active Transport Crossing (ATC) Bridge at St Bernadettes Primary School (BR22)","SN019","Pier 2","3710-3711","Co_80","Transport complexes","En_80_94_30","Fixed bridges","SL_80_94","Bridge and structure spaces","9/07/2025 2:38 PM","Tay, Bryan","692"
"3BPI","PL03S7","ZZ94K3","SN020","Pier 3","N371","62043-N371-SN020","South Road;Active Transport Crossing (ATC) Bridge at St Bernadettes Primary School (BR22);Pier 3","62043","South Road","N371","Active Transport Crossing (ATC) Bridge at St Bernadettes Primary School (BR22)","SN020","Pier 3","3710-3711","Co_80","Transport complexes","En_80_94_30","Fixed bridges","SL_80_94","Bridge and structure spaces","9/07/2025 2:38 PM","Tay, Bryan","693"
"3BPI","ER98M2","ZZ94K3","SN021","Pier 4","N371","62043-N371-SN021","South Road;Active Transport Crossing (ATC) Bridge at St Bernadettes Primary School (BR22);Pier 4","62043","South Road","N371","Active Transport Crossing (ATC) Bridge at St Bernadettes Primary School (BR22)","SN021","Pier 4","3710-3711","Co_80","Transport complexes","En_80_94_30","Fixed bridges","SL_80_94","Bridge and structure spaces","9/07/2025 2:38 PM","Tay, Bryan","694"
"3BPI","BD18D3","ZZ94K3","SN022","Pier 5","N371","62043-N371-SN022","South Road;Active Transport Crossing (ATC) Bridge at St Bernadettes Primary School (BR22);Pier 5","62043","South Road","N371","Active Transport Crossing (ATC) Bridge at St Bernadettes Primary School (BR22)","SN022","Pier 5","3710-3711","Co_80","Transport complexes","En_80_94_30","Fixed bridges","SL_80_94","Bridge and structure spaces","9/07/2025 2:38 PM","Tay, Bryan","695"
"3BPI","ZH76Z7","ZZ94K3","SN023","Pier 6","N371","62043-N371-SN023","South Road;Active Transport Crossing (ATC) Bridge at St Bernadettes Primary School (BR22);Pier 6","62043","South Road","N371","Active Transport Crossing (ATC) Bridge at St Bernadettes Primary School (BR22)","SN023","Pier 6","3710-3711","Co_80","Transport complexes","En_80_94_30","Fixed bridges","SL_80_94","Bridge and structure spaces","9/07/2025 2:38 PM","Tay, Bryan","696"
"3BPI","EK08U6","ZZ94K3","SN024","Pier 7","N371","62043-N371-SN024","South Road;Active Transport Crossing (ATC) Bridge at St Bernadettes Primary School (BR22);Pier 7","62043","South Road","N371","Active Transport Crossing (ATC) Bridge at St Bernadettes Primary School (BR22)","SN024","Pier 7","3710-3711","Co_80","Transport complexes","En_80_94_30","Fixed bridges","SL_80_94","Bridge and structure spaces","9/07/2025 2:38 PM","Tay, Bryan","697"
"3BPI","KY25F5","ZZ94K3","SN025","Pier 8","N371","62043-N371-SN025","South Road;Active Transport Crossing (ATC) Bridge at St Bernadettes Primary School (BR22);Pier 8","62043","South Road","N371","Active Transport Crossing (ATC) Bridge at St Bernadettes Primary School (BR22)","SN025","Pier 8","3710-3711","Co_80","Transport complexes","En_80_94_30","Fixed bridges","SL_80_94","Bridge and structure spaces","9/07/2025 2:38 PM","Tay, Bryan","698"
"3BPI","NA45A2","ZZ94K3","SN026","Pier 9","N371","62043-N371-SN026","South Road;Active Transport Crossing (ATC) Bridge at St Bernadettes Primary School (BR22);Pier 9","62043","South Road","N371","Active Transport Crossing (ATC) Bridge at St Bernadettes Primary School (BR22)","SN026","Pier 9","3710-3711","Co_80","Transport complexes","En_80_94_30","Fixed bridges","SL_80_94","Bridge and structure spaces","9/07/2025 2:38 PM","Tay, Bryan","699"
"3BPI","WD36U5","ZZ94K3","SN027","Pier 10","N371","62043-N371-SN027","South Road;Active Transport Crossing (ATC) Bridge at St Bernadettes Primary School (BR22);Pier 10","62043","South Road","N371","Active Transport Crossing (ATC) Bridge at St Bernadettes Primary School (BR22)","SN027","Pier 10","3710-3711","Co_80","Transport complexes","En_80_94_30","Fixed bridges","SL_80_94","Bridge and structure spaces","9/07/2025 2:38 PM","Tay, Bryan","700"
"3BPI","NN02U3","ZZ94K3","SN028","Pier 11","N371","62043-N371-SN028","South Road;Active Transport Crossing (ATC) Bridge at St Bernadettes Primary School (BR22);Pier 11","62043","South Road","N371","Active Transport Crossing (ATC) Bridge at St Bernadettes Primary School (BR22)","SN028","Pier 11","3710-3711","Co_80","Transport complexes","En_80_94_30","Fixed bridges","SL_80_94","Bridge and structure spaces","9/07/2025 2:38 PM","Tay, Bryan","701"
"3CG","LZ86R0","GV32O2","SN001","Culvert Group","N269","62043-N269-SN001","South Road;Keswick Creek Culvert (BR);Culvert Group","62043","South Road","N269","Keswick Creek Culvert (BR)","SN001","Culvert Group","2690-2691","Co_50_35_85","Surface water collection networks","En_32_95_16","Complex culverts","SL_32_95_20","Culvert walls","9/07/2025 2:38 PM","Tay, Bryan","702"
"3CC","HU89D7","GV32O2","SN002","Cell Group 1","N269","62043-N269-SN002","South Road;Keswick Creek Culvert (BR);Cell Group 1","62043","South Road","N269","Keswick Creek Culvert (BR)","SN002","Cell Group 1","2690-2691","Co_50_35_85","Surface water collection networks","En_32_95_16","Complex culverts","SL_32_95","Waterways spaces","9/07/2025 2:38 PM","Tay, Bryan","703"
"3CC","JQ88E8","GV32O2","SN003","Cell Group 2","N269","62043-N269-SN003","South Road;Keswick Creek Culvert (BR);Cell Group 2","62043","South Road","N269","Keswick Creek Culvert (BR)","SN003","Cell Group 2","2690-2691","Co_50_35_85","Surface water collection networks","En_32_95_16","Complex culverts","SL_32_95","Waterways spaces","9/07/2025 2:38 PM","Tay, Bryan","704"
"3CD","ZR27R2","GV32O2","SN004","Deck","N269","62043-N269-SN004","South Road;Keswick Creek Culvert (BR);Deck","62043","South Road","N269","Keswick Creek Culvert (BR)","SN004","Deck","2690-2691","Co_50_35_85","Surface water collection networks","En_32_95_16","Complex culverts","SL_80_94","Bridge and structure spaces","9/07/2025 2:38 PM","Tay, Bryan","716"
"3CP","IX56M6","GV32O2","SN005","Approach","N269","62043-N269-SN005","South Road;Keswick Creek Culvert (BR);Approach","62043","South Road","N269","Keswick Creek Culvert (BR)","SN005","Approach","2690-2691","Co_50_35_85","Surface water collection networks","En_32_95_16","Complex culverts","SL_80_94","Bridge and structure spaces","3/09/2025 2:11 PM","Tay, Bryan","717"
"3BDE","BH51M2","GP02U7","SN001","Deck","N274","06203-N274-SN001","North South Motorway;Floodway Bridge at James Congdon Drive Bridge (over North South Motorway) (BR05);Deck","06203","North South Motorway","N274","Floodway Bridge at James Congdon Drive Bridge (over North South Motorway) (BR05)","SN001","Deck","2740-2741","Co_50_35_85","Surface water collection networks","En_80_94_30","Fixed bridges","SL_80_94","Bridge and structure spaces","9/07/2025 2:38 PM","Tay, Bryan","705"
"3BAB","UY35Q8","GP02U7","SN002","Abutment 1","N274","06203-N274-SN002","North South Motorway;Floodway Bridge at James Congdon Drive Bridge (over North South Motorway) (BR05);Abutment 1","06203","North South Motorway","N274","Floodway Bridge at James Congdon Drive Bridge (over North South Motorway) (BR05)","SN002","Abutment 1","2740-2741","Co_50_35_85","Surface water collection networks","En_80_94_30","Fixed bridges","SL_80_94","Bridge and structure spaces","9/07/2025 2:38 PM","Tay, Bryan","706"
"3BAB","EJ76K2","GP02U7","SN003","Abutment 2","N274","06203-N274-SN003","North South Motorway;Floodway Bridge at James Congdon Drive Bridge (over North South Motorway) (BR05);Abutment 2","06203","North South Motorway","N274","Floodway Bridge at James Congdon Drive Bridge (over North South Motorway) (BR05)","SN003","Abutment 2","2740-2741","Co_50_35_85","Surface water collection networks","En_80_94_30","Fixed bridges","SL_80_94","Bridge and structure spaces","9/07/2025 2:38 PM","Tay, Bryan","707"
"3BSP","ZY18L6","GP02U7","SN004","Span 1","N274","06203-N274-SN004","North South Motorway;Floodway Bridge at James Congdon Drive Bridge (over North South Motorway) (BR05);Span 1","06203","North South Motorway","N274","Floodway Bridge at James Congdon Drive Bridge (over North South Motorway) (BR05)","SN004","Span 1","2740-2741","Co_50_35_85","Surface water collection networks","En_80_94_30","Fixed bridges","SL_80_94","Bridge and structure spaces","9/07/2025 2:38 PM","Tay, Bryan","708"
"3BSP","PZ31K0","GP02U7","SN005","Span 2","N274","06203-N274-SN005","North South Motorway;Floodway Bridge at James Congdon Drive Bridge (over North South Motorway) (BR05);Span 2","06203","North South Motorway","N274","Floodway Bridge at James Congdon Drive Bridge (over North South Motorway) (BR05)","SN005","Span 2","2740-2741","Co_50_35_85","Surface water collection networks","En_80_94_30","Fixed bridges","SL_80_94","Bridge and structure spaces","9/07/2025 2:38 PM","Tay, Bryan","709"
"3BSP","XV02O4","GP02U7","SN006","Span 3","N274","06203-N274-SN006","North South Motorway;Floodway Bridge at James Congdon Drive Bridge (over North South Motorway) (BR05);Span 3","06203","North South Motorway","N274","Floodway Bridge at James Congdon Drive Bridge (over North South Motorway) (BR05)","SN006","Span 3","2740-2741","Co_50_35_85","Surface water collection networks","En_80_94_30","Fixed bridges","SL_80_94","Bridge and structure spaces","9/07/2025 2:38 PM","Tay, Bryan","710"
"3BPI","SF86H0","GP02U7","SN007","Pier 1","N274","06203-N274-SN007","North South Motorway;Floodway Bridge at James Congdon Drive Bridge (over North South Motorway) (BR05);Pier 1","06203","North South Motorway","N274","Floodway Bridge at James Congdon Drive Bridge (over North South Motorway) (BR05)","SN007","Pier 1","2740-2741","Co_50_35_85","Surface water collection networks","En_80_94_30","Fixed bridges","SL_80_94","Bridge and structure spaces","9/07/2025 2:38 PM","Tay, Bryan","711"
"3BPI","IP85Y3","GP02U7","SN008","Pier 2","N274","06203-N274-SN008","North South Motorway;Floodway Bridge at James Congdon Drive Bridge (over North South Motorway) (BR05);Pier 2","06203","North South Motorway","N274","Floodway Bridge at James Congdon Drive Bridge (over North South Motorway) (BR05)","SN008","Pier 2","2740-2741","Co_50_35_85","Surface water collection networks","En_80_94_30","Fixed bridges","SL_80_94","Bridge and structure spaces","9/07/2025 2:38 PM","Tay, Bryan","712"
"3CD","SR90F9","PN45D7","SN005","Deck","N273","62043-N273-SN005","South Road;Brown Hill Creek Culvert (BR18);Deck","62043","South Road","N273","Brown Hill Creek Culvert (BR18)","SN005","Deck","2730-2731","Co_50_35_85","Surface water collection networks","En_32_95_16","Complex culverts","SL_80_94","Bridge and structure spaces","9/07/2025 2:30 PM","Tay, Bryan","714"
"3CP","IB42M3","PN45D7","SN006","Approach","N273","62043-N273-SN006","South Road;Brown Hill Creek Culvert (BR18);Approach","62043","South Road","N273","Brown Hill Creek Culvert (BR18)","SN006","Approach","2730-2731","Co_50_35_85","Surface water collection networks","En_32_95_16","Complex culverts","SL_80_94","Bridge and structure spaces","3/09/2025 2:11 PM","Tay, Bryan","715"
"2","IL33A3","MM06K2","N304","Celtic Avenue Intersection","62043","62043-N304","South Road;Celtic Avenue Intersection","62043","South Road;Celtic Avenue Intersection","N304","Celtic Avenue Intersection",,,"3404","Co_80_35_75","Road networks","En_80_35_74","Roads","SL_80_35_74","Road sections","25/08/2025 2:20 PM","Tay, Bryan","718"
"2","WV03J9","MM06K2","L350","South of Celtic Avenue (MC11, MC12)","62043","62043-L350","South Road;South of Celtic Avenue (MC11, MC12)","62043","South Road;South of Celtic Avenue (MC11, MC12)","L350","South of Celtic Avenue (MC11, MC12)",,,"3481, 3482","Co_80_35_75","Road networks","En_80_35_74","Roads","SL_80_35_74","Road sections","24/06/2026 11:43 AM","Bird, Cheyne","719"
"1FC","HI17L0",,"F0290","NTNP Maintenance and Operational Centre (MOC)",,"F0290","NTNP Maintenance and Operational Centre (MOC)","F0290","NTNP Maintenance and Operational Centre (MOC)",,,,,"290","Co_80_35_75","Road networks","En_80_35_77","Service area buildings",,,"3/10/2025 4:06 PM","Tay, Bryan","720"
"1FC","HP53Y6",,"F0291","NTSP Maintenance and Operations Compound (MOC)",,"F0291","NTSP Maintenance and Operations Compound (MOC)","F0291","NTSP Maintenance and Operations Compound (MOC)",,,,,"291","Co_80_35_75","Road networks","En_80_35_77","Service area buildings",,,"24/06/2026 12:13 PM","John Marsden-T2D","721"
"1FC","GN81C9",,"F0390","STNP Maintenance and Operations Compound (MOC)",,"F0390","STNP Maintenance and Operations Compound (MOC)","F0390","STNP Maintenance and Operations Compound (MOC)",,,,,"390","Co_80_35_75","Road networks","En_80_35_77","Service area buildings",,,"30/04/2026 10:58 AM","John Marsden-T2D","722"
"1FC","AZ28Z8",,"F0391","STMP Substation & Tunnel Vertical Shaft",,"F0391","STMP Substation & Tunnel Vertical Shaft","F0391","STMP Substation & Tunnel Vertical Shaft",,,,,"391","Co_80_35_75","Road networks","En_80_35_77","Service area buildings","SL_32_35","Ground spaces","26/06/2026 1:56 PM","Muhammad Abid-T2D","723"
"1FC","RK68V1",,"F0392","STSP Maintenance and Operations Compound (MOC)",,"F0392","STSP Maintenance and Operations Compound (MOC)","F0392","STSP Maintenance and Operations Compound (MOC)",,,,,"392","Co_80_35_75","Road networks","En_80_35_77","Service area buildings",,,"16/04/2026 11:42 AM","John Marsden-T2D","724"
"1FC","HX61C3",,"F0292","Manchester Maintenance Facility",,"F0292","Manchester Maintenance Facility","F0292","Manchester Maintenance Facility",,,,,"292","Co_80_35_75","Road networks","En_80_35_77","Service area buildings",,,"17/07/2025 1:06 PM","Tay, Bryan","725"
"1CA","PS82J3",,"CA058","Charles Sturt Council",,"CA058","Charles Sturt Council","CA058","Charles Sturt Council",,,,,"283","Co_20_10_60","Governmental complexes","En_20_10","Legislative entities",,,"17/09/2025 2:06 PM","John Marsden-T2D","726"
"1CA","IV75H7",,"CA067","West Torrens Council",,"CA067","West Torrens Council","CA067","West Torrens Council",,,,,"284-285","Co_20_10_60","Governmental complexes","En_20_10","Legislative entities",,,"17/09/2025 2:10 PM","John Marsden-T2D","727"
"1CA","FL61G5",,"CA044","City of Unley Council",,"CA044","City of Unley Council","CA044","City of Unley Council",,,,,"383","Co_20_10_60","Governmental complexes","En_20_10","Legislative entities",,,"17/09/2025 2:06 PM","John Marsden-T2D","728"
"1CA","CX98W4",,"CA060","City of Marion Council",,"CA060","City of Marion Council","CA060","City of Marion Council",,,,,"384-385","Co_20_10_60","Governmental complexes","En_20_10","Legislative entities",,,"17/09/2025 2:15 PM","John Marsden-T2D","729"
"1CA","QB71W8",,"CA038","City of Micham Council",,"CA038","City of Micham Council","CA038","City of Micham Council",,,,,"386","Co_20_10_60","Governmental complexes","En_20_10","Legislative entities",,,"17/09/2025 2:15 PM","John Marsden-T2D","730"
"2CA","XT69D6","PS82J3","SP001","Corridor North Zone (N5S)","CA058","CA058-SP001","Charles Sturt Council;Corridor North Zone (N5S)","CA058","Charles Sturt Council;Corridor North Zone (N5S)","SP001","Corridor North Zone (N5S)",,,"283","Co_40_75_71","Recreation grounds","En_40_05_68","Public amenities","SL_40_55","Outdoor play and social areas","22/09/2025 1:35 PM","John Marsden-T2D","731"
"2CA","GB85C5","PS82J3","SP002","Adam St Basin Zone (N5S)","CA058","CA058-SP002","Charles Sturt Council;Adam St Basin Zone (N5S)","CA058","Charles Sturt Council;Adam St Basin Zone (N5S)","SP002","Adam St Basin Zone (N5S)",,,"283","Co_40_75_71","Recreation grounds","En_40_05_68","Public amenities","SL_40_55","Outdoor play and social areas","22/09/2025 1:35 PM","John Marsden-T2D","732"
"2CA","GB36N1","PS82J3","SP003","Langman Reserve Zone (N5S)","CA058","CA058-SP003","Charles Sturt Council;Langman Reserve Zone (N5S)","CA058","Charles Sturt Council;Langman Reserve Zone (N5S)","SP003","Langman Reserve Zone (N5S)",,,"283","Co_40_75_71","Recreation grounds","En_40_05_68","Public amenities","SL_40_55","Outdoor play and social areas","22/09/2025 1:35 PM","John Marsden-T2D","733"
"2CA","GX94V7","IV75H7","SP001","Cultural Precinct Zone (N5S)","CA067","CA067-SP001","West Torrens Council;Cultural Precinct Zone (N5S)","CA067","West Torrens Council;Cultural Precinct Zone (N5S)","SP001","Cultural Precinct Zone (N5S)",,,"284","Co_40_75_71","Recreation grounds","En_40_05_68","Public amenities","SL_40_55","Outdoor play and social areas","22/09/2025 1:35 PM","John Marsden-T2D","734"
"2CA","CP38C9","IV75H7","SP002","Corridor Center Zone (N5S)","CA067","CA067-SP002","West Torrens Council;Corridor Center Zone (N5S)","CA067","West Torrens Council;Corridor Center Zone (N5S)","SP002","Corridor Center Zone (N5S)",,,"284","Co_40_75_71","Recreation grounds","En_40_05_68","Public amenities","SL_40_55","Outdoor play and social areas","22/09/2025 1:35 PM","John Marsden-T2D","735"
"2CA","ZP59L0","IV75H7","SP003","Thebarton Oval Interface Zone (N5S)","CA067","CA067-SP003","West Torrens Council;Thebarton Oval Interface Zone (N5S)","CA067","West Torrens Council;Thebarton Oval Interface Zone (N5S)","SP003","Thebarton Oval Interface Zone (N5S)",,,"284","Co_40_75_71","Recreation grounds","En_40_05_68","Public amenities","SL_40_55","Outdoor play and social areas","22/09/2025 1:35 PM","John Marsden-T2D","736"
"2CA","OO04J1","IV75H7","SP004","Corridor South Zone (N5S)","CA067","CA067-SP004","West Torrens Council;Corridor South Zone (N5S)","CA067","West Torrens Council;Corridor South Zone (N5S)","SP004","Corridor South Zone (N5S)",,,"284","Co_40_75_71","Recreation grounds","En_40_05_68","Public amenities","SL_40_55","Outdoor play and social areas","22/09/2025 1:35 PM","John Marsden-T2D","737"
"2CA","NA12S5","IV75H7","SP101","MOC Zone (C3S)","CA067","CA067-SP101","West Torrens Council;MOC Zone (C3S)","CA067","West Torrens Council;MOC Zone (C3S)","SP101","MOC Zone (C3S)",,,"285","Co_40_75_71","Recreation grounds","En_40_05_68","Public amenities","SL_40_55","Outdoor play and social areas","22/09/2025 1:35 PM","John Marsden-T2D","738"
"2CA","IE88B8","IV75H7","SP102","Richmond Oval Zone (C3S)","CA067","CA067-SP102","West Torrens Council;Richmond Oval Zone (C3S)","CA067","West Torrens Council;Richmond Oval Zone (C3S)","SP102","Richmond Oval Zone (C3S)",,,"285","Co_40_75_71","Recreation grounds","En_40_05_68","Public amenities","SL_40_55","Outdoor play and social areas","22/09/2025 1:35 PM","John Marsden-T2D","739"
"2CA","OA65F1","IV75H7","SP103","JCD Zone (C3S)","CA067","CA067-SP103","West Torrens Council;JCD Zone (C3S)","CA067","West Torrens Council;JCD Zone (C3S)","SP103","JCD Zone (C3S)",,,"285","Co_40_75_71","Recreation grounds","En_40_05_68","Public amenities","SL_40_55","Outdoor play and social areas","22/09/2025 1:35 PM","John Marsden-T2D","740"
"2CA","VQ70G7","IV75H7","SP104","Sirling Zone (C3S)","CA067","CA067-SP104","West Torrens Council;Sirling Zone (C3S)","CA067","West Torrens Council;Sirling Zone (C3S)","SP104","Sirling Zone (C3S)",,,"285","Co_40_75_71","Recreation grounds","En_40_05_68","Public amenities","SL_40_55","Outdoor play and social areas","22/09/2025 1:35 PM","John Marsden-T2D","741"
"2CA","UO74Z6","IV75H7","SP105","Richmond Primary Zone (C3S)","CA067","CA067-SP105","West Torrens Council;Richmond Primary Zone (C3S)","CA067","West Torrens Council;Richmond Primary Zone (C3S)","SP105","Richmond Primary Zone (C3S)",,,"285","Co_40_75_71","Recreation grounds","En_40_05_68","Public amenities","SL_40_55","Outdoor play and social areas","22/09/2025 1:35 PM","John Marsden-T2D","742"
"2CA","JS82F3","IV75H7","SP106","Hare Zone (C3S)","CA067","CA067-SP106","West Torrens Council;Hare Zone (C3S)","CA067","West Torrens Council;Hare Zone (C3S)","SP106","Hare Zone (C3S)",,,"285","Co_40_75_71","Recreation grounds","En_40_05_68","Public amenities","SL_40_55","Outdoor play and social areas","22/09/2025 1:35 PM","John Marsden-T2D","743"
"2CA","NC62B9","IV75H7","SP107","Marleston Zone (C3S)","CA067","CA067-SP107","West Torrens Council;Marleston Zone (C3S)","CA067","West Torrens Council;Marleston Zone (C3S)","SP107","Marleston Zone (C3S)",,,"285","Co_40_75_71","Recreation grounds","En_40_05_68","Public amenities","SL_40_55","Outdoor play and social areas","22/09/2025 1:35 PM","John Marsden-T2D","744"
"2CA","DQ79K2","IV75H7","SP201","Herbert Zone (C2S)","CA067","CA067-SP201","West Torrens Council;Herbert Zone (C2S)","CA067","West Torrens Council;Herbert Zone (C2S)","SP201","Herbert Zone (C2S)",,,"286","Co_40_75_71","Recreation grounds","En_40_05_68","Public amenities","SL_40_55","Outdoor play and social areas","22/09/2025 1:35 PM","John Marsden-T2D","745"
"2CA","PC64X9","IV75H7","SP202","Tennyson Zone (C2S)","CA067","CA067-SP202","West Torrens Council;Tennyson Zone (C2S)","CA067","West Torrens Council;Tennyson Zone (C2S)","SP202","Tennyson Zone (C2S)",,,"286","Co_40_75_71","Recreation grounds","En_40_05_68","Public amenities","SL_40_55","Outdoor play and social areas","22/09/2025 1:35 PM","John Marsden-T2D","746"
"2CA","IP67G1","IV75H7","SP203","Tyson Zone (C2S)","CA067","CA067-SP203","West Torrens Council;Tyson Zone (C2S)","CA067","West Torrens Council;Tyson Zone (C2S)","SP203","Tyson Zone (C2S)",,,"286","Co_40_75_71","Recreation grounds","En_40_05_68","Public amenities","SL_40_55","Outdoor play and social areas","22/09/2025 1:35 PM","John Marsden-T2D","747"
"2CA","AO94I7","IV75H7","SP204","Bennett Zone (C2S)","CA067","CA067-SP204","West Torrens Council;Bennett Zone (C2S)","CA067","West Torrens Council;Bennett Zone (C2S)","SP204","Bennett Zone (C2S)",,,"286","Co_40_75_71","Recreation grounds","En_40_05_68","Public amenities","SL_40_55","Outdoor play and social areas","22/09/2025 1:35 PM","John Marsden-T2D","748"
"2CA","PH74E1","IV75H7","SP205","Anzac Zone (C2S)","CA067","CA067-SP205","West Torrens Council;Anzac Zone (C2S)","CA067","West Torrens Council;Anzac Zone (C2S)","SP205","Anzac Zone (C2S)",,,"286","Co_40_75_71","Recreation grounds","En_40_05_68","Public amenities","SL_40_55","Outdoor play and social areas","22/09/2025 1:35 PM","John Marsden-T2D","749"
"2CA","QY79W1","IV75H7","SP206","Mortimer Zone (C2S)","CA067","CA067-SP206","West Torrens Council;Mortimer Zone (C2S)","CA067","West Torrens Council;Mortimer Zone (C2S)","SP206","Mortimer Zone (C2S)",,,"286","Co_40_75_71","Recreation grounds","En_40_05_68","Public amenities","SL_40_55","Outdoor play and social areas","22/09/2025 1:35 PM","John Marsden-T2D","750"
"2CA","DW41S6","IV75H7","SP207","Grosvenor Zone (C2S)","CA067","CA067-SP207","West Torrens Council;Grosvenor Zone (C2S)","CA067","West Torrens Council;Grosvenor Zone (C2S)","SP207","Grosvenor Zone (C2S)",,,"286","Co_40_75_71","Recreation grounds","En_40_05_68","Public amenities","SL_40_55","Outdoor play and social areas","22/09/2025 1:35 PM","John Marsden-T2D","751"
"2CA","AO46F4","IV75H7","SP208","Glengyle North Zone (C2S)","CA067","CA067-SP208","West Torrens Council;Glengyle North Zone (C2S)","CA067","West Torrens Council;Glengyle North Zone (C2S)","SP208","Glengyle North Zone (C2S)",,,"286","Co_40_75_71","Recreation grounds","En_40_05_68","Public amenities","SL_40_55","Outdoor play and social areas","22/09/2025 1:35 PM","John Marsden-T2D","752"
"2CA","PP03T6","FL61G5","SP001","Hale Zone (C2S)","CA044","CA044-SP001","City of Unley Council;Hale Zone (C2S)","CA044","City of Unley Council;Hale Zone (C2S)","SP001","Hale Zone (C2S)",,,"383","Co_40_75_71","Recreation grounds","En_40_05_68","Public amenities","SL_40_55","Outdoor play and social areas","22/09/2025 1:35 PM","John Marsden-T2D","753"
"2CA","JA96L5","FL61G5","SP002","Eurilpa Zone (C2S)","CA044","CA044-SP002","City of Unley Council;Eurilpa Zone (C2S)","CA044","City of Unley Council;Eurilpa Zone (C2S)","SP002","Eurilpa Zone (C2S)",,,"383","Co_40_75_71","Recreation grounds","En_40_05_68","Public amenities","SL_40_55","Outdoor play and social areas","22/09/2025 1:35 PM","John Marsden-T2D","754"
"2CA","LT70L1","FL61G5","SP003","Black Forest Zone (C2S)","CA044","CA044-SP003","City of Unley Council;Black Forest Zone (C2S)","CA044","City of Unley Council;Black Forest Zone (C2S)","SP003","Black Forest Zone (C2S)",,,"383","Co_40_75_71","Recreation grounds","En_40_05_68","Public amenities","SL_40_55","Outdoor play and social areas","22/09/2025 1:35 PM","John Marsden-T2D","755"
"2CA","HI64J3","CX98W4","SP001","Glengyle South Zone (C2S)","CA060","CA060-SP001","City of Marion Council;Glengyle South Zone (C2S)","CA060","City of Marion Council;Glengyle South Zone (C2S)","SP001","Glengyle South Zone (C2S)",,,"384","Co_40_75_71","Recreation grounds","En_40_05_68","Public amenities","SL_40_55","Outdoor play and social areas","22/09/2025 1:35 PM","John Marsden-T2D","756"
"2CA","RD95O4","CX98W4","SP002","Dog Park North Zone (C2S)","CA060","CA060-SP002","City of Marion Council;Dog Park North Zone (C2S)","CA060","City of Marion Council;Dog Park North Zone (C2S)","SP002","Dog Park North Zone (C2S)",,,"384","Co_40_75_71","Recreation grounds","En_40_05_68","Public amenities","SL_40_55","Outdoor play and social areas","22/09/2025 1:35 PM","John Marsden-T2D","757"
"2CA","SK04W2","CX98W4","SP101","Dog Park South Zone (S1S)","CA060","CA060-SP101","City of Marion Council;Dog Park South Zone (S1S)","CA060","City of Marion Council;Dog Park South Zone (S1S)","SP101","Dog Park South Zone (S1S)",,,"385","Co_40_75_71","Recreation grounds","En_40_05_68","Public amenities","SL_40_55","Outdoor play and social areas","22/09/2025 1:35 PM","John Marsden-T2D","758"
"2CA","FV11J8","CX98W4","SP102","Activity Area Zone (S1S)","CA060","CA060-SP102","City of Marion Council;Activity Area Zone (S1S)","CA060","City of Marion Council;Activity Area Zone (S1S)","SP102","Activity Area Zone (S1S)",,,"385","Co_40_75_71","Recreation grounds","En_40_05_68","Public amenities","SL_40_55","Outdoor play and social areas","22/09/2025 1:35 PM","John Marsden-T2D","759"
"2CA","JH13U9","CX98W4","SP103","Pollinator Corridor Zone (S1S)","CA060","CA060-SP103","City of Marion Council;Pollinator Corridor Zone (S1S)","CA060","City of Marion Council;Pollinator Corridor Zone (S1S)","SP103","Pollinator Corridor Zone (S1S)",,,"385","Co_40_75_71","Recreation grounds","En_40_05_68","Public amenities","SL_40_55","Outdoor play and social areas","22/09/2025 1:35 PM","John Marsden-T2D","760"
"2CA","OU31T5","CX98W4","SP104","Southern Swales Zone (S1S)","CA060","CA060-SP104","City of Marion Council;Southern Swales Zone (S1S)","CA060","City of Marion Council;Southern Swales Zone (S1S)","SP104","Southern Swales Zone (S1S)",,,"385","Co_40_75_71","Recreation grounds","En_40_05_68","Public amenities","SL_40_55","Outdoor play and social areas","22/09/2025 1:35 PM","John Marsden-T2D","761"
"2CA","YC03I9","QB71W8","SP001","Eastern Interface Zone (S1S)","CA038","CA038-SP001","City of Micham Council;Eastern Interface Zone (S1S)","CA038","City of Micham Council;Eastern Interface Zone (S1S)","SP001","Eastern Interface Zone (S1S)",,,"386","Co_40_75_71","Recreation grounds","En_40_05_68","Public amenities","SL_40_55","Outdoor play and social areas","22/09/2025 1:35 PM","John Marsden-T2D","762"
"2FC","HH70C0","RK68V1","B000","Substation Building SS05 (A)","F0392","F0392-B000","STSP Maintenance and Operations Compound (MOC);Substation Building SS05 (A)","F0392","STSP Maintenance and Operations Compound (MOC);Substation Building SS05 (A)","B000","Substation Building SS05 (A)",,,"3920","Co_80_35_75","Road networks","En_80_35_77","Service area buildings","SL_70_30_83","Substation bays","16/04/2026 11:42 AM","John Marsden-T2D","763"
"2FC","BR82S8","RK68V1","B005","Substation Building SS05 (B)","F0392","F0392-B005","STSP Maintenance and Operations Compound (MOC);Substation Building SS05 (B)","F0392","STSP Maintenance and Operations Compound (MOC);Substation Building SS05 (B)","B005","Substation Building SS05 (B)",,,"3925","Co_80_35_75","Road networks","En_80_35_77","Service area buildings","SL_70_30_83","Substation bays","16/04/2026 11:42 AM","John Marsden-T2D","764"
"2FC","PY33D2","RK68V1","B003","Computer Equipment Room","F0392","F0392-B003","STSP Maintenance and Operations Compound (MOC);Computer Equipment Room","F0392","STSP Maintenance and Operations Compound (MOC);Computer Equipment Room","B003","Computer Equipment Room",,,"3923","Co_80_35_75","Road networks","En_80_35_77","Service area buildings","SL_90_90_77","Server rooms","16/04/2026 11:42 AM","John Marsden-T2D","765"
"2FC","UY94V2","RK68V1","B004","Tunnel Monitoring Facility","F0392","F0392-B004","STSP Maintenance and Operations Compound (MOC);Tunnel Monitoring Facility","F0392","STSP Maintenance and Operations Compound (MOC);Tunnel Monitoring Facility","B004","Tunnel Monitoring Facility",,,"3924","Co_80_35_75","Road networks","En_90_90","Plant and control entities","SL_75_70","Control and management spaces","16/04/2026 11:42 AM","John Marsden-T2D","766"
"2FC","KU60G7","RK68V1","B002","Mobile Carrier Building","F0392","F0392-B002","STSP Maintenance and Operations Compound (MOC);Mobile Carrier Building","F0392","STSP Maintenance and Operations Compound (MOC);Mobile Carrier Building","B002","Mobile Carrier Building",,,"3922","Co_80_35_75","Road networks","En_75_10_90","Telecommunications buildings",,,"16/04/2026 11:42 AM","John Marsden-T2D","767"
"2FC","QA46S6","RK68V1","B006","Water Treatment Facility","F0392","F0392-B006","STSP Maintenance and Operations Compound (MOC);Water Treatment Facility","F0392","STSP Maintenance and Operations Compound (MOC);Water Treatment Facility","B006","Water Treatment Facility",,,"3926","Co_80_35_75","Road networks","En_50_75","Wastewater storage, treatment and disposal",,,"16/04/2026 11:42 AM","John Marsden-T2D","768"
"2FC","SY65B6","RK68V1","B008","Ventilation Facility","F0392","F0392-B008","STSP Maintenance and Operations Compound (MOC);Ventilation Facility","F0392","STSP Maintenance and Operations Compound (MOC);Ventilation Facility","B008","Ventilation Facility",,,"3928","Co_80_35_75","Road networks","En_65_40_80","Shaft and tunnel ventilation plant building","SL_90_90","Plant and control spaces","9/07/2026 10:41 AM","Muhammad Abid-T2D","769"
"2FC","FT98D5","RK68V1","B009","Within MOC Facility Boundary","F0392","F0392-B009","STSP Maintenance and Operations Compound (MOC);Within MOC Facility Boundary","F0392","STSP Maintenance and Operations Compound (MOC);Within MOC Facility Boundary","B009","Within MOC Facility Boundary",,,"3929","Co_80_35_75","Road networks","En_90_10_77","External service areas","SL_32_35","Ground spaces","16/04/2026 11:42 AM","John Marsden-T2D","770"
"3FC","AS12B2","KU60G7","S101","Mobile Carrier, Ground Floor Level (3.92.2.101)","B002","F0392-B002-S101","STSP Maintenance and Operations Compound (MOC);Mobile Carrier Building;Mobile Carrier, Ground Floor Level (3.92.2.101)","F0392","STSP Maintenance and Operations Compound (MOC);Mobile Carrier Building;Mobile Carrier, Ground Floor Level (3.92.2.101)","B002","Mobile Carrier Building","S101","Mobile Carrier, Ground Floor Level (3.92.2.101)","3922","Co_80_35_75","Road networks","En_75_10_90","Telecommunications buildings","SL_75_10","Communications spaces","16/04/2026 11:43 AM","John Marsden-T2D","771"
"3FC","AS12B5","KU60G7","S102","Gas Bottle Enclosure, Ground Floor Level (3.92.2.102)","B002","F0392-B002-S102","STSP Maintenance and Operations Compound (MOC);Mobile Carrier Building;Gas Bottle Enclosure, Ground Floor Level (3.92.2.102)","F0392","STSP Maintenance and Operations Compound (MOC);Mobile Carrier Building;Gas Bottle Enclosure, Ground Floor Level (3.92.2.102)","B002","Mobile Carrier Building","S102","Gas Bottle Enclosure, Ground Floor Level (3.92.2.102)","3922","Co_80_35_75","Road networks","En_75_10_90","Telecommunications buildings","SL_55_20_34","Gas storage spaces","16/04/2026 11:43 AM","John Marsden-T2D","772"
"3FC","OK72H2","HH70C0","S001","Cable Trench A, Basement Level (3.92.0.001)","B000","F0392-B000-S001","STSP Maintenance and Operations Compound (MOC);Substation Building SS05 (A);Cable Trench A, Basement Level (3.92.0.001)","F0392","STSP Maintenance and Operations Compound (MOC);Substation Building SS05 (A);Cable Trench A, Basement Level (3.92.0.001)","B000","Substation Building SS05 (A)","S001","Cable Trench A, Basement Level (3.92.0.001)","3920","Co_80_35_75","Road networks","En_70_30","Electrical power distribution entities","SL_70_20_89","Transmission cable section","16/04/2026 11:43 AM","John Marsden-T2D","773"
"3FC","RT26C3","HH70C0","S002","Cable Basement A, Basement Level (3.92.0.002)","B000","F0392-B000-S002","STSP Maintenance and Operations Compound (MOC);Substation Building SS05 (A);Cable Basement A, Basement Level (3.92.0.002)","F0392","STSP Maintenance and Operations Compound (MOC);Substation Building SS05 (A);Cable Basement A, Basement Level (3.92.0.002)","B000","Substation Building SS05 (A)","S002","Cable Basement A, Basement Level (3.92.0.002)","3920","Co_80_35_75","Road networks","En_70_30","Electrical power distribution entities","SL_70_20_89","Transmission cable section","16/04/2026 11:43 AM","John Marsden-T2D","774"
"3FC","SD63V7","HH70C0","S101","HV Switch A, Ground Level (3.92.0.101)","B000","F0392-B000-S101","STSP Maintenance and Operations Compound (MOC);Substation Building SS05 (A);HV Switch A, Ground Level (3.92.0.101)","F0392","STSP Maintenance and Operations Compound (MOC);Substation Building SS05 (A);HV Switch A, Ground Level (3.92.0.101)","B000","Substation Building SS05 (A)","S101","HV Switch A, Ground Level (3.92.0.101)","3920","Co_80_35_75","Road networks","En_70_30","Electrical power distribution entities","SL_90_90_85","Switch rooms","16/04/2026 11:43 AM","John Marsden-T2D","775"
"3FC","TD22J8","HH70C0","S102","Transformer Yard A, Ground Floor Level (3.92.0.102)","B000","F0392-B000-S102","STSP Maintenance and Operations Compound (MOC);Substation Building SS05 (A);Transformer Yard A, Ground Floor Level (3.92.0.102)","F0392","STSP Maintenance and Operations Compound (MOC);Substation Building SS05 (A);Transformer Yard A, Ground Floor Level (3.92.0.102)","B000","Substation Building SS05 (A)","S102","Transformer Yard A, Ground Floor Level (3.92.0.102)","3920","Co_80_35_75","Road networks","En_70_30","Electrical power distribution entities","SL_70_20_64 ","Power transformer equipment bay","16/04/2026 11:43 AM","John Marsden-T2D","776"
"3FC","GS81S3","HH70C0","S103","LV Switch A, Ground Floor Level (3.92.0.103)","B000","F0392-B000-S103","STSP Maintenance and Operations Compound (MOC);Substation Building SS05 (A);LV Switch A, Ground Floor Level (3.92.0.103)","F0392","STSP Maintenance and Operations Compound (MOC);Substation Building SS05 (A);LV Switch A, Ground Floor Level (3.92.0.103)","B000","Substation Building SS05 (A)","S103","LV Switch A, Ground Floor Level (3.92.0.103)","3920","Co_80_35_75","Road networks","En_70_30","Electrical power distribution entities","SL_90_90_85","Switch rooms","16/04/2026 11:43 AM","John Marsden-T2D","777"
"3FC","NA14O4","HH70C0","S104","Gas Bottle Enclosure, Ground Floor Level (3.92.0.104)","B000","F0392-B000-S104","STSP Maintenance and Operations Compound (MOC);Substation Building SS05 (A);Gas Bottle Enclosure, Ground Floor Level (3.92.0.104)","F0392","STSP Maintenance and Operations Compound (MOC);Substation Building SS05 (A);Gas Bottle Enclosure, Ground Floor Level (3.92.0.104)","B000","Substation Building SS05 (A)","S104","Gas Bottle Enclosure, Ground Floor Level (3.92.0.104)","3920","Co_80_35_75","Road networks","En_70_30","Electrical power distribution entities","SL_55_20_34","Gas storage spaces","16/04/2026 11:43 AM","John Marsden-T2D","778"
"3FC","NA14O5","HH70C0","S105","Cable Basement A Entry, Ground Floor Level (3.92.0.105)","B000","F0392-B000-S105","STSP Maintenance and Operations Compound (MOC);Substation Building SS05 (A);Cable Basement A Entry, Ground Floor Level (3.92.0.105)","F0392","STSP Maintenance and Operations Compound (MOC);Substation Building SS05 (A);Cable Basement A Entry, Ground Floor Level (3.92.0.105)","B000","Substation Building SS05 (A)","S105","Cable Basement A Entry, Ground Floor Level (3.92.0.105)","3920","Co_80_35_75","Road networks","En_70_30","Electrical power distribution entities","SL_90_20_27","Entry points","16/04/2026 11:43 AM","John Marsden-T2D","779"
"3FC","LE05S1","BR82S8","S001","Cable Basement B, Basement Level (3.92.5.001)","B005","F0392-B005-S001","STSP Maintenance and Operations Compound (MOC);Substation Building SS05 (B);Cable Basement B, Basement Level (3.92.5.001)","F0392","STSP Maintenance and Operations Compound (MOC);Substation Building SS05 (B);Cable Basement B, Basement Level (3.92.5.001)","B005","Substation Building SS05 (B)","S001","Cable Basement B, Basement Level (3.92.5.001)","3925","Co_80_35_75","Road networks","En_70_30","Electrical power distribution entities","SL_70_20_89","Transmission cable section","16/04/2026 11:44 AM","John Marsden-T2D","780"
"3FC","GO05X1","BR82S8","S002","Cable Trench B, Basement Level (3.92.5.002)","B005","F0392-B005-S002","STSP Maintenance and Operations Compound (MOC);Substation Building SS05 (B);Cable Trench B, Basement Level (3.92.5.002)","F0392","STSP Maintenance and Operations Compound (MOC);Substation Building SS05 (B);Cable Trench B, Basement Level (3.92.5.002)","B005","Substation Building SS05 (B)","S002","Cable Trench B, Basement Level (3.92.5.002)","3925","Co_80_35_75","Road networks","En_70_30","Electrical power distribution entities","SL_70_20_89","Transmission cable section","16/04/2026 11:44 AM","John Marsden-T2D","781"
"3FC","SF29G3","BR82S8","S101","HV Switch B, Ground Level (3.92.5.101)","B005","F0392-B005-S101","STSP Maintenance and Operations Compound (MOC);Substation Building SS05 (B);HV Switch B, Ground Level (3.92.5.101)","F0392","STSP Maintenance and Operations Compound (MOC);Substation Building SS05 (B);HV Switch B, Ground Level (3.92.5.101)","B005","Substation Building SS05 (B)","S101","HV Switch B, Ground Level (3.92.5.101)","3925","Co_80_35_75","Road networks","En_70_30","Electrical power distribution entities","SL_90_90_85","Switch rooms","16/04/2026 11:44 AM","John Marsden-T2D","782"
"3FC","IF99Z9","BR82S8","S102","Transformer Yard B, Ground Level (3.92.5.102)","B005","F0392-B005-S102","STSP Maintenance and Operations Compound (MOC);Substation Building SS05 (B);Transformer Yard B, Ground Level (3.92.5.102)","F0392","STSP Maintenance and Operations Compound (MOC);Substation Building SS05 (B);Transformer Yard B, Ground Level (3.92.5.102)","B005","Substation Building SS05 (B)","S102","Transformer Yard B, Ground Level (3.92.5.102)","3925","Co_80_35_75","Road networks","En_70_30","Electrical power distribution entities","SL_70_20_64 ","Power transformer equipment bay","16/04/2026 11:44 AM","John Marsden-T2D","783"
"3FC","TH08U8","BR82S8","S103","LV Switch B, Ground Floor Level (3.92.5.103)","B005","F0392-B005-S103","STSP Maintenance and Operations Compound (MOC);Substation Building SS05 (B);LV Switch B, Ground Floor Level (3.92.5.103)","F0392","STSP Maintenance and Operations Compound (MOC);Substation Building SS05 (B);LV Switch B, Ground Floor Level (3.92.5.103)","B005","Substation Building SS05 (B)","S103","LV Switch B, Ground Floor Level (3.92.5.103)","3925","Co_80_35_75","Road networks","En_70_30","Electrical power distribution entities","SL_90_90_85","Switch rooms","16/04/2026 11:44 AM","John Marsden-T2D","784"
"3FC","NA1417","BR82S8","S104","Cable Basement B Entry, Ground Floor Level (3.92.5.104)","B005","F0392-B005-S104","STSP Maintenance and Operations Compound (MOC);Substation Building SS05 (B);Cable Basement B Entry, Ground Floor Level (3.92.5.104)","F0392","STSP Maintenance and Operations Compound (MOC);Substation Building SS05 (B);Cable Basement B Entry, Ground Floor Level (3.92.5.104)","B005","Substation Building SS05 (B)","S104","Cable Basement B Entry, Ground Floor Level (3.92.5.104)","3925","Co_80_35_75","Road networks","En_70_30","Electrical power distribution entities","SL_90_20_27","Entry points","16/04/2026 11:44 AM","John Marsden-T2D","785"
"3FC","JM8456","UY94V2","S001","Sub Floor A, Basement Level (3.92.4.001)","B004","F0392-B004-S001","STSP Maintenance and Operations Compound (MOC);Tunnel Monitoring Facility;Sub Floor A, Basement Level (3.92.4.001)","F0392","STSP Maintenance and Operations Compound (MOC);Tunnel Monitoring Facility;Sub Floor A, Basement Level (3.92.4.001)","B004","Tunnel Monitoring Facility","S001","Sub Floor A, Basement Level (3.92.4.001)","3924","Co_80_35_75","Road networks","En_90_90","Plant and control entities","SL_90_90_01","Access floor voids","16/04/2026 11:44 AM","John Marsden-T2D","787"
"3FC","BH85A2","UY94V2","S101","Meeting, Ground Floor Level (3.92.4.101)","B004","F0392-B004-S101","STSP Maintenance and Operations Compound (MOC);Tunnel Monitoring Facility;Meeting, Ground Floor Level (3.92.4.101)","F0392","STSP Maintenance and Operations Compound (MOC);Tunnel Monitoring Facility;Meeting, Ground Floor Level (3.92.4.101)","B004","Tunnel Monitoring Facility","S101","Meeting, Ground Floor Level (3.92.4.101)","3924","Co_80_35_75","Road networks","En_90_90","Plant and control entities","SL_20_15_50","Meeting rooms","16/04/2026 11:44 AM","John Marsden-T2D","788"
"3FC","BH85A3","UY94V2","S102","Eating Facilities, Ground Floor Level (3.92.4.102)","B004","F0392-B004-S102","STSP Maintenance and Operations Compound (MOC);Tunnel Monitoring Facility;Eating Facilities, Ground Floor Level (3.92.4.102)","F0392","STSP Maintenance and Operations Compound (MOC);Tunnel Monitoring Facility;Eating Facilities, Ground Floor Level (3.92.4.102)","B004","Tunnel Monitoring Facility","S102","Eating Facilities, Ground Floor Level (3.92.4.102)","3924","Co_80_35_75","Road networks","En_90_90","Plant and control entities","SL_40_20_42","Indoor dining rooms","16/04/2026 11:44 AM","John Marsden-T2D","789"
"3FC","BH85A4","UY94V2","S103","Corridor, Ground Floor Level (3.92.4.103)","B004","F0392-B004-S103","STSP Maintenance and Operations Compound (MOC);Tunnel Monitoring Facility;Corridor, Ground Floor Level (3.92.4.103)","F0392","STSP Maintenance and Operations Compound (MOC);Tunnel Monitoring Facility;Corridor, Ground Floor Level (3.92.4.103)","B004","Tunnel Monitoring Facility","S103","Corridor, Ground Floor Level (3.92.4.103)","3924","Co_80_35_75","Road networks","En_90_90","Plant and control entities","SL_90_10_15","Corridors","16/04/2026 11:44 AM","John Marsden-T2D","790"
"3FC","BH85A5","UY94V2","S104","Accessible Change, Ground Floor Level (3.92.4.104)","B004","F0392-B004-S104","STSP Maintenance and Operations Compound (MOC);Tunnel Monitoring Facility;Accessible Change, Ground Floor Level (3.92.4.104)","F0392","STSP Maintenance and Operations Compound (MOC);Tunnel Monitoring Facility;Accessible Change, Ground Floor Level (3.92.4.104)","B004","Tunnel Monitoring Facility","S104","Accessible Change, Ground Floor Level (3.92.4.104)","3924","Co_80_35_75","Road networks","En_90_90","Plant and control entities","SL_35_80_01","Accessible changing rooms","16/04/2026 11:44 AM","John Marsden-T2D","791"
"3FC","BH85A6","UY94V2","S105","Change Room, Ground Floor Level (3.92.4.105)","B004","F0392-B004-S105","STSP Maintenance and Operations Compound (MOC);Tunnel Monitoring Facility;Change Room, Ground Floor Level (3.92.4.105)","F0392","STSP Maintenance and Operations Compound (MOC);Tunnel Monitoring Facility;Change Room, Ground Floor Level (3.92.4.105)","B004","Tunnel Monitoring Facility","S105","Change Room, Ground Floor Level (3.92.4.105)","3924","Co_80_35_75","Road networks","En_90_90","Plant and control entities","SL_35_80_01","Accessible changing rooms","16/04/2026 11:44 AM","John Marsden-T2D","792"
"3FC","BH85A7","UY94V2","S106","Tunnel Monitoring Facility, Ground Floor Level (3.92.4.106)","B004","F0392-B004-S106","STSP Maintenance and Operations Compound (MOC);Tunnel Monitoring Facility;Tunnel Monitoring Facility, Ground Floor Level (3.92.4.106)","F0392","STSP Maintenance and Operations Compound (MOC);Tunnel Monitoring Facility;Tunnel Monitoring Facility, Ground Floor Level (3.92.4.106)","B004","Tunnel Monitoring Facility","S106","Tunnel Monitoring Facility, Ground Floor Level (3.92.4.106)","3924","Co_80_35_75","Road networks","En_90_90","Plant and control entities","SL_90_90_15","Control rooms","16/04/2026 11:44 AM","John Marsden-T2D","793"
"3FC","BH85A8","UY94V2","S107","Cleaners, Ground Floor Level (3.92.4.107)","B004","F0392-B004-S107","STSP Maintenance and Operations Compound (MOC);Tunnel Monitoring Facility;Cleaners, Ground Floor Level (3.92.4.107)","F0392","STSP Maintenance and Operations Compound (MOC);Tunnel Monitoring Facility;Cleaners, Ground Floor Level (3.92.4.107)","B004","Tunnel Monitoring Facility","S107","Cleaners, Ground Floor Level (3.92.4.107)","3924","Co_80_35_75","Road networks","En_90_90","Plant and control entities","SL_90_50_16","Cleaners' stores","16/04/2026 11:45 AM","John Marsden-T2D","794"
"3FC","BH85B2","PY33D2","S101","Computer Equipment, Ground Floor Level (3.92.3.101)","B003","F0392-B003-S101","STSP Maintenance and Operations Compound (MOC);Computer Equipment Room;Computer Equipment, Ground Floor Level (3.92.3.101)","F0392","STSP Maintenance and Operations Compound (MOC);Computer Equipment Room;Computer Equipment, Ground Floor Level (3.92.3.101)","B003","Computer Equipment Room","S101","Computer Equipment, Ground Floor Level (3.92.3.101)","3923","Co_80_35_75","Road networks","En_90_90","Plant and control entities","SL_75_70","Control and management spaces","16/04/2026 11:46 AM","John Marsden-T2D","796"
"3FC","BH85B3","QA46S6","S101","Water Treatment Plant (3.92.6.101)","B006","F0392-B006-S101","STSP Maintenance and Operations Compound (MOC);Water Treatment Facility;Water Treatment Plant (3.92.6.101)","F0392","STSP Maintenance and Operations Compound (MOC);Water Treatment Facility;Water Treatment Plant (3.92.6.101)","B006","Water Treatment Facility","S101","Water Treatment Plant (3.92.6.101)","3926","Co_80_35_75","Road networks","En_50_75","Wastewater storage, treatment and disposal","SL_50_70","Drainage treatment and disposal spaces","16/04/2026 11:46 AM","John Marsden-T2D","797"
"3FC","BH85F1","FT98D5","S911","External - Ventilation Building (3.92.9.911)","B009","F0392-B009-S911","STSP Maintenance and Operations Compound (MOC);Within MOC Facility Boundary;External - Ventilation Building (3.92.9.911)","F0392","STSP Maintenance and Operations Compound (MOC);Within MOC Facility Boundary;External - Ventilation Building (3.92.9.911)","B009","Within MOC Facility Boundary","S911","External - Ventilation Building (3.92.9.911)","3929","Co_80_35_75","Road networks","En_90_10_77","External service areas","SL_32_35","Ground spaces","16/04/2026 11:47 AM","John Marsden-T2D","798"
"3FC","BH85F2","FT98D5","S912","External - Ventilation Building (3.92.9.912)","B009","F0392-B009-S912","STSP Maintenance and Operations Compound (MOC);Within MOC Facility Boundary;External - Ventilation Building (3.92.9.912)","F0392","STSP Maintenance and Operations Compound (MOC);Within MOC Facility Boundary;External - Ventilation Building (3.92.9.912)","B009","Within MOC Facility Boundary","S912","External - Ventilation Building (3.92.9.912)","3929","Co_80_35_75","Road networks","En_90_10_77","External service areas","SL_32_35","Ground spaces","16/04/2026 11:47 AM","John Marsden-T2D","799"
"3FC","BH85F3","FT98D5","S913","External - Ventilation Building (3.92.9.913)","B009","F0392-B009-S913","STSP Maintenance and Operations Compound (MOC);Within MOC Facility Boundary;External - Ventilation Building (3.92.9.913)","F0392","STSP Maintenance and Operations Compound (MOC);Within MOC Facility Boundary;External - Ventilation Building (3.92.9.913)","B009","Within MOC Facility Boundary","S913","External - Ventilation Building (3.92.9.913)","3929","Co_80_35_75","Road networks","En_90_10_77","External service areas","SL_32_35","Ground spaces","16/04/2026 11:47 AM","John Marsden-T2D","800"
"3FC","BH85F6","FT98D5","S901","External - Perimeter Screen (3.92.9.901)","B009","F0392-B009-S901","STSP Maintenance and Operations Compound (MOC);Within MOC Facility Boundary;External - Perimeter Screen (3.92.9.901)","F0392","STSP Maintenance and Operations Compound (MOC);Within MOC Facility Boundary;External - Perimeter Screen (3.92.9.901)","B009","Within MOC Facility Boundary","S901","External - Perimeter Screen (3.92.9.901)","3929","Co_80_35_75","Road networks","En_90_10_77","External service areas","SL_32_35","Ground spaces","16/04/2026 11:47 AM","John Marsden-T2D","802"
"3FC","BH85F7","FT98D5","S902","External - Mobile Carrier Building (3.92.9.902)","B009","F0392-B009-S902","STSP Maintenance and Operations Compound (MOC);Within MOC Facility Boundary;External - Mobile Carrier Building (3.92.9.902)","F0392","STSP Maintenance and Operations Compound (MOC);Within MOC Facility Boundary;External - Mobile Carrier Building (3.92.9.902)","B009","Within MOC Facility Boundary","S902","External - Mobile Carrier Building (3.92.9.902)","3929","Co_80_35_75","Road networks","En_90_10_77","External service areas","SL_32_35","Ground spaces","16/04/2026 11:47 AM","John Marsden-T2D","803"
"3FC","BH85F8","FT98D5","S903","External - Substation Building A (3.92.9.903)","B009","F0392-B009-S903","STSP Maintenance and Operations Compound (MOC);Within MOC Facility Boundary;External - Substation Building A (3.92.9.903)","F0392","STSP Maintenance and Operations Compound (MOC);Within MOC Facility Boundary;External - Substation Building A (3.92.9.903)","B009","Within MOC Facility Boundary","S903","External - Substation Building A (3.92.9.903)","3929","Co_80_35_75","Road networks","En_90_10_77","External service areas","SL_32_35","Ground spaces","16/04/2026 11:47 AM","John Marsden-T2D","804"
"3FC","BH85F9","FT98D5","S904","External - Tunnel Monitoring Facility (3.92.9.904)","B009","F0392-B009-S904","STSP Maintenance and Operations Compound (MOC);Within MOC Facility Boundary;External - Tunnel Monitoring Facility (3.92.9.904)","F0392","STSP Maintenance and Operations Compound (MOC);Within MOC Facility Boundary;External - Tunnel Monitoring Facility (3.92.9.904)","B009","Within MOC Facility Boundary","S904","External - Tunnel Monitoring Facility (3.92.9.904)","3929","Co_80_35_75","Road networks","En_90_10_77","External service areas","SL_32_35","Ground spaces","16/04/2026 11:47 AM","John Marsden-T2D","805"
"3FC","BH85G1","FT98D5","S905","External - Substation Building B (3.92.9.905)","B009","F0392-B009-S905","STSP Maintenance and Operations Compound (MOC);Within MOC Facility Boundary;External - Substation Building B (3.92.9.905)","F0392","STSP Maintenance and Operations Compound (MOC);Within MOC Facility Boundary;External - Substation Building B (3.92.9.905)","B009","Within MOC Facility Boundary","S905","External - Substation Building B (3.92.9.905)","3929","Co_80_35_75","Road networks","En_90_10_77","External service areas","SL_32_35","Ground spaces","16/04/2026 11:47 AM","John Marsden-T2D","806"
"3FC","BH85G2","FT98D5","S906","External - Substation (3.92.9.906)","B009","F0392-B009-S906","STSP Maintenance and Operations Compound (MOC);Within MOC Facility Boundary;External - Substation (3.92.9.906)","F0392","STSP Maintenance and Operations Compound (MOC);Within MOC Facility Boundary;External - Substation (3.92.9.906)","B009","Within MOC Facility Boundary","S906","External - Substation (3.92.9.906)","3929","Co_80_35_75","Road networks","En_90_10_77","External service areas","SL_32_35","Ground spaces","16/04/2026 11:47 AM","John Marsden-T2D","807"
"3FC","BH85G3","FT98D5","S907","External - Substation Building A (3.92.9.907)","B009","F0392-B009-S907","STSP Maintenance and Operations Compound (MOC);Within MOC Facility Boundary;External - Substation Building A (3.92.9.907)","F0392","STSP Maintenance and Operations Compound (MOC);Within MOC Facility Boundary;External - Substation Building A (3.92.9.907)","B009","Within MOC Facility Boundary","S907","External - Substation Building A (3.92.9.907)","3929","Co_80_35_75","Road networks","En_90_10_77","External service areas","SL_32_35","Ground spaces","16/04/2026 11:47 AM","John Marsden-T2D","808"
"3FC","BH85G4","FT98D5","S908","External - Substation Building B (3.92.9.908)","B009","F0392-B009-S908","STSP Maintenance and Operations Compound (MOC);Within MOC Facility Boundary;External - Substation Building B (3.92.9.908)","F0392","STSP Maintenance and Operations Compound (MOC);Within MOC Facility Boundary;External - Substation Building B (3.92.9.908)","B009","Within MOC Facility Boundary","S908","External - Substation Building B (3.92.9.908)","3929","Co_80_35_75","Road networks","En_90_10_77","External service areas","SL_32_35","Ground spaces","16/04/2026 11:47 AM","John Marsden-T2D","809"
"3FC","BH85G5","FT98D5","S909","External - MOC Compound (3.92.9.909)","B009","F0392-B009-S909","STSP Maintenance and Operations Compound (MOC);Within MOC Facility Boundary;External - MOC Compound (3.92.9.909)","F0392","STSP Maintenance and Operations Compound (MOC);Within MOC Facility Boundary;External - MOC Compound (3.92.9.909)","B009","Within MOC Facility Boundary","S909","External - MOC Compound (3.92.9.909)","3929","Co_80_35_75","Road networks","En_90_10_77","External service areas","SL_32_35","Ground spaces","16/04/2026 11:47 AM","John Marsden-T2D","810"
"3FC","BH85G6","FT98D5","S910","External - Loading Dock (3.92.9.910)","B009","F0392-B009-S910","STSP Maintenance and Operations Compound (MOC);Within MOC Facility Boundary;External - Loading Dock (3.92.9.910)","F0392","STSP Maintenance and Operations Compound (MOC);Within MOC Facility Boundary;External - Loading Dock (3.92.9.910)","B009","Within MOC Facility Boundary","S910","External - Loading Dock (3.92.9.910)","3929","Co_80_35_75","Road networks","En_90_10_77","External service areas","SL_32_35","Ground spaces","16/04/2026 11:47 AM","John Marsden-T2D","811"
"3FC","BH85A1","BR82S8","S301","Roof, Lower Roof Level, Substation Building (B) (3.92.5.301)","B005","F0392-B005-S301","STSP Maintenance and Operations Compound (MOC);Substation Building SS05 (B);Roof, Lower Roof Level, Substation Building (B) (3.92.5.301)","F0392","STSP Maintenance and Operations Compound (MOC);Substation Building SS05 (B);Roof, Lower Roof Level, Substation Building (B) (3.92.5.301)","B005","Substation Building SS05 (B)","S301","Roof, Lower Roof Level, Substation Building (B) (3.92.5.301)","3925","Co_80_35_75","Road networks","En_70_30","Electrical power distribution entities","SL_90_60_72","Roof surface spaces","16/04/2026 11:44 AM","John Marsden-T2D","812"
"3FC","BH85C2","SY65B6","S101","Fan Room, Ground Floor Level (3.92.8.101)","B008","F0392-B008-S101","STSP Maintenance and Operational Centre (MOC);Ventilation Facility;Fan Room, Ground Floor Level (3.92.8.101)","F0392","STSP Maintenance and Operational Centre (MOC);Ventilation Facility;Fan Room, Ground Floor Level (3.92.8.101)","B008","Ventilation Facility","S101","Fan Room, Ground Floor Level (3.92.8.101)","3928","Co_80_35_75","Road networks","En_65_40_80","Shaft and tunnel ventilation plant building","SL_55_65","Ventilation and air conditioning spaces","15/04/2026 1:56 PM","John Marsden-T2D","813"
"3FC","BH85C3","SY65B6","S102","Store Room, Ground Floor Level (3.92.8.102)","B008","F0392-B008-S102","STSP Maintenance and Operational Centre (MOC);Ventilation Facility;Store Room, Ground Floor Level (3.92.8.102)","F0392","STSP Maintenance and Operational Centre (MOC);Ventilation Facility;Store Room, Ground Floor Level (3.92.8.102)","B008","Ventilation Facility","S102","Store Room, Ground Floor Level (3.92.8.102)","3928","Co_80_35_75","Road networks","En_65_40_80","Shaft and tunnel ventilation plant building","SL_90_50_84 ","Storage Rooms","15/04/2026 1:56 PM","John Marsden-T2D","814"
"3FC","BH85C4","SY65B6","S103","Electrical Equipment Room, Ground Floor Level (3.92.8.103)","B008","F0392-B008-S103","STSP Maintenance and Operational Centre (MOC);Ventilation Facility;Electrical Equipment Room, Ground Floor Level (3.92.8.103)","F0392","STSP Maintenance and Operational Centre (MOC);Ventilation Facility;Electrical Equipment Room, Ground Floor Level (3.92.8.103)","B008","Ventilation Facility","S103","Electrical Equipment Room, Ground Floor Level (3.92.8.103)","3928","Co_80_35_75","Road networks","En_65_40_80","Shaft and tunnel ventilation plant building","SL_90_90","Plant and control spaces","15/04/2026 1:56 PM","John Marsden-T2D","815"
"3FC","BH85C5","SY65B6","S104","Cable Reticulation A, Ground Floor Level (3.92.8.104)","B008","F0392-B008-S104","STSP Maintenance and Operational Centre (MOC);Ventilation Facility;Cable Reticulation A, Ground Floor Level (3.92.8.104)","F0392","STSP Maintenance and Operational Centre (MOC);Ventilation Facility;Cable Reticulation A, Ground Floor Level (3.92.8.104)","B008","Ventilation Facility","S104","Cable Reticulation A, Ground Floor Level (3.92.8.104)","3928","Co_80_35_75","Road networks","En_65_40_80","Shaft and tunnel ventilation plant building","SL_70_20_89","Transmission cable section","15/04/2026 1:56 PM","John Marsden-T2D","816"
"3FC","BH85C6","SY65B6","S105","Cable Reticulation B, Ground Floor Level (3.92.8.105)","B008","F0392-B008-S105","STSP Maintenance and Operational Centre (MOC);Ventilation Facility;Cable Reticulation B, Ground Floor Level (3.92.8.105)","F0392","STSP Maintenance and Operational Centre (MOC);Ventilation Facility;Cable Reticulation B, Ground Floor Level (3.92.8.105)","B008","Ventilation Facility","S105","Cable Reticulation B, Ground Floor Level (3.92.8.105)","3928","Co_80_35_75","Road networks","En_65_40_80","Shaft and tunnel ventilation plant building","SL_70_20_89","Transmission cable section","15/04/2026 1:56 PM","John Marsden-T2D","817"
"3FC","BH85C7","NE24F1","SB01","Riser (Electrical A) - (3.92.8.106)","B004","F0381-B004-SB01","Southern Tunnel, Southern Portal (STSP);Risers;Riser (Electrical A) - (3.92.8.106)","F0381","Southern Tunnel, Southern Portal (STSP);Risers;Riser (Electrical A) - (3.92.8.106)","B004","Risers","SB01","Riser (Electrical A) - (3.92.8.106)","3814","Co_80_35_75","Road networks","En_80_96_91","Tunnel portals","SL_90_90_78","Services shafts","15/04/2026 1:48 PM","John Marsden-T2D","818"
"3FC","BH85C8","NE24F1","SB02","Riser (Electrical B) - (3.92.8.107)","B004","F0381-B004-SB02","Southern Tunnel, Southern Portal (STSP);Risers;Riser (Electrical B) - (3.92.8.107)","F0381","Southern Tunnel, Southern Portal (STSP);Risers;Riser (Electrical B) - (3.92.8.107)","B004","Risers","SB02","Riser (Electrical B) - (3.92.8.107)","3814","Co_80_35_75","Road networks","En_80_96_91","Tunnel portals","SL_90_90_78","Services shafts","15/04/2026 1:49 PM","John Marsden-T2D","819"
"3FC","BH85C9","NE24F1","SB03","Riser (HYD) - (3.92.8.108)","B004","F0381-B004-SB03","Southern Tunnel, Southern Portal (STSP);Risers;Riser (HYD) - (3.92.8.108)","F0381","Southern Tunnel, Southern Portal (STSP);Risers;Riser (HYD) - (3.92.8.108)","B004","Risers","SB03","Riser (HYD) - (3.92.8.108)","3814","Co_80_35_75","Road networks","En_80_96_91","Tunnel portals","SL_90_90_78","Services shafts","15/04/2026 1:49 PM","John Marsden-T2D","820"
"3FC","BH85D1","NE24F1","SB04","Stair Services  - (3.92.8.109)","B004","F0381-B004-SB04","Southern Tunnel, Southern Portal (STSP);Risers;Stair Services  - (3.92.8.109)","F0381","Southern Tunnel, Southern Portal (STSP);Risers;Stair Services  - (3.92.8.109)","B004","Risers","SB04","Stair Services  - (3.92.8.109)","3814","Co_80_35_75","Road networks","En_80_96_91","Tunnel portals","SL_90_90_78","Services shafts","15/04/2026 1:50 PM","John Marsden-T2D","821"
"3FC","BH85D2","SY65B6","S110","Air-Lock, Ground Floor Level (3.92.8.110)","B008","F0392-B008-S110","STSP Maintenance and Operational Centre (MOC);Ventilation Facility;Air-Lock, Ground Floor Level (3.92.8.110)","F0392","STSP Maintenance and Operational Centre (MOC);Ventilation Facility;Air-Lock, Ground Floor Level (3.92.8.110)","B008","Ventilation Facility","S110","Air-Lock, Ground Floor Level (3.92.8.110)","3928","Co_80_35_75","Road networks","En_65_40_80","Shaft and tunnel ventilation plant building","SL_90_90","Plant and control spaces","15/04/2026 1:57 PM","John Marsden-T2D","822"
"3FC","BH85D3","SY65B6","S111","Invert Fan Plenum, Ground Floor Level (3.92.8.111)","B008","F0392-B008-S111","STSP Maintenance and Operational Centre (MOC);Ventilation Facility;Invert Fan Plenum, Ground Floor Level (3.92.8.111)","F0392","STSP Maintenance and Operational Centre (MOC);Ventilation Facility;Invert Fan Plenum, Ground Floor Level (3.92.8.111)","B008","Ventilation Facility","S111","Invert Fan Plenum, Ground Floor Level (3.92.8.111)","3928","Co_80_35_75","Road networks","En_65_40_80","Shaft and tunnel ventilation plant building","SL_90_90","Plant and control spaces","15/04/2026 1:57 PM","John Marsden-T2D","823"
"3FC","BH85D4","SY65B6","S112","Invert Fan, Ground Floor Level (3.92.8.112)","B008","F0392-B008-S112","STSP Maintenance and Operational Centre (MOC);Ventilation Facility;Invert Fan, Ground Floor Level (3.92.8.112)","F0392","STSP Maintenance and Operational Centre (MOC);Ventilation Facility;Invert Fan, Ground Floor Level (3.92.8.112)","B008","Ventilation Facility","S112","Invert Fan, Ground Floor Level (3.92.8.112)","3928","Co_80_35_75","Road networks","En_65_40_80","Shaft and tunnel ventilation plant building","SL_90_90","Plant and control spaces","15/04/2026 1:57 PM","John Marsden-T2D","824"
"3FC","BH85D5","SY65B6","S113","Invert Louvre Plenum, Ground Floor Level (3.92.8.113)","B008","F0392-B008-S113","STSP Maintenance and Operational Centre (MOC);Ventilation Facility;Invert Louvre Plenum, Ground Floor Level (3.92.8.113)","F0392","STSP Maintenance and Operational Centre (MOC);Ventilation Facility;Invert Louvre Plenum, Ground Floor Level (3.92.8.113)","B008","Ventilation Facility","S113","Invert Louvre Plenum, Ground Floor Level (3.92.8.113)","3928","Co_80_35_75","Road networks","En_65_40_80","Shaft and tunnel ventilation plant building","SL_90_90","Plant and control spaces","15/04/2026 1:57 PM","John Marsden-T2D","825"
"3FC","BH85D6","CL37X1","SC01","Shaft Stairs, Carriageway","B007","F0381-B007-SC01","Southern Tunnel, Southern Portal (STSP);Portal Stairway;Shaft Stairs, Carriageway","F0381","Southern Tunnel, Southern Portal (STSP);Portal Stairway;Shaft Stairs, Carriageway","B007","Portal Stairway","SC01","Shaft Stairs, Carriageway","3817","Co_80_35_75","Road networks","En_80_96_91","Tunnel portals","SL_90_10_87","Stairways","3/07/2026 10:06 AM","John Marsden-T2D","826"
"3FC","NA21C6","CL37X1","SB01","Shaft Stairs, Base Slab Level","B007","F0381-B007-SB01","Southern Tunnel, Southern Portal (STSP);Portal Stairway;Shaft Stairs, Base Slab Level","F0381","Southern Tunnel, Southern Portal (STSP);Portal Stairway;Shaft Stairs, Base Slab Level","B007","Portal Stairway","SB01","Shaft Stairs, Base Slab Level","3817","Co_80_35_75","Road networks","En_80_96_91","Tunnel portals","SL_90_10_87","Stairways","3/07/2026 10:06 AM","John Marsden-T2D","827"
"3FC","BH85D8","SY65B6","S116","Disassembly, Ground Floor Level (3.92.8.116)","B008","F0392-B008-S116","STSP Maintenance and Operational Centre (MOC);Ventilation Facility;Disassembly, Ground Floor Level (3.92.8.116)","F0392","STSP Maintenance and Operational Centre (MOC);Ventilation Facility;Disassembly, Ground Floor Level (3.92.8.116)","B008","Ventilation Facility","S116","Disassembly, Ground Floor Level (3.92.8.116)","3928","Co_80_35_75","Road networks","En_65_40_80","Shaft and tunnel ventilation plant building","SL_30_60","Cleaning and maintenance spaces","15/04/2026 1:57 PM","John Marsden-T2D","828"
"3FC","BH85D9","SY65B6","S117","Cable Trench A, Ground Floor Level (3.92.8.117)","B008","F0392-B008-S117","STSP Maintenance and Operational Centre (MOC);Ventilation Facility;Cable Trench A, Ground Floor Level (3.92.8.117)","F0392","STSP Maintenance and Operational Centre (MOC);Ventilation Facility;Cable Trench A, Ground Floor Level (3.92.8.117)","B008","Ventilation Facility","S117","Cable Trench A, Ground Floor Level (3.92.8.117)","3928","Co_80_35_75","Road networks","En_65_40_80","Shaft and tunnel ventilation plant building","SL_70_20_89","Transmission cable section","15/04/2026 1:57 PM","John Marsden-T2D","829"
"3FC","NA21C7","CL37X1","S101","Shaft Stairs, Ground Floor - (3.81.7.101)","B007","F0381-B007-S101","Southern Tunnel, Southern Portal (STSP);Portal Stairway;Shaft Stairs, Ground Floor - (3.81.7.101)","F0381","Southern Tunnel, Southern Portal (STSP);Portal Stairway;Shaft Stairs, Ground Floor - (3.81.7.101)","B007","Portal Stairway","S101","Shaft Stairs, Ground Floor - (3.81.7.101)","3817","Co_80_35_75","Road networks","En_80_96_91","Tunnel portals","SL_90_10_87","Stairways","3/07/2026 10:07 AM","John Marsden-T2D","830"
"3FC","BH85E2","SY65B6","S202","Fan Plenum, First Floor Level (3.92.8.202)","B008","F0392-B008-S202","STSP Maintenance and Operational Centre (MOC);Ventilation Facility;Fan Plenum, First Floor Level (3.92.8.202)","F0392","STSP Maintenance and Operational Centre (MOC);Ventilation Facility;Fan Plenum, First Floor Level (3.92.8.202)","B008","Ventilation Facility","S202","Fan Plenum, First Floor Level (3.92.8.202)","3928","Co_80_35_75","Road networks","En_65_40_80","Shaft and tunnel ventilation plant building","SL_55_65","Ventilation and air conditioning spaces","15/04/2026 1:59 PM","John Marsden-T2D","831"
"3FC","BH85E3","SY65B6","S203","Fan Plenum Outlet, First Floor Level (3.92.8.203)","B008","F0392-B008-S203","STSP Maintenance and Operational Centre (MOC);Ventilation Facility;Fan Plenum Outlet, First Floor Level (3.92.8.203)","F0392","STSP Maintenance and Operational Centre (MOC);Ventilation Facility;Fan Plenum Outlet, First Floor Level (3.92.8.203)","B008","Ventilation Facility","S203","Fan Plenum Outlet, First Floor Level (3.92.8.203)","3928","Co_80_35_75","Road networks","En_65_40_80","Shaft and tunnel ventilation plant building","SL_55_65","Ventilation and air conditioning spaces","15/04/2026 1:59 PM","John Marsden-T2D","832"
"3FC","BH85E6","SY65B6","S302","Access Stair, Lower Roof Level (3.92.8.302)","B008","F0392-B008-S302","STSP Maintenance and Operational Centre (MOC);Ventilation Facility;Access Stair, Lower Roof Level (3.92.8.302)","F0392","STSP Maintenance and Operational Centre (MOC);Ventilation Facility;Access Stair, Lower Roof Level (3.92.8.302)","B008","Ventilation Facility","S302","Access Stair, Lower Roof Level (3.92.8.302)","3928","Co_80_35_75","Road networks","En_65_40_80","Shaft and tunnel ventilation plant building","SL_90_10_87","Stairways","15/04/2026 1:59 PM","John Marsden-T2D","833"
"3FC","BH85D7","CL37X1","S106","Shaft Stairs, Ground Floor - (3.81.7.106)","B007","F0381-B007-S106","Southern Tunnel, Southern Portal (STSP);Portal Stairway;Shaft Stairs, Ground Floor - (3.81.7.106)","F0381","Southern Tunnel, Southern Portal (STSP);Portal Stairway;Shaft Stairs, Ground Floor - (3.81.7.106)","B007","Portal Stairway","S106","Shaft Stairs, Ground Floor - (3.81.7.106)","3817","Co_80_35_75","Road networks","En_80_96_91","Tunnel portals","SL_90_10_87","Stairways","3/07/2026 10:06 AM","John Marsden-T2D","834"
"3FC","BH85E12","SY65B6","S304","Roof, Lower Roof Level, Ventilation Facility (3.92.8.304)","B008","F0392-B008-S304","STSP Maintenance and Operational Centre (MOC);Ventilation Facility;Roof, Lower Roof Level, Ventilation Facility (3.92.8.304)","F0392","STSP Maintenance and Operational Centre (MOC);Ventilation Facility;Roof, Lower Roof Level, Ventilation Facility (3.92.8.304)","B008","Ventilation Facility","S304","Roof, Lower Roof Level, Ventilation Facility (3.92.8.304)","3928","Co_80_35_75","Road networks","En_65_40_80","Shaft and tunnel ventilation plant building","SL_90_60_72","Roof surface spaces","15/04/2026 2:00 PM","John Marsden-T2D","835"
"3FC","BH85E15","SY65B6","S305","Roof, Plenum Roof Level, Ventilation Facility (3.92.8.305)","B008","F0392-B008-S305","STSP Maintenance and Operational Centre (MOC);Ventilation Facility;Roof, Plenum Roof Level, Ventilation Facility (3.92.8.305)","F0392","STSP Maintenance and Operational Centre (MOC);Ventilation Facility;Roof, Plenum Roof Level, Ventilation Facility (3.92.8.305)","B008","Ventilation Facility","S305","Roof, Plenum Roof Level, Ventilation Facility (3.92.8.305)","3928","Co_80_35_75","Road networks","En_65_40_80","Shaft and tunnel ventilation plant building","SL_90_60_72","Roof surface spaces","15/04/2026 2:00 PM","John Marsden-T2D","836"
"3FC","BH85E18","SY65B6","S301","Roof, First Floor Level, Ventilation Facility (3.92.8.301)","B008","F0392-B008-S301","STSP Maintenance and Operational Centre (MOC);Ventilation Facility;Roof, First Floor Level, Ventilation Facility (3.92.8.301)","F0392","STSP Maintenance and Operational Centre (MOC);Ventilation Facility;Roof, First Floor Level, Ventilation Facility (3.92.8.301)","B008","Ventilation Facility","S301","Roof, First Floor Level, Ventilation Facility (3.92.8.301)","3928","Co_80_35_75","Road networks","En_65_40_80","Shaft and tunnel ventilation plant building","SL_90_60_72","Roof surface spaces","15/04/2026 2:00 PM","John Marsden-T2D","837"
"3FC","BH85E21","SY65B6","S306","Roof, Lower Roof Level, Ventilation Facility (3.92.8.306)","B008","F0392-B008-S306","STSP Maintenance and Operational Centre (MOC);Ventilation Facility;Roof, Lower Roof Level, Ventilation Facility (3.92.8.306)","F0392","STSP Maintenance and Operational Centre (MOC);Ventilation Facility;Roof, Lower Roof Level, Ventilation Facility (3.92.8.306)","B008","Ventilation Facility","S306","Roof, Lower Roof Level, Ventilation Facility (3.92.8.306)","3928","Co_80_35_75","Road networks","En_65_40_80","Shaft and tunnel ventilation plant building","SL_90_60_72","Roof surface spaces","15/04/2026 2:00 PM","John Marsden-T2D","838"
"1","NG07Y0",,"NCRN014","Susan Street",,"NCRN014","Susan Street","NCRN014","Susan Street",,,,,"No Linear Assets Req","Co_80_35_75","Road networks","En_80_35_74","Roads",,,"25/08/2025 2:18 PM","Tay, Bryan","842"
"1","WR56Y8",,"NCRN015","Bennett Street",,"NCRN015","Bennett Street","NCRN015","Bennett Street",,,,,"No Linear Assets Req","Co_80_35_75","Road networks","En_80_35_74","Roads",,,"25/08/2025 2:18 PM","Tay, Bryan","843"
"1","AT51G5",,"NCRN016","Ballantyne Street",,"NCRN016","Ballantyne Street","NCRN016","Ballantyne Street",,,,,"No Linear Assets Req","Co_80_35_75","Road networks","En_80_35_74","Roads",,,"25/08/2025 2:18 PM","Tay, Bryan","844"
"1","DP05A6",,"NCRN017","Walter Street",,"NCRN017","Walter Street","NCRN017","Walter Street",,,,,"No Linear Assets Req","Co_80_35_75","Road networks","En_80_35_74","Roads",,,"25/08/2025 2:18 PM","Tay, Bryan","845"
"1","NE84Q9",,"NCRN018","Hindmarsh Avenue",,"NCRN018","Hindmarsh Avenue","NCRN018","Hindmarsh Avenue",,,,,"No Linear Assets Req","Co_80_35_75","Road networks","En_80_35_74","Roads",,,"25/08/2025 2:18 PM","Tay, Bryan","846"
"1","ZU32A3",,"NCRN019","Gawler Avenue",,"NCRN019","Gawler Avenue","NCRN019","Gawler Avenue",,,,,"No Linear Assets Req","Co_80_35_75","Road networks","En_80_35_74","Roads",,,"25/08/2025 2:18 PM","Tay, Bryan","847"
"1","NG02T3",,"NCRN020","Rosslyn Sttreet",,"NCRN020","Rosslyn Sttreet","NCRN020","Rosslyn Sttreet",,,,,"No Linear Assets Req","Co_80_35_75","Road networks","En_80_35_74","Roads",,,"25/08/2025 2:18 PM","Tay, Bryan","848"
"1","CN41R0",,"NCRN021","William Street",,"NCRN021","William Street","NCRN021","William Street",,,,,"No Linear Assets Req","Co_80_35_75","Road networks","En_80_35_74","Roads",,,"25/08/2025 2:18 PM","Tay, Bryan","849"
"1","DM81S1",,"NCRN022","Birmingham Street",,"NCRN022","Birmingham Street","NCRN022","Birmingham Street",,,,,"No Linear Assets Req","Co_80_35_75","Road networks","En_80_35_74","Roads",,,"25/08/2025 2:18 PM","Tay, Bryan","850"
"1","AJ14Z4",,"NCRN023","Marleston Avenue",,"NCRN023","Marleston Avenue","NCRN023","Marleston Avenue",,,,,"No Linear Assets Req","Co_80_35_75","Road networks","En_80_35_74","Roads",,,"25/08/2025 2:18 PM","Tay, Bryan","851"
"1","GN78J5",,"NCRN024","Alexander Avenue",,"NCRN024","Alexander Avenue","NCRN024","Alexander Avenue",,,,,"No Linear Assets Req","Co_80_35_75","Road networks","En_80_35_74","Roads",,,"25/08/2025 2:18 PM","Tay, Bryan","852"
"1","ZR48M2",,"NCRN025","Albert Street",,"NCRN025","Albert Street","NCRN025","Albert Street",,,,,"No Linear Assets Req","Co_80_35_75","Road networks","En_80_35_74","Roads",,,"25/08/2025 2:18 PM","Tay, Bryan","853"
"1","OG67U9",,"NCRN026","Hare Street",,"NCRN026","Hare Street","NCRN026","Hare Street",,,,,"No Linear Assets Req","Co_80_35_75","Road networks","En_80_35_74","Roads",,,"25/08/2025 2:18 PM","Tay, Bryan","854"
"1","DB94X0",,"NCRN027","Tennyson Street",,"NCRN027","Tennyson Street","NCRN027","Tennyson Street",,,,,"No Linear Assets Req","Co_80_35_75","Road networks","En_80_35_74","Roads",,,"25/08/2025 2:18 PM","Tay, Bryan","855"
"1","EF51R4",,"NCRN028","Chatham Road",,"NCRN028","Chatham Road","NCRN028","Chatham Road",,,,,"No Linear Assets Req","Co_80_35_75","Road networks","En_80_35_74","Roads",,,"25/08/2025 2:18 PM","Tay, Bryan","856"
"1","KI61F1",,"NCRN029","Farnham Road",,"NCRN029","Farnham Road","NCRN029","Farnham Road",,,,,"No Linear Assets Req","Co_80_35_75","Road networks","En_80_35_74","Roads",,,"25/08/2025 2:18 PM","Tay, Bryan","857"
"1","SB70F6",,"NCRN030","Surrfy Road",,"NCRN030","Surrfy Road","NCRN030","Surrfy Road",,,,,"No Linear Assets Req","Co_80_35_75","Road networks","En_80_35_74","Roads",,,"25/08/2025 2:18 PM","Tay, Bryan","858"
"1","BI68U7",,"NCRN031","Sarah Street",,"NCRN031","Sarah Street","NCRN031","Sarah Street",,,,,"No Linear Assets Req","Co_80_35_75","Road networks","En_80_35_74","Roads",,,"25/08/2025 2:18 PM","Tay, Bryan","859"
"1","IU15H0",,"NCRN032","Bakers Road",,"NCRN032","Bakers Road","NCRN032","Bakers Road",,,,,"No Linear Assets Req","Co_80_35_75","Road networks","En_80_35_74","Roads",,,"25/08/2025 2:18 PM","Tay, Bryan","860"
"1","VU55W7",,"NCRN033","George Street",,"NCRN033","George Street","NCRN033","George Street",,,,,"No Linear Assets Req","Co_80_35_75","Road networks","En_80_35_74","Roads",,,"25/08/2025 2:18 PM","Tay, Bryan","861"
"1","NR68K2",,"NCRN034","Bond Street",,"NCRN034","Bond Street","NCRN034","Bond Street",,,,,"No Linear Assets Req","Co_80_35_75","Road networks","En_80_35_74","Roads",,,"25/08/2025 2:18 PM","Tay, Bryan","862"
"1","ZP21D7",,"NCRN035","Tyson Street",,"NCRN035","Tyson Street","NCRN035","Tyson Street",,,,,"No Linear Assets Req","Co_80_35_75","Road networks","En_80_35_74","Roads",,,"25/08/2025 2:18 PM","Tay, Bryan","863"
"1","AI71V0",,"NCRN036","Grosvenor Street",,"NCRN036","Grosvenor Street","NCRN036","Grosvenor Street",,,,,"No Linear Assets Req","Co_80_35_75","Road networks","En_80_35_74","Roads",,,"25/08/2025 2:18 PM","Tay, Bryan","864"
"1","UR68L9",,"NCRN037","Nottingham Crescent",,"NCRN037","Nottingham Crescent","NCRN037","Nottingham Crescent",,,,,"No Linear Assets Req","Co_80_35_75","Road networks","En_80_35_74","Roads",,,"25/08/2025 2:18 PM","Tay, Bryan","865"
"1","QR56J1",,"NCRN038","Maud Street",,"NCRN038","Maud Street","NCRN038","Maud Street",,,,,"No Linear Assets Req","Co_80_35_75","Road networks","En_80_35_74","Roads",,,"25/08/2025 2:18 PM","Tay, Bryan","866"
"1","OI68J9",,"NCRN039","Garland Street",,"NCRN039","Garland Street","NCRN039","Garland Street",,,,,"No Linear Assets Req","Co_80_35_75","Road networks","En_80_35_74","Roads",,,"25/08/2025 2:18 PM","Tay, Bryan","867"
"1","AO15X3",,"NCRN040","Australian Avenue",,"NCRN040","Australian Avenue","NCRN040","Australian Avenue",,,,,"No Linear Assets Req","Co_80_35_75","Road networks","En_80_35_74","Roads",,,"25/08/2025 2:18 PM","Tay, Bryan","868"
"1","EN58B0",,"NCRN041","Rothesay Avenue",,"NCRN041","Rothesay Avenue","NCRN041","Rothesay Avenue",,,,,"No Linear Assets Req","Co_80_35_75","Road networks","En_80_35_74","Roads",,,"25/08/2025 2:18 PM","Tay, Bryan","869"
"1","NE71V5",,"NCRN042","Meriton Avenue",,"NCRN042","Meriton Avenue","NCRN042","Meriton Avenue",,,,,"No Linear Assets Req","Co_80_35_75","Road networks","En_80_35_74","Roads",,,"25/08/2025 2:18 PM","Tay, Bryan","870"
"1","PA53H1",,"NCRN043","Crystal Avenue",,"NCRN043","Crystal Avenue","NCRN043","Crystal Avenue",,,,,"No Linear Assets Req","Co_80_35_75","Road networks","En_80_35_74","Roads",,,"25/08/2025 2:18 PM","Tay, Bryan","871"
"1","MT38M1",,"NCRN044","Lloyd Street",,"NCRN044","Lloyd Street","NCRN044","Lloyd Street",,,,,"No Linear Assets Req","Co_80_35_75","Road networks","En_80_35_74","Roads",,,"25/08/2025 2:18 PM","Tay, Bryan","872"
"1","XN06Y0",,"NCRN045","Tobruk Avenue",,"NCRN045","Tobruk Avenue","NCRN045","Tobruk Avenue",,,,,"No Linear Assets Req","Co_80_35_75","Road networks","En_80_35_74","Roads",,,"25/08/2025 2:18 PM","Tay, Bryan","873"
"1","CP04K4",,"NCRN046","Quinlan Avenue",,"NCRN046","Quinlan Avenue","NCRN046","Quinlan Avenue",,,,,"No Linear Assets Req","Co_80_35_75","Road networks","En_80_35_74","Roads",,,"25/08/2025 2:18 PM","Tay, Bryan","874"
"1","TZ82S8",,"NCRN047","York Avenue",,"NCRN047","York Avenue","NCRN047","York Avenue",,,,,"No Linear Assets Req","Co_80_35_75","Road networks","En_80_35_74","Roads",,,"25/08/2025 2:18 PM","Tay, Bryan","875"
"1","IV90S7",,"NCRN048","Selgar Avenue",,"NCRN048","Selgar Avenue","NCRN048","Selgar Avenue",,,,,"No Linear Assets Req","Co_80_35_75","Road networks","En_80_35_74","Roads",,,"25/08/2025 2:18 PM","Tay, Bryan","876"
"2","OM91Y2","ZW52G5","L001","Manchester Street (MD2B)","NCRN007","NCRN007-L001","Manchester Street;Manchester Street (MD2B)","NCRN007","Manchester Street","L001","Manchester Street (MD2B)",,,"2571","Co_80_35_75","Road networks","En_80_35_74","Roads","SL_80_35_74","Road sections","22/09/2025 3:30 PM","John Marsden-T2D","877"
"2","ZL30K5","NG07Y0","L058","Susan Street (MC58)","NCRN014","NCRN014-L058","Susan Street;Susan Street (MC58)","NCRN014","Susan Street","L058","Susan Street (MC58)",,,"2572","Co_80_35_75","Road networks","En_80_35_74","Roads","SL_80_35_74","Road sections","22/09/2025 3:30 PM","John Marsden-T2D","878"
"2","AK56F9","WR56Y8","L050","Bennett Street (MC5C)","NCRN015","NCRN015-L050","Bennett Street;Bennett Street (MC5C)","NCRN015","Bennett Street","L050","Bennett Street (MC5C)",,,"2573","Co_80_35_75","Road networks","En_80_35_74","Roads","SL_80_35_74","Road sections","22/09/2025 3:30 PM","John Marsden-T2D","879"
"2","UP47Y0","AT51G5","L050","Ballantyne Street (MC5D)","NCRN016","NCRN016-L050","Ballantyne Street;Ballantyne Street (MC5D)","NCRN016","Ballantyne Street","L050","Ballantyne Street (MC5D)",,,"2574","Co_80_35_75","Road networks","En_80_35_74","Roads","SL_80_35_74","Road sections","22/09/2025 3:31 PM","John Marsden-T2D","880"
"2","JT11N9","DP05A6","L051","Walter Street (MC5E)","NCRN017","NCRN017-L051","Walter Street;Walter Street (MC5E)","NCRN017","Walter Street","L051","Walter Street (MC5E)",,,"2575","Co_80_35_75","Road networks","En_80_35_74","Roads","SL_80_35_74","Road sections","22/09/2025 3:31 PM","John Marsden-T2D","881"
"2","RX34W3","NE84Q9","L011","Hindmarsh Avenue (MD11)","NCRN018","NCRN018-L011","Hindmarsh Avenue;Hindmarsh Avenue (MD11)","NCRN018","Hindmarsh Avenue","L011","Hindmarsh Avenue (MD11)",,,"2576","Co_80_35_75","Road networks","En_80_35_74","Roads","SL_80_35_74","Road sections","22/09/2025 3:31 PM","John Marsden-T2D","882"
"2","YX17O7","ZU32A3","L010","Gawler Avenue (MD10)","NCRN019","NCRN019-L010","Gawler Avenue;Gawler Avenue (MD10)","NCRN019","Gawler Avenue","L010","Gawler Avenue (MD10)",,,"2577","Co_80_35_75","Road networks","En_80_35_74","Roads","SL_80_35_74","Road sections","22/09/2025 3:31 PM","John Marsden-T2D","883"
"2","YZ86T7","NG02T3","L021","Rosslyn Sttreet (MD21)","NCRN020","NCRN020-L021","Rosslyn Sttreet;Rosslyn Sttreet (MD21)","NCRN020","Rosslyn Sttreet","L021","Rosslyn Sttreet (MD21)",,,"2578","Co_80_35_75","Road networks","En_80_35_74","Roads","SL_80_35_74","Road sections","22/09/2025 3:31 PM","John Marsden-T2D","884"
"2","GO26G3","CN41R0","L051","William Street (MD2A)","NCRN021","NCRN021-L051","William Street;William Street (MD2A)","NCRN021","William Street","L051","William Street (MD2A)",,,"2579","Co_80_35_75","Road networks","En_80_35_74","Roads","SL_80_35_74","Road sections","22/09/2025 3:31 PM","John Marsden-T2D","885"
"2","OS43W0","DM81S1","L052","Birmingham Street (MD2C)","NCRN022","NCRN022-L052","Birmingham Street;Birmingham Street (MD2C)","NCRN022","Birmingham Street","L052","Birmingham Street (MD2C)",,,"2580","Co_80_35_75","Road networks","En_80_35_74","Roads","SL_80_35_74","Road sections","22/09/2025 3:31 PM","John Marsden-T2D","886"
"2","YW66P7","AJ14Z4","L053","Marleston Avenue (MD2D)","NCRN023","NCRN023-L053","Marleston Avenue;Marleston Avenue (MD2D)","NCRN023","Marleston Avenue","L053","Marleston Avenue (MD2D)",,,"2581","Co_80_35_75","Road networks","En_80_35_74","Roads","SL_80_35_74","Road sections","22/09/2025 3:31 PM","John Marsden-T2D","887"
"2","GM85V1","GN78J5","L054","Alexander Avenue (MD2E)","NCRN024","NCRN024-L054","Alexander Avenue;Alexander Avenue (MD2E)","NCRN024","Alexander Avenue","L054","Alexander Avenue (MD2E)",,,"2582","Co_80_35_75","Road networks","En_80_35_74","Roads","SL_80_35_74","Road sections","22/09/2025 3:31 PM","John Marsden-T2D","888"
"2","RQ90Z6","ZR48M2","L022","Albert Street (MD22)","NCRN025","NCRN025-L022","Albert Street;Albert Street (MD22)","NCRN025","Albert Street","L022","Albert Street (MD22)",,,"2583","Co_80_35_75","Road networks","En_80_35_74","Roads","SL_80_35_74","Road sections","22/09/2025 3:31 PM","John Marsden-T2D","889"
"2","RZ83O4","OG67U9","L054","Hare Street (MD2V)","NCRN026","NCRN026-L054","Hare Street;Hare Street (MD2V)","NCRN026","Hare Street","L054","Hare Street (MD2V)",,,"2584","Co_80_35_75","Road networks","En_80_35_74","Roads","SL_80_35_74","Road sections","22/09/2025 3:31 PM","John Marsden-T2D","890"
"2","LF83B6","DB94X0","L055","Tennyson Street (MD2U)","NCRN027","NCRN027-L055","Tennyson Street;Tennyson Street (MD2U)","NCRN027","Tennyson Street","L055","Tennyson Street (MD2U)",,,"2585","Co_80_35_75","Road networks","En_80_35_74","Roads","SL_80_35_74","Road sections","22/09/2025 3:31 PM","John Marsden-T2D","891"
"2","ZQ86A4","EF51R4","L056","Chatham Road (MC3W)","NCRN028","NCRN028-L056","Chatham Road;Chatham Road (MC3W)","NCRN028","Chatham Road","L056","Chatham Road (MC3W)",,,"2586","Co_80_35_75","Road networks","En_80_35_74","Roads","SL_80_35_74","Road sections","22/09/2025 3:31 PM","John Marsden-T2D","892"
"2","XW98M2","KI61F1","L057","Farnham Road (MC3X)","NCRN029","NCRN029-L057","Farnham Road;Farnham Road (MC3X)","NCRN029","Farnham Road","L057","Farnham Road (MC3X)",,,"2587","Co_80_35_75","Road networks","En_80_35_74","Roads","SL_80_35_74","Road sections","22/09/2025 3:31 PM","John Marsden-T2D","893"
"2","YR72A5","SB70F6","L058","Surrfy Road (MC3Y)","NCRN030","NCRN030-L058","Surrfy Road;Surrfy Road (MC3Y)","NCRN030","Surrfy Road","L058","Surrfy Road (MC3Y)",,,"2588","Co_80_35_75","Road networks","En_80_35_74","Roads","SL_80_35_74","Road sections","22/09/2025 3:31 PM","John Marsden-T2D","894"
"2","WC99A7","BI68U7","L059","Sarah Street (MC3Z)","NCRN031","NCRN031-L059","Sarah Street;Sarah Street (MC3Z)","NCRN031","Sarah Street","L059","Sarah Street (MC3Z)",,,"2589","Co_80_35_75","Road networks","En_80_35_74","Roads","SL_80_35_74","Road sections","22/09/2025 3:31 PM","John Marsden-T2D","895"
"2","WW49D5","IU15H0","L049","Bakers Road (MC49)","NCRN032","NCRN032-L049","Bakers Road;Bakers Road (MC49)","NCRN032","Bakers Road","L049","Bakers Road (MC49)",,,"2590","Co_80_35_75","Road networks","En_80_35_74","Roads","SL_80_35_74","Road sections","22/09/2025 3:31 PM","John Marsden-T2D","896"
"2","JU27H7","VU55W7","L048","George Street (MC3V)","NCRN033","NCRN033-L048","George Street;George Street (MC3V)","NCRN033","George Street","L048","George Street (MC3V)",,,"2591","Co_80_35_75","Road networks","En_80_35_74","Roads","SL_80_35_74","Road sections","22/09/2025 3:31 PM","John Marsden-T2D","897"
"2","HU66A6","NR68K2","L039","Bond Street (MC39)","NCRN034","NCRN034-L039","Bond Street;Bond Street (MC39)","NCRN034","Bond Street","L039","Bond Street (MC39)",,,"2592","Co_80_35_75","Road networks","En_80_35_74","Roads","SL_80_35_74","Road sections","22/09/2025 3:31 PM","John Marsden-T2D","898"
"2","HR20R7","ZP21D7","L023","Tyson Street (MC23)","NCRN035","NCRN035-L023","Tyson Street;Tyson Street (MC23)","NCRN035","Tyson Street","L023","Tyson Street (MC23)",,,"2593","Co_80_35_75","Road networks","En_80_35_74","Roads","SL_80_35_74","Road sections","22/09/2025 3:31 PM","John Marsden-T2D","899"
"2","NH30T5","AI71V0","L024","Grosvenor Street (MC24)","NCRN036","NCRN036-L024","Grosvenor Street;Grosvenor Street (MC24)","NCRN036","Grosvenor Street","L024","Grosvenor Street (MC24)",,,"3571","Co_80_35_75","Road networks","En_80_35_74","Roads","SL_80_35_74","Road sections","22/09/2025 3:31 PM","John Marsden-T2D","900"
"2","RZ38L9","UR68L9","L027","Nottingham Crescent (MC27)","NCRN037","NCRN037-L027","Nottingham Crescent;Nottingham Crescent (MC27)","NCRN037","Nottingham Crescent","L027","Nottingham Crescent (MC27)",,,"3572","Co_80_35_75","Road networks","En_80_35_74","Roads","SL_80_35_74","Road sections","22/09/2025 3:31 PM","John Marsden-T2D","901"
"2","NH38D4","QR56J1","L028","Maud Street (MC28)","NCRN038","NCRN038-L028","Maud Street;Maud Street (MC28)","NCRN038","Maud Street","L028","Maud Street (MC28)",,,"3573","Co_80_35_75","Road networks","En_80_35_74","Roads","SL_80_35_74","Road sections","22/09/2025 3:31 PM","John Marsden-T2D","902"
"2","IG53S2","OI68J9","L060","Garland Street (MC46/MC29)","NCRN039","NCRN039-L060","Garland Street;Garland Street (MC46/MC29)","NCRN039","Garland Street","L060","Garland Street (MC46/MC29)",,,"3574","Co_80_35_75","Road networks","En_80_35_74","Roads","SL_80_35_74","Road sections","22/09/2025 3:31 PM","John Marsden-T2D","903"
"2","DM34U6","AO15X3","L061","Australian Avenue (MC3L)","NCRN040","NCRN040-L061","Australian Avenue;Australian Avenue (MC3L)","NCRN040","Australian Avenue","L061","Australian Avenue (MC3L)",,,"3575","Co_80_35_75","Road networks","En_80_35_74","Roads","SL_80_35_74","Road sections","22/09/2025 3:32 PM","John Marsden-T2D","904"
"2","RY78R4","EN58B0","L062","Rothesay Avenue (MD3Y/MD3P)","NCRN041","NCRN041-L062","Rothesay Avenue;Rothesay Avenue (MD3Y/MD3P)","NCRN041","Rothesay Avenue","L062","Rothesay Avenue (MD3Y/MD3P)",,,"3576","Co_80_35_75","Road networks","En_80_35_74","Roads","SL_80_35_74","Road sections","22/09/2025 3:32 PM","John Marsden-T2D","905"
"2","PU81K7","NE71V5","L063","Meriton Avenue (MD3E)","NCRN042","NCRN042-L063","Meriton Avenue;Meriton Avenue (MD3E)","NCRN042","Meriton Avenue","L063","Meriton Avenue (MD3E)",,,"3577","Co_80_35_75","Road networks","En_80_35_74","Roads","SL_80_35_74","Road sections","22/09/2025 3:32 PM","John Marsden-T2D","906"
"2","UW84J6","PA53H1","L064","Crystal Avenue (MD3Z)","NCRN043","NCRN043-L064","Crystal Avenue;Crystal Avenue (MD3Z)","NCRN043","Crystal Avenue","L064","Crystal Avenue (MD3Z)",,,"3578","Co_80_35_75","Road networks","En_80_35_74","Roads","SL_80_35_74","Road sections","22/09/2025 3:32 PM","John Marsden-T2D","907"
"2","VX81B2","MT38M1","L065","Lloyd Street (MD3G)","NCRN044","NCRN044-L065","Lloyd Street;Lloyd Street (MD3G)","NCRN044","Lloyd Street","L065","Lloyd Street (MD3G)",,,"3579","Co_80_35_75","Road networks","En_80_35_74","Roads","SL_80_35_74","Road sections","22/09/2025 3:32 PM","John Marsden-T2D","908"
"2","LT46M6","XN06Y0","L066","Tobruk Avenue (MD3H)","NCRN045","NCRN045-L066","Tobruk Avenue;Tobruk Avenue (MD3H)","NCRN045","Tobruk Avenue","L066","Tobruk Avenue (MD3H)",,,"3580","Co_80_35_75","Road networks","En_80_35_74","Roads","SL_80_35_74","Road sections","22/09/2025 3:32 PM","John Marsden-T2D","909"
"2","IL67N4","CP04K4","L067","Quinlan Avenue (MD3J)","NCRN046","NCRN046-L067","Quinlan Avenue;Quinlan Avenue (MD3J)","NCRN046","Quinlan Avenue","L067","Quinlan Avenue (MD3J)",,,"3581","Co_80_35_75","Road networks","En_80_35_74","Roads","SL_80_35_74","Road sections","22/09/2025 3:32 PM","John Marsden-T2D","910"
"2","YL61S1","TZ82S8","L068","York Avenue (MD3Y)","NCRN047","NCRN047-L068","York Avenue;York Avenue (MD3Y)","NCRN047","York Avenue","L068","York Avenue (MD3Y)",,,"3582","Co_80_35_75","Road networks","En_80_35_74","Roads","SL_80_35_74","Road sections","22/09/2025 3:32 PM","John Marsden-T2D","911"
"2","GA26B4","IV90S7","L069","Selgar Avenue (MD3B)","NCRN048","NCRN048-L069","Selgar Avenue;Selgar Avenue (MD3B)","NCRN048","Selgar Avenue","L069","Selgar Avenue (MD3B)",,,"3583","Co_80_35_75","Road networks","En_80_35_74","Roads","SL_80_35_74","Road sections","22/09/2025 3:32 PM","John Marsden-T2D","912"
"3FC","FX65G7","GS01H1","SC01","Electrical Equipment Room, Carriageway Level","B000","F0381-B000-SC01","Southern Tunnel, Southern Portal (STSP);Electrical Equipment Room;Electrical Equipment Room, Carriageway Level","F0381","Southern Tunnel, Southern Portal (STSP);Electrical Equipment Room;Electrical Equipment Room, Carriageway Level","B000","Electrical Equipment Room","SC01","Electrical Equipment Room, Carriageway Level","3810,3815","Co_80_35_75","Road networks","En_80_96_91","Tunnel portals","SL_70_30","Electricity distribution spaces","15/04/2026 2:05 PM","John Marsden-T2D","917"
"3FC","ZK47I4","FD86F8","SC01","Fire Suppression Room, Carriageway Level","B002","F0381-B002-SC01","Southern Tunnel, Southern Portal (STSP);Electrical Equipment Room;Fire Suppression Room, Carriageway Level","F0381","Southern Tunnel, Southern Portal (STSP);Electrical Equipment Room;Fire Suppression Room, Carriageway Level","B002","Electrical Equipment Room","SC01","Fire Suppression Room, Carriageway Level","3812","Co_80_35_75","Road networks","En_80_96_91","Tunnel portals","SL_20_95_32","Fire suppression zones","15/04/2026 1:46 PM","John Marsden-T2D","918"
"3FC","TM47G8","WX60W7","SB01","Area 1, Base Slab Level","B003","F0381-B003-SB01","Southern Tunnel, Southern Portal (STSP);General Areas;Area 1, Base Slab Level","F0381","Southern Tunnel, Southern Portal (STSP);General Areas;Area 1, Base Slab Level","B003","General Areas","SB01","Area 1, Base Slab Level","3813","Co_80_35_75","Road networks","En_80_96_91","Tunnel portals","SL_90","General Spaces","15/04/2026 1:47 PM","John Marsden-T2D","919"
"2FC","JA28S6","HI17L1","B000","Electrical Equipment Room","F0280","F0280-B000","Northern Tunnel, Northern  Portal (NTNP);Electrical Equipment Room","F0280","Northern Tunnel, Northern  Portal (NTNP);Electrical Equipment Room","B000","Electrical Equipment Room",,,"2800","Co_80_35_75","Road networks","En_80_96_91","Tunnel portals",,"Electricity distribution spaces","5/03/2026 2:29 PM","John Marsden-T2D","921"
"2FC","RC81G8","HI17L1","B002","Fire Suppression Room","F0280","F0280-B002","Northern Tunnel, Northern  Portal (NTNP);Fire Suppression Room","F0280","Northern Tunnel, Northern  Portal (NTNP);Fire Suppression Room","B002","Fire Suppression Room",,,"2802","Co_80_35_75","Road networks","En_80_96_91","Tunnel portals",,"Fire suppression zones","5/03/2026 2:32 PM","John Marsden-T2D","922"
"2FC","KP51K1","HI17L1","B003","General Areas","F0280","F0280-B003","Northern Tunnel, Northern  Portal (NTNP);General Areas","F0280","Northern Tunnel, Northern  Portal (NTNP);General Areas","B003","General Areas",,,"2803","Co_80_35_75","Road networks","En_80_96_91","Tunnel portals","SL_90","General Spaces","5/03/2026 3:07 PM","John Marsden-T2D","923"
"3SE","SZ38B0","WP98A4","SN005","NTNP Electrical Equipment Room (B) Sub Node","N280","06203-N280-SN005","North South Motorway;Northern Tunnel, Northern Portal (NTNP);NTNP Electrical Equipment Room (B) Sub Node","06203","North South Motorway;Northern Tunnel, Northern Portal (NTNP);NTNP Electrical Equipment Room (B) Sub Node","N280","Northern Tunnel, Northern Portal (NTNP)","SN005","NTNP Electrical Equipment Room (B) Sub Node","2805","Co_80_35_75","Road networks","En_80_96_91","Tunnel portals","SL_70_30","Electricity distribution spaces","21/08/2025 5:38 PM","Tay, Bryan","924"
"3FC","AV54G3","AP42C9","SC01","Electrical Equipment Room","B000","F0281-B000-SC01","Northern Tunnel, Southern  Portal (NTSP);Electrical Equipment Room;Electrical Equipment Room","F0281","Northern Tunnel, Southern  Portal (NTSP);Electrical Equipment Room;Electrical Equipment Room","B000","Electrical Equipment Room","SC01","Electrical Equipment Room","2810","Co_80_35_75","Road networks","En_80_96_91","Tunnel portals","SL_70_30","Electricity distribution spaces","24/06/2026 12:25 PM","John Marsden-T2D","925"
"3FC","VU80S3","DV92R9","SC01","Fire Suppression Room","B002","F0281-B002-SC01","Northern Tunnel, Southern  Portal (NTSP);Electrical Equipment Room;Fire Suppression Room","F0281","Northern Tunnel, Southern  Portal (NTSP);Electrical Equipment Room;Fire Suppression Room","B002","Electrical Equipment Room","SC01","Fire Suppression Room","2812","Co_80_35_75","Road networks","En_80_96_91","Tunnel portals","SL_20_95_32","Fire suppression zones","24/06/2026 12:26 PM","John Marsden-T2D","926"
"3FC","NR71G2","WJ96C3","SB01","Area 1, Base Slab","B003","F0281-B003-SB01","Northern Tunnel, Southern  Portal (NTSP);General Areas;Area 1, Base Slab","F0281","Northern Tunnel, Southern  Portal (NTSP);General Areas;Area 1, Base Slab","B003","General Areas","SB01","Area 1, Base Slab","2813","Co_80_35_75","Road networks","En_80_96_91","Tunnel portals","SL_90","General Spaces","24/06/2026 12:26 PM","John Marsden-T2D","927"
"2","EN93N1","MM06K2","L243","SouthBound Off-ramp to Anzac Highway EastBound (MC4A)","62043","62043-L243","South Road;SouthBound Off-ramp to Anzac Highway EastBound (MC4A)","62043","South Road","L243","SouthBound Off-ramp to Anzac Highway EastBound (MC4A)",,,"2412","Co_80_35_75","Road networks","En_80_35_74","Roads","SL_80_35_74","Road sections","21/08/2025 5:08 PM","Tay, Bryan","929"
"2","WU02D1","MM06K2","L248","Anzac Highway Eastbound Loop Ramp (MC4B)","62043","62043-L248","South Road;Anzac Highway Eastbound Loop Ramp (MC4B)","62043","South Road","L248","Anzac Highway Eastbound Loop Ramp (MC4B)",,,"2413","Co_80_35_75","Road networks","En_80_35_74","Roads","SL_80_35_74","Road sections","21/08/2025 5:08 PM","Tay, Bryan","930"
"2","WT87Z3","MM06K2","L245","NorthBound Off-ramp to Anzac Highway WestBound (MC4C)","62043","62043-L245","South Road;NorthBound Off-ramp to Anzac Highway WestBound (MC4C)","62043","South Road","L245","NorthBound Off-ramp to Anzac Highway WestBound (MC4C)",,,"2415","Co_80_35_75","Road networks","En_80_35_74","Roads","SL_80_35_74","Road sections","21/08/2025 5:08 PM","Tay, Bryan","931"
"2","CV75P7","MM06K2","L246","Anzac Highway Westbound Loop Ramp (MC4D)","62043","62043-L246","South Road;Anzac Highway Westbound Loop Ramp (MC4D)","62043","South Road","L246","Anzac Highway Westbound Loop Ramp (MC4D)",,,"2416","Co_80_35_75","Road networks","En_80_35_74","Roads","SL_80_35_74","Road sections","21/08/2025 5:08 PM","Tay, Bryan","932"
"2FC","GR23I4","GN81C9","B000","Substation Building SS03  (A)","F0390","F0390-B000","STNP Maintenance and Operations Compound (MOC);Substation Building SS03  (A)","F0390","STNP Maintenance and Operations Compound (MOC);Substation Building SS03  (A)","B000","Substation Building SS03  (A)",,,"3900","Co_80_35_75","Road networks","En_80_35_77","Service area buildings","SL_70_30_83","Substation bays","30/04/2026 10:58 AM","John Marsden-T2D","933"
"2FC","RT10Z2","GN81C9","B005","Substation Building SS03  (B)","F0390","F0390-B005","STNP Maintenance and Operations Compound (MOC);Substation Building SS03  (B)","F0390","STNP Maintenance and Operations Compound (MOC);Substation Building SS03  (B)","B005","Substation Building SS03  (B)",,,"3905","Co_80_35_75","Road networks","En_80_35_77","Service area buildings","SL_70_30_83","Substation bays","30/04/2026 10:58 AM","John Marsden-T2D","934"
"2FC","SK36U4","GN81C9","B001","Fire Pump Room","F0390","F0390-B001","STNP Maintenance and Operations Compound (MOC);Fire Pump Room","F0390","STNP Maintenance and Operations Compound (MOC);Fire Pump Room","B001","Fire Pump Room",,,"3901","Co_80_35_75","Road networks","En_80_35_77","Service area buildings","SL_55_30"," Fire-extinguishing supply spaces","30/04/2026 10:58 AM","John Marsden-T2D","935"
"2FC","SE82N8","GN81C9","B003","Computer Equipment Room","F0390","F0390-B003","STNP Maintenance and Operations Compound (MOC);Computer Equipment Room","F0390","STNP Maintenance and Operations Compound (MOC);Computer Equipment Room","B003","Computer Equipment Room",,,"3903","Co_80_35_75","Road networks","En_80_35_77","Service area buildings","SL_90_90_77","Server rooms","30/04/2026 10:58 AM","John Marsden-T2D","936"
"2FC","BZ69P3","GN81C9","B007","Fire Tank Yard","F0390","F0390-B007","STNP Maintenance and Operations Compound (MOC);Fire Tank Yard","F0390","STNP Maintenance and Operations Compound (MOC);Fire Tank Yard","B007","Fire Tank Yard",,,"3907","Co_80_35_75","Road networks","En_55_30","Fire-extinguishing supply entities","SL_55_30"," Fire-extinguishing supply spaces","30/04/2026 10:58 AM","John Marsden-T2D","937"
"2FC","DO53T7","GN81C9","B008","Ventilation Facility","F0390","F0390-B008","STNP Maintenance and Operations Compound (MOC);Ventilation Facility","F0390","STNP Maintenance and Operations Compound (MOC);Ventilation Facility","B008","Ventilation Facility",,,"3908","Co_80_35_75","Road networks","En_65_40_80","Shaft and tunnel ventilation plant building",,,"30/04/2026 10:58 AM","John Marsden-T2D","938"
"2FC","DZ04O8","GN81C9","B009","Within MOC Facility Boundary","F0390","F0390-B009","STNP Maintenance and Operations Compound (MOC);Within MOC Facility Boundary","F0390","STNP Maintenance and Operations Compound (MOC);Within MOC Facility Boundary","B009","Within MOC Facility Boundary",,,"3909","Co_80_35_75","Road networks","En_90_10_77","External service areas","SL_32_35","Ground spaces","30/04/2026 10:58 AM","John Marsden-T2D","939"
"2FC","YY90I9","AZ28Z8","B000","Substation Building SS04 (A), STMP Substation & Tunnel Vertical Shaft","F0391","F0391-B000","STMP Substation & Tunnel Vertical Shaft;Substation Building SS04 (A), STMP Substation & Tunnel Vertical Shaft","F0391","STMP Substation & Tunnel Vertical Shaft;Substation Building SS04 (A), STMP Substation & Tunnel Vertical Shaft","B000","Substation Building SS04 (A), STMP Substation & Tunnel Vertical Shaft",,,"3910","Co_80_35_75","Road networks","En_80_35_77","Service area buildings","SL_70_30_83","Substation bays","7/04/2026 2:14 PM","Bird, Cheyne","940"
"2FC","ZZ10O9","AZ28Z8","B005","Substation Building SS04 (B), STMP Substation & Tunnel Vertical Shaft","F0391","F0391-B005","STMP Substation & Tunnel Vertical Shaft;Substation Building SS04 (B), STMP Substation & Tunnel Vertical Shaft","F0391","STMP Substation & Tunnel Vertical Shaft;Substation Building SS04 (B), STMP Substation & Tunnel Vertical Shaft","B005","Substation Building SS04 (B), STMP Substation & Tunnel Vertical Shaft",,,"3915","Co_80_35_75","Road networks","En_80_35_77","Service area buildings","SL_70_30_83","Substation bays","7/04/2026 2:14 PM","Bird, Cheyne","941"
"2FC","LM66R6","AZ28Z8","B009","Within MOC Facility Boundary, STMP Substation & Tunnel Vertical Shaft","F0391","F0391-B009","STMP Substation & Tunnel Vertical Shaft;Within MOC Facility Boundary, STMP Substation & Tunnel Vertical Shaft","F0391","STMP Substation & Tunnel Vertical Shaft;Within MOC Facility Boundary, STMP Substation & Tunnel Vertical Shaft","B009","Within MOC Facility Boundary, STMP Substation & Tunnel Vertical Shaft",,,"3918,3919","Co_80_35_75","Road networks","En_90_10_77","External service areas","SL_32_35","Ground spaces","2/07/2026 2:17 PM","Bird, Cheyne","947"
"2FC","YG70U2","HP53Y6","B000","Substation Building SS02 (A)","F0291","F0291-B000","NTSP Maintenance and Operations Compound (MOC);Substation Building SS02 (A)","F0291","NTSP Maintenance and Operations Compound (MOC);Substation Building SS02 (A)","B000","Substation Building SS02 (A)",,,"2910","Co_80_35_75","Road networks","En_80_35_77","Service area buildings","SL_70_30_83","Substation bays","24/06/2026 12:13 PM","John Marsden-T2D","948"
"2FC","XG24N4","HP53Y6","B005","Substation Building SS02 (B)","F0291","F0291-B005","NTSP Maintenance and Operations Compound (MOC);Substation Building SS02 (B)","F0291","NTSP Maintenance and Operations Compound (MOC);Substation Building SS02 (B)","B005","Substation Building SS02 (B)",,,"2915","Co_80_35_75","Road networks","En_80_35_77","Service area buildings","SL_70_30_83","Substation bays","24/06/2026 12:13 PM","John Marsden-T2D","949"
"2FC","LP29R8","HP53Y6","B003","Computer Equipment Room","F0291","F0291-B003","NTSP Maintenance and Operations Compound (MOC);Computer Equipment Room","F0291","NTSP Maintenance and Operations Compound (MOC);Computer Equipment Room","B003","Computer Equipment Room",,,"2913","Co_80_35_75","Road networks","En_80_35_77","Service area buildings","SL_90_90_77","Server rooms","24/06/2026 12:13 PM","John Marsden-T2D","950"
"2FC","TW11K9","HP53Y6","B006","Water Treatment Facility","F0291","F0291-B006","NTSP Maintenance and Operations Compound (MOC);Water Treatment Facility","F0291","NTSP Maintenance and Operations Compound (MOC);Water Treatment Facility","B006","Water Treatment Facility",,,"2916","Co_80_35_75","Road networks","En_50_75","Wastewater storage, treatment and disposal",,,"24/06/2026 12:14 PM","John Marsden-T2D","953"
"2FC","WZ17S0","HP53Y6","B008","Ventilation Facility","F0291","F0291-B008","NTSP Maintenance and Operations Compound (MOC);Ventilation Facility","F0291","NTSP Maintenance and Operations Compound (MOC);Ventilation Facility","B008","Ventilation Facility",,,"2918","Co_80_35_75","Road networks","En_65_40_80","Shaft and tunnel ventilation plant building",,,"24/06/2026 12:14 PM","John Marsden-T2D","954"
"2FC","HJ53R4","HP53Y6","B009","Within MOC Facility Boundary","F0291","F0291-B009","NTSP Maintenance and Operations Compound (MOC);Within MOC Facility Boundary","F0291","NTSP Maintenance and Operations Compound (MOC);Within MOC Facility Boundary","B009","Within MOC Facility Boundary",,,"2919","Co_80_35_75","Road networks","En_90_10_77","External service areas","SL_32_35","Ground spaces","24/06/2026 12:14 PM","John Marsden-T2D","955"
"2FC","EG59C7","HI17L0","B000","Substation Building (A)","F0290","F0290-B000","NTNP Maintenance and Operational Centre (MOC);Substation Building (A)","F0290","NTNP Maintenance and Operational Centre (MOC)","B000","Substation Building (A)",,,"2900","Co_80_35_75","Road networks","En_80_35_77","Service area buildings","SL_70_30_83","Substation bays","21/08/2025 5:24 PM","Tay, Bryan","956"
"2FC","SF76Q4","HI17L0","B005","Substation Building (B)","F0290","F0290-B005","NTNP Maintenance and Operational Centre (MOC);Substation Building (B)","F0290","NTNP Maintenance and Operational Centre (MOC)","B005","Substation Building (B)",,,"2905","Co_80_35_75","Road networks","En_80_35_77","Service area buildings","SL_70_30_83","Substation bays","21/08/2025 5:24 PM","Tay, Bryan","957"
"2FC","SH36A8","HI17L0","B003","Computer Equipment Room","F0290","F0290-B003","NTNP Maintenance and Operational Centre (MOC);Computer Equipment Room","F0290","NTNP Maintenance and Operational Centre (MOC)","B003","Computer Equipment Room",,,"2903","Co_80_35_75","Road networks","En_80_35_77","Service area buildings","SL_90_90_77","Server rooms","21/08/2025 5:25 PM","Tay, Bryan","958"
"2FC","XL94L8","HI17L0","B004","Tunnel Monitoring Facility","F0290","F0290-B004","NTNP Maintenance and Operational Centre (MOC);Tunnel Monitoring Facility","F0290","NTNP Maintenance and Operational Centre (MOC)","B004","Tunnel Monitoring Facility",,,"2904","Co_80_35_75","Road networks","En_90_90","Plant and control entities","SL_75_70","Control and management spaces","21/08/2025 5:26 PM","Tay, Bryan","959"
"2FC","PQ44R3","HI17L0","B002","Mobile Carrier Building","F0290","F0290-B002","NTNP Maintenance and Operational Centre (MOC);Mobile Carrier Building","F0290","NTNP Maintenance and Operational Centre (MOC)","B002","Mobile Carrier Building",,,"2902","Co_80_35_75","Road networks","En_90_90","Plant and control entities",,,"21/08/2025 5:08 PM","Tay, Bryan","960"
"2FC","XD01S3","HI17L0","B006","Water Treatment Facility","F0290","F0290-B006","NTNP Maintenance and Operational Centre (MOC);Water Treatment Facility","F0290","NTNP Maintenance and Operational Centre (MOC)","B006","Water Treatment Facility",,,"2906","Co_80_35_75","Road networks","En_50_75","Wastewater storage, treatment and disposal",,,"21/08/2025 5:08 PM","Tay, Bryan","961"
"2FC","SN27P3","HI17L0","B008","Ventilation Facility","F0290","F0290-B008","NTNP Maintenance and Operational Centre (MOC);Ventilation Facility","F0290","NTNP Maintenance and Operational Centre (MOC)","B008","Ventilation Facility",,,"2908","Co_80_35_75","Road networks","En_65_40_80","Shaft and tunnel ventilation plant building",,,"21/08/2025 5:08 PM","Tay, Bryan","962"
"2FC","NK47M9","HI17L0","B009","Within MOC Facility Boundary","F0290","F0290-B009","NTNP Maintenance and Operational Centre (MOC);Within MOC Facility Boundary","F0290","NTNP Maintenance and Operational Centre (MOC)","B009","Within MOC Facility Boundary",,,"2909","Co_80_35_75","Road networks","En_90_10_77","External service areas","SL_32_35","Ground spaces","21/08/2025 5:25 PM","Tay, Bryan","963"
"3FC","EF68A5","GR23I4","S001","Cable Trench A, Basement Level (3.90.0.001)","B000","F0390-B000-S001","STNP Maintenance and Operations Compound (MOC);Substation Building SS03  (A);Cable Trench A, Basement Level (3.90.0.001)","F0390","STNP Maintenance and Operations Compound (MOC);Substation Building SS03  (A);Cable Trench A, Basement Level (3.90.0.001)","B000","Substation Building SS03  (A)","S001","Cable Trench A, Basement Level (3.90.0.001)","3900","Co_80_35_75","Road networks","En_70_30","Electrical power distribution entities","SL_70_20_89","Transmission cable section","30/04/2026 11:00 AM","John Marsden-T2D","964"
"3FC","EF15E3","GR23I4","S101","HV Switch A, HV Ground Floor Level (3.90.0.101)","B000","F0390-B000-S101","STNP Maintenance and Operations Compound (MOC);Substation Building SS03  (A);HV Switch A, HV Ground Floor Level (3.90.0.101)","F0390","STNP Maintenance and Operations Compound (MOC);Substation Building SS03  (A);HV Switch A, HV Ground Floor Level (3.90.0.101)","B000","Substation Building SS03  (A)","S101","HV Switch A, HV Ground Floor Level (3.90.0.101)","3900","Co_80_35_75","Road networks","En_70_30","Electrical power distribution entities","SL_90_90_85","Switch rooms","30/04/2026 11:00 AM","John Marsden-T2D","965"
"3FC","UN32F8","GR23I4","S102","LV Cable A, Ground Floor Level (3.90.0.102)","B000","F0390-B000-S102","STNP Maintenance and Operations Compound (MOC);Substation Building SS03  (A);LV Cable A, Ground Floor Level (3.90.0.102)","F0390","STNP Maintenance and Operations Compound (MOC);Substation Building SS03  (A);LV Cable A, Ground Floor Level (3.90.0.102)","B000","Substation Building SS03  (A)","S102","LV Cable A, Ground Floor Level (3.90.0.102)","3900","Co_80_35_75","Road networks","En_70_30","Electrical power distribution entities","SL_70_20_89","Transmission cable section","30/04/2026 11:00 AM","John Marsden-T2D","966"
"3FC","CD24C4","GR23I4","S103","Transformer Yard A, Ground Floor Level (3.90.0.103)","B000","F0390-B000-S103","STNP Maintenance and Operations Compound (MOC);Substation Building SS03  (A);Transformer Yard A, Ground Floor Level (3.90.0.103)","F0390","STNP Maintenance and Operations Compound (MOC);Substation Building SS03  (A);Transformer Yard A, Ground Floor Level (3.90.0.103)","B000","Substation Building SS03  (A)","S103","Transformer Yard A, Ground Floor Level (3.90.0.103)","3900","Co_80_35_75","Road networks","En_70_30","Electrical power distribution entities","SL_70_20_64 ","Power transformer equipment bay","30/04/2026 11:00 AM","John Marsden-T2D","967"
"3FC","ZE76P1","GR23I4","S201","LV Switch A, First Floor Level (3.90.0.201)","B000","F0390-B000-S201","STNP Maintenance and Operations Compound (MOC);Substation Building SS03  (A);LV Switch A, First Floor Level (3.90.0.201)","F0390","STNP Maintenance and Operations Compound (MOC);Substation Building SS03  (A);LV Switch A, First Floor Level (3.90.0.201)","B000","Substation Building SS03  (A)","S201","LV Switch A, First Floor Level (3.90.0.201)","3900","Co_80_35_75","Road networks","En_70_30","Electrical power distribution entities","SL_90_90_85","Switch rooms","30/04/2026 11:00 AM","John Marsden-T2D","968"
"3FC","HF53V8","GR23I4","S301","Roof, Roof Level, Substation Building (A) (3.90.0.301)","B000","F0390-B000-S301","STNP Maintenance and Operations Compound (MOC);Substation Building SS03  (A);Roof, Roof Level, Substation Building (A) (3.90.0.301)","F0390","STNP Maintenance and Operations Compound (MOC);Substation Building SS03  (A);Roof, Roof Level, Substation Building (A) (3.90.0.301)","B000","Substation Building SS03  (A)","S301","Roof, Roof Level, Substation Building (A) (3.90.0.301)","3900","Co_80_35_75","Road networks","En_70_30","Electrical power distribution entities","SL_90_60_72","Roof surface spaces","30/04/2026 11:00 AM","John Marsden-T2D","969"
"3FC","BD30Z4","GR23I4","S302","Roof, Roof Level, Substation Building (A) (3.90.0.302)","B000","F0390-B000-S302","STNP Maintenance and Operations Compound (MOC);Substation Building SS03  (A);Roof, Roof Level, Substation Building (A) (3.90.0.302)","F0390","STNP Maintenance and Operations Compound (MOC);Substation Building SS03  (A);Roof, Roof Level, Substation Building (A) (3.90.0.302)","B000","Substation Building SS03  (A)","S302","Roof, Roof Level, Substation Building (A) (3.90.0.302)","3900","Co_80_35_75","Road networks","En_70_30","Electrical power distribution entities","SL_90_60_72","Roof surface spaces","30/04/2026 11:00 AM","John Marsden-T2D","970"
"3FC","YO29U7","SK36U4","S101","Fire Pump Room, Ground Floor Level (3.90.1.101)","B001","F0390-B001-S101","STNP Maintenance and Operations Compound (MOC);Fire Pump Room;Fire Pump Room, Ground Floor Level (3.90.1.101)","F0390","STNP Maintenance and Operations Compound (MOC);Fire Pump Room;Fire Pump Room, Ground Floor Level (3.90.1.101)","B001","Fire Pump Room","S101","Fire Pump Room, Ground Floor Level (3.90.1.101)","3901","Co_80_35_75","Road networks","En_55_30","Fire-extinguishing supply entities","SL_55_30","Fire-extinguishing supply spaces","30/04/2026 11:03 AM","John Marsden-T2D","971"
"3FC","GV85N8","SK36U4","S301","Roof, Roof Level, Fire Pump (3.90.1.301)","B001","F0390-B001-S301","STNP Maintenance and Operations Compound (MOC);Fire Pump Room;Roof, Roof Level, Fire Pump (3.90.1.301)","F0390","STNP Maintenance and Operations Compound (MOC);Fire Pump Room;Roof, Roof Level, Fire Pump (3.90.1.301)","B001","Fire Pump Room","S301","Roof, Roof Level, Fire Pump (3.90.1.301)","3901","Co_80_35_75","Road networks","En_55_30","Fire-extinguishing supply entities","SL_90_60_72","Roof surface spaces","30/04/2026 11:03 AM","John Marsden-T2D","972"
"3FC","IL11S9","SE82N8","S101","Computer Equipment, Ground Floor Level (3.90.3.101)","B003","F0390-B003-S101","STNP Maintenance and Operations Compound (MOC);Computer Equipment Room;Computer Equipment, Ground Floor Level (3.90.3.101)","F0390","STNP Maintenance and Operations Compound (MOC);Computer Equipment Room;Computer Equipment, Ground Floor Level (3.90.3.101)","B003","Computer Equipment Room","S101","Computer Equipment, Ground Floor Level (3.90.3.101)","3903","Co_80_35_75","Road networks","En_90_90","Plant and control entities","SL_75_70","Control and management spaces","30/04/2026 11:05 AM","John Marsden-T2D","973"
"3FC","FM07X4","SE82N8","S301","Roof, Roof Level, Computer Equipment Room (3.90.3.301)","B003","F0390-B003-S301","STNP Maintenance and Operations Compound (MOC);Computer Equipment Room;Roof, Roof Level, Computer Equipment Room (3.90.3.301)","F0390","STNP Maintenance and Operations Compound (MOC);Computer Equipment Room;Roof, Roof Level, Computer Equipment Room (3.90.3.301)","B003","Computer Equipment Room","S301","Roof, Roof Level, Computer Equipment Room (3.90.3.301)","3903","Co_80_35_75","Road networks","En_90_90","Plant and control entities","SL_90_60_72","Roof surface spaces","30/04/2026 11:05 AM","John Marsden-T2D","974"
"3FC","OI81ZZ","RT10Z2","S001","Cable Trench B, Basement Level (3.90.5.001)",,"F0390-B005-S001","STNP Maintenance and Operations Compound (MOC);Substation Building SS03  (B);Cable Trench B, Basement Level (3.90.5.001)","F0390","STNP Maintenance and Operations Compound (MOC);Substation Building SS03  (B);Cable Trench B, Basement Level (3.90.5.001)","B005","Substation Building SS03  (B)","S001","Cable Trench B, Basement Level (3.90.5.001)","3905","Co_80_35_75","Road networks","En_70_30","Electrical power distribution entities","SL_70_20_89","Transmission cable section","30/04/2026 11:09 AM","John Marsden-T2D","975"
"3FC","JU8312","RT10Z2","S101","HV Switch B, HV Ground Floor Level (3.90.5.101)","B005","F0390-B005-S101","STNP Maintenance and Operations Compound (MOC);Substation Building SS03  (B);HV Switch B, HV Ground Floor Level (3.90.5.101)","F0390","STNP Maintenance and Operations Compound (MOC);Substation Building SS03  (B);HV Switch B, HV Ground Floor Level (3.90.5.101)","B005","Substation Building SS03  (B)","S101","HV Switch B, HV Ground Floor Level (3.90.5.101)","3905","Co_80_35_75","Road networks","En_70_30","Electrical power distribution entities","SL_90_90_85","Switch rooms","30/04/2026 11:09 AM","John Marsden-T2D","976"
"3FC","NF6134","RT10Z2","S102","LV Cable B, Ground Floor Level (3.90.5.102)","B005","F0390-B005-S102","STNP Maintenance and Operations Compound (MOC);Substation Building SS03  (B);LV Cable B, Ground Floor Level (3.90.5.102)","F0390","STNP Maintenance and Operations Compound (MOC);Substation Building SS03  (B);LV Cable B, Ground Floor Level (3.90.5.102)","B005","Substation Building SS03  (B)","S102","LV Cable B, Ground Floor Level (3.90.5.102)","3905","Co_80_35_75","Road networks","En_70_30","Electrical power distribution entities","SL_70_20_89","Transmission cable section","30/04/2026 11:09 AM","John Marsden-T2D","977"
"3FC","JB4456","RT10Z2","S103","Transformer Yard B, Ground Floor Level (3.90.5.103)","B005","F0390-B005-S103","STNP Maintenance and Operations Compound (MOC);Substation Building SS03  (B);Transformer Yard B, Ground Floor Level (3.90.5.103)","F0390","STNP Maintenance and Operations Compound (MOC);Substation Building SS03  (B);Transformer Yard B, Ground Floor Level (3.90.5.103)","B005","Substation Building SS03  (B)","S103","Transformer Yard B, Ground Floor Level (3.90.5.103)","3905","Co_80_35_75","Road networks","En_70_30","Electrical power distribution entities","SL_70_20_64 ","Power transformer equipment bay","30/04/2026 11:09 AM","John Marsden-T2D","978"
"3FC","JB4478","RT10Z2","S104","Air-Lock, Ground Floor Level (3.90.5.104)","B005","F0390-B005-S104","STNP Maintenance and Operations Compound (MOC);Substation Building SS03  (B);Air-Lock, Ground Floor Level (3.90.5.104)","F0390","STNP Maintenance and Operations Compound (MOC);Substation Building SS03  (B);Air-Lock, Ground Floor Level (3.90.5.104)","B005","Substation Building SS03  (B)","S104","Air-Lock, Ground Floor Level (3.90.5.104)","3905","Co_80_35_75","Road networks","En_70_30","Electrical power distribution entities","SL_90_10_02","Airlocks","30/04/2026 11:09 AM","John Marsden-T2D","979"
"3FC","BS8876","RT10Z2","S201","LV Switch B, First Floor Level (3.90.5.201)","B005","F0390-B005-S201","STNP Maintenance and Operations Compound (MOC);Substation Building SS03  (B);LV Switch B, First Floor Level (3.90.5.201)","F0390","STNP Maintenance and Operations Compound (MOC);Substation Building SS03  (B);LV Switch B, First Floor Level (3.90.5.201)","B005","Substation Building SS03  (B)","S201","LV Switch B, First Floor Level (3.90.5.201)","3905","Co_80_35_75","Road networks","En_70_30","Electrical power distribution entities","SL_90_90_85","Switch rooms","30/04/2026 11:09 AM","John Marsden-T2D","980"
"3FC","RD26O7","BZ69P3","S101","Fire Tank, Ground Floor Level (3.90.7.101)","B007","F0390-B007-S101","STNP Maintenance and Operations Compound (MOC);Fire Tank Yard;Fire Tank, Ground Floor Level (3.90.7.101)","F0390","STNP Maintenance and Operations Compound (MOC);Fire Tank Yard;Fire Tank, Ground Floor Level (3.90.7.101)","B007","Fire Tank Yard","S101","Fire Tank, Ground Floor Level (3.90.7.101)","3907","Co_80_35_75","Road networks","En_55_30","Fire-extinguishing supply entities","SL_90_50_86","Storage tanks","30/04/2026 11:09 AM","John Marsden-T2D","981"
"3FC","KW32L0","BZ69P3","S102","Fire Tank, Ground Floor Level (3.90.7.102)","B007","F0390-B007-S102","STNP Maintenance and Operations Compound (MOC);Fire Tank Yard;Fire Tank, Ground Floor Level (3.90.7.102)","F0390","STNP Maintenance and Operations Compound (MOC);Fire Tank Yard;Fire Tank, Ground Floor Level (3.90.7.102)","B007","Fire Tank Yard","S102","Fire Tank, Ground Floor Level (3.90.7.102)","3907","Co_80_35_75","Road networks","En_55_30","Fire-extinguishing supply entities","SL_90_50_86","Storage tanks","30/04/2026 11:09 AM","John Marsden-T2D","982"
"3FC","TD30V1","DO53T7","S001","Cable Reticulation A, Ground Floor Level (3.90.0.001)","B008","F0390-B008-S001","STNP Maintenance and Operations Compound (MOC);Ventilation Facility;Cable Reticulation A, Ground Floor Level (3.90.0.001)","F0390","STNP Maintenance and Operations Compound (MOC);Ventilation Facility;Cable Reticulation A, Ground Floor Level (3.90.0.001)","B008","Ventilation Facility","S001","Cable Reticulation A, Ground Floor Level (3.90.0.001)","3908","Co_80_35_75","Road networks","En_65_40_80","Shaft and tunnel ventilation plant building","SL_90_90","Plant and control spaces","2/07/2026 12:11 PM","John Marsden-T2D","983"
"3FC","TZ70V8","DO53T7","S002","Cable Reticulation B, Ground Floor Level (3.90.5.002)","B008","F0390-B008-S002","STNP Maintenance and Operations Compound (MOC);Ventilation Facility;Cable Reticulation B, Ground Floor Level (3.90.5.002)","F0390","STNP Maintenance and Operations Compound (MOC);Ventilation Facility;Cable Reticulation B, Ground Floor Level (3.90.5.002)","B008","Ventilation Facility","S002","Cable Reticulation B, Ground Floor Level (3.90.5.002)","3908","Co_80_35_75","Road networks","En_65_40_80","Shaft and tunnel ventilation plant building","SL_90_90","Plant and control spaces","2/07/2026 12:11 PM","John Marsden-T2D","984"
"3FC","XJ34J4","DO53T7","S101","Disassembly, Ground Floor Level (3.90.8.101)","B008","F0390-B008-S101","STNP Maintenance and Operations Compound (MOC);Ventilation Facility;Disassembly, Ground Floor Level (3.90.8.101)","F0390","STNP Maintenance and Operations Compound (MOC);Ventilation Facility;Disassembly, Ground Floor Level (3.90.8.101)","B008","Ventilation Facility","S101","Disassembly, Ground Floor Level (3.90.8.101)","3908","Co_80_35_75","Road networks","En_65_40_80","Shaft and tunnel ventilation plant building","SL_90_90","Plant and control spaces","30/04/2026 11:11 AM","John Marsden-T2D","985"
"3FC","FA61K4","DO53T7","S102","Fan Room, Ground Floor Level (3.90.8.102)","B008","F0390-B008-S102","STNP Maintenance and Operations Compound (MOC);Ventilation Facility;Fan Room, Ground Floor Level (3.90.8.102)","F0390","STNP Maintenance and Operations Compound (MOC);Ventilation Facility;Fan Room, Ground Floor Level (3.90.8.102)","B008","Ventilation Facility","S102","Fan Room, Ground Floor Level (3.90.8.102)","3908","Co_80_35_75","Road networks","En_65_40_80","Shaft and tunnel ventilation plant building","SL_90_90","Plant and control spaces","30/04/2026 11:11 AM","John Marsden-T2D","986"
"3FC","PB59Q2","DO53T7","S103","Air-Lock, Ground Floor Level (3.90.8.103)","B008","F0390-B008-S103","STNP Maintenance and Operations Compound (MOC);Ventilation Facility;Air-Lock, Ground Floor Level (3.90.8.103)","F0390","STNP Maintenance and Operations Compound (MOC);Ventilation Facility;Air-Lock, Ground Floor Level (3.90.8.103)","B008","Ventilation Facility","S103","Air-Lock, Ground Floor Level (3.90.8.103)","3908","Co_80_35_75","Road networks","En_65_40_80","Shaft and tunnel ventilation plant building","SL_90_90","Plant and control spaces","30/04/2026 11:11 AM","John Marsden-T2D","987"
"3FC","TZ62W0","DO53T7","S104","Invert-Fan Room, Ground Floor Level (3.90.8.104)","B008","F0390-B008-S104","STNP Maintenance and Operations Compound (MOC);Ventilation Facility;Invert-Fan Room, Ground Floor Level (3.90.8.104)","F0390","STNP Maintenance and Operations Compound (MOC);Ventilation Facility;Invert-Fan Room, Ground Floor Level (3.90.8.104)","B008","Ventilation Facility","S104","Invert-Fan Room, Ground Floor Level (3.90.8.104)","3908","Co_80_35_75","Road networks","En_65_40_80","Shaft and tunnel ventilation plant building","SL_90_90","Plant and control spaces","30/04/2026 11:11 AM","John Marsden-T2D","988"
"3FC","UB64P1","DO53T7","S105","Electrical Room, Ground Floor Level (3.90.8.105)","B008","F0390-B008-S105","STNP Maintenance and Operations Compound (MOC);Ventilation Facility;Electrical Room, Ground Floor Level (3.90.8.105)","F0390","STNP Maintenance and Operations Compound (MOC);Ventilation Facility;Electrical Room, Ground Floor Level (3.90.8.105)","B008","Ventilation Facility","S105","Electrical Room, Ground Floor Level (3.90.8.105)","3908","Co_80_35_75","Road networks","En_65_40_80","Shaft and tunnel ventilation plant building","SL_90_90","Plant and control spaces","30/04/2026 11:11 AM","John Marsden-T2D","989"
"3FC","JG80Q9","DO53T7","S106","Store, Ground Floor Level (3.90.8.106)","B008","F0390-B008-S106","STNP Maintenance and Operations Compound (MOC);Ventilation Facility;Store, Ground Floor Level (3.90.8.106)","F0390","STNP Maintenance and Operations Compound (MOC);Ventilation Facility;Store, Ground Floor Level (3.90.8.106)","B008","Ventilation Facility","S106","Store, Ground Floor Level (3.90.8.106)","3908","Co_80_35_75","Road networks","En_65_40_80","Shaft and tunnel ventilation plant building","SL_90_90","Plant and control spaces","30/04/2026 11:11 AM","John Marsden-T2D","990"
"3FC","HX73F7","DO53T7","S107","Invert Louvre Plenum, Ground Floor Level (3.90.8.107)","B008","F0390-B008-S107","STNP Maintenance and Operations Compound (MOC);Ventilation Facility;Invert Louvre Plenum, Ground Floor Level (3.90.8.107)","F0390","STNP Maintenance and Operations Compound (MOC);Ventilation Facility;Invert Louvre Plenum, Ground Floor Level (3.90.8.107)","B008","Ventilation Facility","S107","Invert Louvre Plenum, Ground Floor Level (3.90.8.107)","3908","Co_80_35_75","Road networks","En_65_40_80","Shaft and tunnel ventilation plant building","SL_90_90","Plant and control spaces","30/04/2026 11:11 AM","John Marsden-T2D","991"
"3FC","UR69E3","DO53T7","S108","Invert Plenum, Ground Floor Level (3.90.8.108)","B008","F0390-B008-S108","STNP Maintenance and Operations Compound (MOC);Ventilation Facility;Invert Plenum, Ground Floor Level (3.90.8.108)","F0390","STNP Maintenance and Operations Compound (MOC);Ventilation Facility;Invert Plenum, Ground Floor Level (3.90.8.108)","B008","Ventilation Facility","S108","Invert Plenum, Ground Floor Level (3.90.8.108)","3908","Co_80_35_75","Road networks","En_65_40_80","Shaft and tunnel ventilation plant building","SL_90_10_15","Corridors","30/04/2026 11:12 AM","John Marsden-T2D","995"
"3FC","KA81I1","DO53T7","S109","Air-Lock, Ground Floor Level (3.90.8.109)","B008","F0390-B008-S109","STNP Maintenance and Operations Compound (MOC);Ventilation Facility;Air-Lock, Ground Floor Level (3.90.8.109)","F0390","STNP Maintenance and Operations Compound (MOC);Ventilation Facility;Air-Lock, Ground Floor Level (3.90.8.109)","B008","Ventilation Facility","S109","Air-Lock, Ground Floor Level (3.90.8.109)","3908","Co_80_35_75","Road networks","En_65_40_80","Shaft and tunnel ventilation plant building","SL_90_90","Plant and control spaces","30/04/2026 11:12 AM","John Marsden-T2D","996"
"3FC","RU20T8","DO53T7","S110","Invert-Fan Loading Room, Ground Floor Level (3.90.8.110)","B008","F0390-B008-S110","STNP Maintenance and Operations Compound (MOC);Ventilation Facility;Invert-Fan Loading Room, Ground Floor Level (3.90.8.110)","F0390","STNP Maintenance and Operations Compound (MOC);Ventilation Facility;Invert-Fan Loading Room, Ground Floor Level (3.90.8.110)","B008","Ventilation Facility","S110","Invert-Fan Loading Room, Ground Floor Level (3.90.8.110)","3908","Co_80_35_75","Road networks","En_65_40_80","Shaft and tunnel ventilation plant building","SL_30_60","Cleaning and maintenance spaces","30/04/2026 11:12 AM","John Marsden-T2D","997"
"3FC","JA46O5","DO53T7","S111","Gas Bottle Enclosure, Ground Floor Level (3.90.8.111)","B008","F0390-B008-S111","STNP Maintenance and Operations Compound (MOC);Ventilation Facility;Gas Bottle Enclosure, Ground Floor Level (3.90.8.111)","F0390","STNP Maintenance and Operations Compound (MOC);Ventilation Facility;Gas Bottle Enclosure, Ground Floor Level (3.90.8.111)","B008","Ventilation Facility","S111","Gas Bottle Enclosure, Ground Floor Level (3.90.8.111)","3908","Co_80_35_75","Road networks","En_65_40_80","Shaft and tunnel ventilation plant building","SL_35_80_89","Toilets","30/04/2026 11:12 AM","John Marsden-T2D","998"
"3FC","EM64W6","DO53T7","S201","Fan Plenum, First Floor Level (3.90.8.201)","B008","F0390-B008-S201","STNP Maintenance and Operations Compound (MOC);Ventilation Facility;Fan Plenum, First Floor Level (3.90.8.201)","F0390","STNP Maintenance and Operations Compound (MOC);Ventilation Facility;Fan Plenum, First Floor Level (3.90.8.201)","B008","Ventilation Facility","S201","Fan Plenum, First Floor Level (3.90.8.201)","3908","Co_80_35_75","Road networks","En_65_40_80","Shaft and tunnel ventilation plant building","SL_90_90","Plant and control spaces","30/04/2026 11:12 AM","John Marsden-T2D","999"
"3FC","DS69J7","DO53T7","S202","Fan Plenum Open Area, First Floor Level (3.90.8.202)","B008","F0390-B008-S202","STNP Maintenance and Operations Compound (MOC);Ventilation Facility;Fan Plenum Open Area, First Floor Level (3.90.8.202)","F0390","STNP Maintenance and Operations Compound (MOC);Ventilation Facility;Fan Plenum Open Area, First Floor Level (3.90.8.202)","B008","Ventilation Facility","S202","Fan Plenum Open Area, First Floor Level (3.90.8.202)","3908","Co_80_35_75","Road networks","En_65_40_80","Shaft and tunnel ventilation plant building","SL_90_90","Plant and control spaces","30/04/2026 11:12 AM","John Marsden-T2D","1000"
"3FC","QX37S7","DO53T7","S203","Fan Plenum Closed Area, First Floor Level (3.90.8.203)","B008","F0390-B008-S203","STNP Maintenance and Operations Compound (MOC);Ventilation Facility;Fan Plenum Closed Area, First Floor Level (3.90.8.203)","F0390","STNP Maintenance and Operations Compound (MOC);Ventilation Facility;Fan Plenum Closed Area, First Floor Level (3.90.8.203)","B008","Ventilation Facility","S203","Fan Plenum Closed Area, First Floor Level (3.90.8.203)","3908","Co_80_35_75","Road networks","En_65_40_80","Shaft and tunnel ventilation plant building","SL_90_90","Plant and control spaces","30/04/2026 11:12 AM","John Marsden-T2D","1002"
"3FC","ME83F1","DO53T7","S204","Corridor, First Floor Level (3.90.8.204)","B008","F0390-B008-S204","STNP Maintenance and Operations Compound (MOC);Ventilation Facility;Corridor, First Floor Level (3.90.8.204)","F0390","STNP Maintenance and Operations Compound (MOC);Ventilation Facility;Corridor, First Floor Level (3.90.8.204)","B008","Ventilation Facility","S204","Corridor, First Floor Level (3.90.8.204)","3908","Co_80_35_75","Road networks","En_65_40_80","Shaft and tunnel ventilation plant building","SL_90_10_15","Corridors","30/04/2026 11:13 AM","John Marsden-T2D","1004"
"3FC","PF70F8","DO53T7","S301","Roof,  Roof Level, Ventilation Facility (3.90.0.301)","B008","F0390-B008-S301","STNP Maintenance and Operations Compound (MOC);Ventilation Facility;Roof,  Roof Level, Ventilation Facility (3.90.0.301)","F0390","STNP Maintenance and Operations Compound (MOC);Ventilation Facility;Roof,  Roof Level, Ventilation Facility (3.90.0.301)","B008","Ventilation Facility","S301","Roof,  Roof Level, Ventilation Facility (3.90.0.301)","3908","Co_80_35_75","Road networks","En_65_40_80","Shaft and tunnel ventilation plant building","SL_90_60_72","Roof surface spaces","2/07/2026 12:10 PM","John Marsden-T2D","1005"
"3FC","YN99H2","DO53T7","S302","Roof,  Roof Level, Ventilation Facility (3.90.8.302)","B008","F0390-B008-S302","STNP Maintenance and Operations Compound (MOC);Ventilation Facility;Roof,  Roof Level, Ventilation Facility (3.90.8.302)","F0390","STNP Maintenance and Operations Compound (MOC);Ventilation Facility;Roof,  Roof Level, Ventilation Facility (3.90.8.302)","B008","Ventilation Facility","S302","Roof,  Roof Level, Ventilation Facility (3.90.8.302)","3908","Co_80_35_75","Road networks","En_65_40_80","Shaft and tunnel ventilation plant building","SL_90_60_72","Roof surface spaces","30/04/2026 11:13 AM","John Marsden-T2D","1006"
"3FC","TC60P1","DO53T7","S303","Roof,  Roof Level, Ventilation Facility (3.90.8.303)","B008","F0390-B008-S303","STNP Maintenance and Operations Compound (MOC);Ventilation Facility;Roof,  Roof Level, Ventilation Facility (3.90.8.303)","F0390","STNP Maintenance and Operations Compound (MOC);Ventilation Facility;Roof,  Roof Level, Ventilation Facility (3.90.8.303)","B008","Ventilation Facility","S303","Roof,  Roof Level, Ventilation Facility (3.90.8.303)","3908","Co_80_35_75","Road networks","En_65_40_80","Shaft and tunnel ventilation plant building","SL_90_60_72","Roof surface spaces","30/04/2026 11:13 AM","John Marsden-T2D","1007"
"3FC","QN94Y6","DO53T7","S304","Vent Outlet, Roof Level, Ventilation Facility (3.90.8.304)","B008","F0390-B008-S304","STNP Maintenance and Operations Compound (MOC);Ventilation Facility;Vent Outlet, Roof Level, Ventilation Facility (3.90.8.304)","F0390","STNP Maintenance and Operations Compound (MOC);Ventilation Facility;Vent Outlet, Roof Level, Ventilation Facility (3.90.8.304)","B008","Ventilation Facility","S304","Vent Outlet, Roof Level, Ventilation Facility (3.90.8.304)","3908","Co_80_35_75","Road networks","En_65_40_80","Shaft and tunnel ventilation plant building","SL_90_60_72","Roof surface spaces","30/04/2026 11:13 AM","John Marsden-T2D","1008"
"3FC","BI26C8","DZ04O8","S901","External - Perimeter Screen (3.90.9.901)","B009","F0390-B009-S901","STNP Maintenance and Operations Compound (MOC);Within MOC Facility Boundary;External - Perimeter Screen (3.90.9.901)","F0390","STNP Maintenance and Operations Compound (MOC);Within MOC Facility Boundary;External - Perimeter Screen (3.90.9.901)","B009","Within MOC Facility Boundary","S901","External - Perimeter Screen (3.90.9.901)","3909","Co_80_35_75","Road networks","En_90_10_77","External service areas","SL_32_35","Ground spaces","30/04/2026 11:10 AM","John Marsden-T2D","1009"
"3FC","EK78U7","DZ04O8","S902","External - Loading Area (3.90.9.902)","B009","F0390-B009-S902","STNP Maintenance and Operations Compound (MOC);Within MOC Facility Boundary;External - Loading Area (3.90.9.902)","F0390","STNP Maintenance and Operations Compound (MOC);Within MOC Facility Boundary;External - Loading Area (3.90.9.902)","B009","Within MOC Facility Boundary","S902","External - Loading Area (3.90.9.902)","3909","Co_80_35_75","Road networks","En_90_10_77","External service areas","SL_32_35","Ground spaces","30/04/2026 11:10 AM","John Marsden-T2D","1010"
"3FC","EC67N3","DZ04O8","S903","External - Computer Equipment (3.90.9.903)","B009","F0390-B009-S903","STNP Maintenance and Operations Compound (MOC);Within MOC Facility Boundary;External - Computer Equipment (3.90.9.903)","F0390","STNP Maintenance and Operations Compound (MOC);Within MOC Facility Boundary;External - Computer Equipment (3.90.9.903)","B009","Within MOC Facility Boundary","S903","External - Computer Equipment (3.90.9.903)","3909","Co_80_35_75","Road networks","En_90_10_77","External service areas","SL_32_35","Ground spaces","30/04/2026 11:10 AM","John Marsden-T2D","1011"
"3FC","HF78I1","DZ04O8","S904","External - Substation  Building A (3.90.9.904)","B009","F0390-B009-S904","STNP Maintenance and Operations Compound (MOC);Within MOC Facility Boundary;External - Substation  Building A (3.90.9.904)","F0390","STNP Maintenance and Operations Compound (MOC);Within MOC Facility Boundary;External - Substation  Building A (3.90.9.904)","B009","Within MOC Facility Boundary","S904","External - Substation  Building A (3.90.9.904)","3909","Co_80_35_75","Road networks","En_90_10_77","External service areas","SL_32_35","Ground spaces","30/04/2026 11:10 AM","John Marsden-T2D","1012"
"3FC","JD34O4","DZ04O8","S905","External - Fire Pump Room (3.90.9.905)","B009","F0390-B009-S905","STNP Maintenance and Operations Compound (MOC);Within MOC Facility Boundary;External - Fire Pump Room (3.90.9.905)","F0390","STNP Maintenance and Operations Compound (MOC);Within MOC Facility Boundary;External - Fire Pump Room (3.90.9.905)","B009","Within MOC Facility Boundary","S905","External - Fire Pump Room (3.90.9.905)","3909","Co_80_35_75","Road networks","En_90_10_77","External service areas","SL_32_35","Ground spaces","30/04/2026 11:10 AM","John Marsden-T2D","1013"
"3FC","QE31D8","DZ04O8","S906","External - Ventilation Building (3.90.9.906)","B009","F0390-B009-S906","STNP Maintenance and Operations Compound (MOC);Within MOC Facility Boundary;External - Ventilation Building (3.90.9.906)","F0390","STNP Maintenance and Operations Compound (MOC);Within MOC Facility Boundary;External - Ventilation Building (3.90.9.906)","B009","Within MOC Facility Boundary","S906","External - Ventilation Building (3.90.9.906)","3909","Co_80_35_75","Road networks","En_90_10_77","External service areas","SL_32_35","Ground spaces","30/04/2026 11:10 AM","John Marsden-T2D","1014"
"3FC","XN98R6","HH70C0","S301","Roof, Lower Roof Level, Substation Building (A) (3.92.0.301)","B000","F0392-B000-S301","STSP Maintenance and Operations Compound (MOC);Substation Building SS05 (A);Roof, Lower Roof Level, Substation Building (A) (3.92.0.301)","F0392","STSP Maintenance and Operations Compound (MOC);Substation Building SS05 (A);Roof, Lower Roof Level, Substation Building (A) (3.92.0.301)","B000","Substation Building SS05 (A)","S301","Roof, Lower Roof Level, Substation Building (A) (3.92.0.301)","3920","Co_80_35_75","Road networks","En_70_30","Electrical power distribution entities","SL_90_60_72","Roof surface spaces","16/04/2026 11:43 AM","John Marsden-T2D","1015"
"1","PD82U7",,"NCRN900","English and Norrie Project (L1)",,"NCRN900","English and Norrie Project (L1)","NCRN900","English and Norrie Project (L1)",,,,,,"Co_80_35_75","Road networks","En_80_35_74","Roads",,,"14/08/2025 4:51 PM","John Marsden-T2D","1016"
"2","HG54F6","PD82U7","L001","English and Norrie Project Link (L2)","NCRN900","NCRN900-L001","English and Norrie Project (L1);English and Norrie Project Link (L2)","NCRN900","English and Norrie Project (L1)","L001","English and Norrie Project Link (L2)",,,"3730","Co_80_35_75","Road networks","En_80_35_74","Roads","SL_80_35_74","Road sections","14/08/2025 4:50 PM","John Marsden-T2D","1017"
"3BDE","SO84W9","GM18B1","SN001","Deck","N232","NCRN005-N232-SN001","Everard Avenue;Everard Avenue Bridge (Over North South Motorway) (BR08);Deck","NCRN005","Everard Avenue","N232","Everard Avenue Bridge (Over North South Motorway) (BR08)","SN001","Deck","2321-2322","Co_80","Transport complexes","En_80_94_30","Fixed bridges","SL_80_94","Bridge and structure spaces","19/08/2025 4:27 PM","Tay, Bryan","1020"
"3BAB","YD77T1","GM18B1","SN002","Abutment 1","N232","NCRN005-N232-SN002","Everard Avenue;Everard Avenue Bridge (Over North South Motorway) (BR08);Abutment 1","NCRN005","Everard Avenue","N232","Everard Avenue Bridge (Over North South Motorway) (BR08)","SN002","Abutment 1","2321-2322","Co_80","Transport complexes","En_80_94_30","Fixed bridges","SL_80_94","Bridge and structure spaces","19/08/2025 4:27 PM","Tay, Bryan","1021"
"3BAB","MI41J2","GM18B1","SN003","Abutment 2","N232","NCRN005-N232-SN003","Everard Avenue;Everard Avenue Bridge (Over North South Motorway) (BR08);Abutment 2","NCRN005","Everard Avenue","N232","Everard Avenue Bridge (Over North South Motorway) (BR08)","SN003","Abutment 2","2321-2322","Co_80","Transport complexes","En_80_94_30","Fixed bridges","SL_80_94","Bridge and structure spaces","19/08/2025 4:27 PM","Tay, Bryan","1022"
"3BSP","YI08R8","GM18B1","SN004","Span 1","N232","NCRN005-N232-SN004","Everard Avenue;Everard Avenue Bridge (Over North South Motorway) (BR08);Span 1","NCRN005","Everard Avenue","N232","Everard Avenue Bridge (Over North South Motorway) (BR08)","SN004","Span 1","2321-2322","Co_80","Transport complexes","En_80_94_30","Fixed bridges","SL_80_94","Bridge and structure spaces","19/08/2025 4:27 PM","Tay, Bryan","1023"
"3FC","TW08G9","YY90I9","S002","Cable Basement A, Basement Level","B000","F0391-B000-S002","STMP Substation & Tunnel Vertical Shaft;Substation Building SS04 (A), STMP Substation & Tunnel Vertical Shaft;Cable Basement A, Basement Level","F0391","STMP Substation & Tunnel Vertical Shaft;Substation Building SS04 (A), STMP Substation & Tunnel Vertical Shaft;Cable Basement A, Basement Level","B000","Substation Building SS04 (A), STMP Substation & Tunnel Vertical Shaft","S002","Cable Basement A, Basement Level","3910","Co_80_35_75","Road networks","En_90_90","Plant and control entities","SL_90_90_01","Access floor voids","31/03/2026 4:15 PM","John Marsden-T2D","1025"
"3FC","WJ92M5","YY90I9","S003","Cable Trench A, Basement Level","B000","F0391-B000-S003","STMP Substation & Tunnel Vertical Shaft;Substation Building SS04 (A), STMP Substation & Tunnel Vertical Shaft;Cable Trench A, Basement Level","F0391","STMP Substation & Tunnel Vertical Shaft;Substation Building SS04 (A), STMP Substation & Tunnel Vertical Shaft;Cable Trench A, Basement Level","B000","Substation Building SS04 (A), STMP Substation & Tunnel Vertical Shaft","S003","Cable Trench A, Basement Level","3910","Co_80_35_75","Road networks","En_90_90","Plant and control entities","SL_70_20_89","Transmission cable section","31/03/2026 4:15 PM","John Marsden-T2D","1026"
"3FC","OF52K7","YY90I9","S007","Basement A Entry, Basement Level","B000","F0391-B000-S007","STMP Substation & Tunnel Vertical Shaft;Substation Building SS04 (A), STMP Substation & Tunnel Vertical Shaft;Basement A Entry, Basement Level","F0391","STMP Substation & Tunnel Vertical Shaft;Substation Building SS04 (A), STMP Substation & Tunnel Vertical Shaft;Basement A Entry, Basement Level","B000","Substation Building SS04 (A), STMP Substation & Tunnel Vertical Shaft","S007","Basement A Entry, Basement Level","3910","Co_80_35_75","Road networks","En_90_90","Plant and control entities","SL_90_90_01","Access floor voids","31/03/2026 4:15 PM","John Marsden-T2D","1027"
"3FC","DH11K1","YY90I9","S101","Transformer Yard A, Ground Floor Level","B000","F0391-B000-S101","STMP Substation & Tunnel Vertical Shaft;Substation Building SS04 (A), STMP Substation & Tunnel Vertical Shaft;Transformer Yard A, Ground Floor Level","F0391","STMP Substation & Tunnel Vertical Shaft;Substation Building SS04 (A), STMP Substation & Tunnel Vertical Shaft;Transformer Yard A, Ground Floor Level","B000","Substation Building SS04 (A), STMP Substation & Tunnel Vertical Shaft","S101","Transformer Yard A, Ground Floor Level","3910","Co_80_35_75","Road networks","En_90_90","Plant and control entities","SL_70_20_64 ","Power transformer equipment bay","31/03/2026 4:15 PM","John Marsden-T2D","1028"
"3FC","NF37Y3","YY90I9","S102","LV Switch A, Ground Floor Level","B000","F0391-B000-S102","STMP Substation & Tunnel Vertical Shaft;Substation Building SS04 (A), STMP Substation & Tunnel Vertical Shaft;LV Switch A, Ground Floor Level","F0391","STMP Substation & Tunnel Vertical Shaft;Substation Building SS04 (A), STMP Substation & Tunnel Vertical Shaft;LV Switch A, Ground Floor Level","B000","Substation Building SS04 (A), STMP Substation & Tunnel Vertical Shaft","S102","LV Switch A, Ground Floor Level","3910","Co_80_35_75","Road networks","En_90_90","Plant and control entities","SL_90_90_85","Switch rooms","31/03/2026 4:15 PM","John Marsden-T2D","1029"
"3FC","BC59N9","YY90I9","S103","HV Switch A, Ground Floor Level","B000","F0391-B000-S103","STMP Substation & Tunnel Vertical Shaft;Substation Building SS04 (A), STMP Substation & Tunnel Vertical Shaft;HV Switch A, Ground Floor Level","F0391","STMP Substation & Tunnel Vertical Shaft;Substation Building SS04 (A), STMP Substation & Tunnel Vertical Shaft;HV Switch A, Ground Floor Level","B000","Substation Building SS04 (A), STMP Substation & Tunnel Vertical Shaft","S103","HV Switch A, Ground Floor Level","3910","Co_80_35_75","Road networks","En_90_90","Plant and control entities","SL_90_90_85","Switch rooms","31/03/2026 4:15 PM","John Marsden-T2D","1030"
"3FC","WS65D3","YY90I9","S107","Gas Enclosure, Ground Floor Level","B000","F0391-B000-S107","STMP Substation & Tunnel Vertical Shaft;Substation Building SS04 (A), STMP Substation & Tunnel Vertical Shaft;Gas Enclosure, Ground Floor Level","F0391","STMP Substation & Tunnel Vertical Shaft;Substation Building SS04 (A), STMP Substation & Tunnel Vertical Shaft;Gas Enclosure, Ground Floor Level","B000","Substation Building SS04 (A), STMP Substation & Tunnel Vertical Shaft","S107","Gas Enclosure, Ground Floor Level","3910","Co_80_35_75","Road networks","En_90_90","Plant and control entities","SL_55_30","Fire-extinguishing supply spaces","31/03/2026 4:15 PM","John Marsden-T2D","1031"
"3FC","VU34L4","YY90I9","S302","Roof Level, Substation Building (A)","B000","F0391-B000-S302","STMP Substation & Tunnel Vertical Shaft;Substation Building SS04 (A), STMP Substation & Tunnel Vertical Shaft;Roof Level, Substation Building (A)","F0391","STMP Substation & Tunnel Vertical Shaft;Substation Building SS04 (A), STMP Substation & Tunnel Vertical Shaft;Roof Level, Substation Building (A)","B000","Substation Building SS04 (A), STMP Substation & Tunnel Vertical Shaft","S302","Roof Level, Substation Building (A)","3910","Co_80_35_75","Road networks","En_90_90","Plant and control entities","SL_90_60_72","Roof surface spaces","31/03/2026 4:15 PM","John Marsden-T2D","1032"
"3FC","FH84M3","ZZ10O9","S004","Cable Trench B, Basement Level","B005","F0391-B005-S004","STMP Substation & Tunnel Vertical Shaft;Substation Building SS04 (B), STMP Substation & Tunnel Vertical Shaft;Cable Trench B, Basement Level","F0391","STMP Substation & Tunnel Vertical Shaft;Substation Building SS04 (B), STMP Substation & Tunnel Vertical Shaft;Cable Trench B, Basement Level","B005","Substation Building SS04 (B), STMP Substation & Tunnel Vertical Shaft","S004","Cable Trench B, Basement Level","3915","Co_80_35_75","Road networks","En_90_90","Plant and control entities","SL_70_20_89","Transmission cable section","31/03/2026 4:15 PM","John Marsden-T2D","1033"
"3FC","CI28H0","ZZ10O9","S005","Cable Basement B, Basement Level","B005","F0391-B005-S005","STMP Substation & Tunnel Vertical Shaft;Substation Building SS04 (B), STMP Substation & Tunnel Vertical Shaft;Cable Basement B, Basement Level","F0391","STMP Substation & Tunnel Vertical Shaft;Substation Building SS04 (B), STMP Substation & Tunnel Vertical Shaft;Cable Basement B, Basement Level","B005","Substation Building SS04 (B), STMP Substation & Tunnel Vertical Shaft","S005","Cable Basement B, Basement Level","3915","Co_80_35_75","Road networks","En_90_90","Plant and control entities","SL_90_90_01","Access floor voids","31/03/2026 4:15 PM","John Marsden-T2D","1034"
"3FC","IO57Z6","ZZ10O9","S006","Basement B Entry, Basement Level","B005","F0391-B005-S006","STMP Substation & Tunnel Vertical Shaft;Substation Building SS04 (B), STMP Substation & Tunnel Vertical Shaft;Basement B Entry, Basement Level","F0391","STMP Substation & Tunnel Vertical Shaft;Substation Building SS04 (B), STMP Substation & Tunnel Vertical Shaft;Basement B Entry, Basement Level","B005","Substation Building SS04 (B), STMP Substation & Tunnel Vertical Shaft","S006","Basement B Entry, Basement Level","3915","Co_80_35_75","Road networks","En_90_90","Plant and control entities","SL_90_90_01","Access floor voids","31/03/2026 4:15 PM","John Marsden-T2D","1035"
"3FC","NE76U8","ZZ10O9","S104","HV Switch B, Ground Floor Level","B005","F0391-B005-S104","STMP Substation & Tunnel Vertical Shaft;Substation Building SS04 (B), STMP Substation & Tunnel Vertical Shaft;HV Switch B, Ground Floor Level","F0391","STMP Substation & Tunnel Vertical Shaft;Substation Building SS04 (B), STMP Substation & Tunnel Vertical Shaft;HV Switch B, Ground Floor Level","B005","Substation Building SS04 (B), STMP Substation & Tunnel Vertical Shaft","S104","HV Switch B, Ground Floor Level","3915","Co_80_35_75","Road networks","En_90_90","Plant and control entities","SL_90_90_85","Switch rooms","31/03/2026 4:15 PM","John Marsden-T2D","1036"
"3FC","FE96U3","ZZ10O9","S105","LV Switch B, Ground Floor Level","B005","F0391-B005-S105","STMP Substation & Tunnel Vertical Shaft;Substation Building SS04 (B), STMP Substation & Tunnel Vertical Shaft;LV Switch B, Ground Floor Level","F0391","STMP Substation & Tunnel Vertical Shaft;Substation Building SS04 (B), STMP Substation & Tunnel Vertical Shaft;LV Switch B, Ground Floor Level","B005","Substation Building SS04 (B), STMP Substation & Tunnel Vertical Shaft","S105","LV Switch B, Ground Floor Level","3915","Co_80_35_75","Road networks","En_90_90","Plant and control entities","SL_90_90_85","Switch rooms","31/03/2026 4:15 PM","John Marsden-T2D","1037"
"3FC","NB56I8","ZZ10O9","S106","Transformer Yard B, Ground Floor Level","B005","F0391-B005-S106","STMP Substation & Tunnel Vertical Shaft;Substation Building SS04 (B), STMP Substation & Tunnel Vertical Shaft;Transformer Yard B, Ground Floor Level","F0391","STMP Substation & Tunnel Vertical Shaft;Substation Building SS04 (B), STMP Substation & Tunnel Vertical Shaft;Transformer Yard B, Ground Floor Level","B005","Substation Building SS04 (B), STMP Substation & Tunnel Vertical Shaft","S106","Transformer Yard B, Ground Floor Level","3915","Co_80_35_75","Road networks","En_90_90","Plant and control entities","SL_70_20_64 ","Power transformer equipment bay","31/03/2026 4:15 PM","John Marsden-T2D","1038"
"3FC","KP46B4","LM66R6","S901","External, Lower Ground Level","B009","F0391-B009-S901","STMP Substation & Tunnel Vertical Shaft;Within MOC Facility Boundary, STMP Substation & Tunnel Vertical Shaft;External, Lower Ground Level","F0391","STMP Substation & Tunnel Vertical Shaft;Within MOC Facility Boundary, STMP Substation & Tunnel Vertical Shaft;External, Lower Ground Level","B009","Within MOC Facility Boundary, STMP Substation & Tunnel Vertical Shaft","S901","External, Lower Ground Level","3918,3919","Co_80_35_75","Road networks","En_90_10_77","External service areas","SL_32_35","Ground spaces","2/07/2026 2:17 PM","Bird, Cheyne","1039"
"3FC","TK14O5","LM66R6","S902","External Stair B, Ground Floor Level","B009","F0391-B009-S902","STMP Substation & Tunnel Vertical Shaft;Within MOC Facility Boundary, STMP Substation & Tunnel Vertical Shaft;External Stair B, Ground Floor Level","F0391","STMP Substation & Tunnel Vertical Shaft;Within MOC Facility Boundary, STMP Substation & Tunnel Vertical Shaft;External Stair B, Ground Floor Level","B009","Within MOC Facility Boundary, STMP Substation & Tunnel Vertical Shaft","S902","External Stair B, Ground Floor Level","3918,3919","Co_80_35_75","Road networks","En_90_10_77","External service areas","SL_32_35","Ground spaces","2/07/2026 2:17 PM","Bird, Cheyne","1040"
"3FC","BO54C5","LM66R6","S903","External, Ground Floor Level","B009","F0391-B009-S903","STMP Substation & Tunnel Vertical Shaft;Within MOC Facility Boundary, STMP Substation & Tunnel Vertical Shaft;External, Ground Floor Level","F0391","STMP Substation & Tunnel Vertical Shaft;Within MOC Facility Boundary, STMP Substation & Tunnel Vertical Shaft;External, Ground Floor Level","B009","Within MOC Facility Boundary, STMP Substation & Tunnel Vertical Shaft","S903","External, Ground Floor Level","3918,3919","Co_80_35_75","Road networks","En_90_10_77","External service areas","SL_32_35","Ground spaces","2/07/2026 2:17 PM","Bird, Cheyne","1041"
"3FC","EU35Y6","LM66R6","S904","External Stair A, Ground Floor Level","B009","F0391-B009-S904","STMP Substation & Tunnel Vertical Shaft;Within MOC Facility Boundary, STMP Substation & Tunnel Vertical Shaft;External Stair A, Ground Floor Level","F0391","STMP Substation & Tunnel Vertical Shaft;Within MOC Facility Boundary, STMP Substation & Tunnel Vertical Shaft;External Stair A, Ground Floor Level","B009","Within MOC Facility Boundary, STMP Substation & Tunnel Vertical Shaft","S904","External Stair A, Ground Floor Level","3918,3919","Co_80_35_75","Road networks","En_90_10_77","External service areas","SL_32_35","Ground spaces","2/07/2026 2:17 PM","Bird, Cheyne","1042"
"3FC","XU03I3","LM66R6","S905","Shaft Enclosure, Ground Floor Level","B009","F0391-B009-S905","STMP Substation & Tunnel Vertical Shaft;Within MOC Facility Boundary, STMP Substation & Tunnel Vertical Shaft;Shaft Enclosure, Ground Floor Level","F0391","STMP Substation & Tunnel Vertical Shaft;Within MOC Facility Boundary, STMP Substation & Tunnel Vertical Shaft;Shaft Enclosure, Ground Floor Level","B009","Within MOC Facility Boundary, STMP Substation & Tunnel Vertical Shaft","S905","Shaft Enclosure, Ground Floor Level","3918,3919","Co_80_35_75","Road networks","En_90_10_77","External service areas","SL_80_96","Tunnel and shaft spaces","2/07/2026 2:17 PM","Bird, Cheyne","1043"
"3FC","PD22N6","LM66R6","S906","Fire Meter, Ground Floor Level","B009","F0391-B009-S906","STMP Substation & Tunnel Vertical Shaft;Within MOC Facility Boundary, STMP Substation & Tunnel Vertical Shaft;Fire Meter, Ground Floor Level","F0391","STMP Substation & Tunnel Vertical Shaft;Within MOC Facility Boundary, STMP Substation & Tunnel Vertical Shaft;Fire Meter, Ground Floor Level","B009","Within MOC Facility Boundary, STMP Substation & Tunnel Vertical Shaft","S906","Fire Meter, Ground Floor Level","3918,3919","Co_80_35_75","Road networks","En_90_10_77","External service areas","SL_70_30_52","Metering room","2/07/2026 2:17 PM","Bird, Cheyne","1044"
"3BAP","OA99J4","ZA82L6","SN009","Approach 1","N273","06203-N273-SN009","North South Motorway;Keswick Creek Aqueduct (BR09);Approach 1","06203","North South Motorway","N273","Keswick Creek Aqueduct (BR09)","SN009","Approach 1","2730-2731","Co_80_35_75","Road networks","En_80_94_30","Fixed bridges","SL_80_94","Bridge and structure spaces","1/09/2025 11:51 AM","Tay, Bryan","1045"
"3BAP","VF27B0","ZA82L6","SN010","Approach 2","N273","06203-N273-SN010","North South Motorway;Keswick Creek Aqueduct (BR09);Approach 2","06203","North South Motorway","N273","Keswick Creek Aqueduct (BR09)","SN010","Approach 2","2730-2731","Co_80_35_75","Road networks","En_80_94_30","Fixed bridges","SL_80_94","Bridge and structure spaces","1/09/2025 11:51 AM","Tay, Bryan","1046"
"2FC","QM16A6","HI17L0","B001","Fire Pump Building","F0290","F0290-B001","NTNP Maintenance and Operational Centre (MOC);Fire Pump Building","F0290","NTNP Maintenance and Operational Centre (MOC)","B001","Fire Pump Building",,,"2901","Co_80_35_75","Road networks","En_80_35_77","Service area buildings",,,"22/09/2025 2:33 PM","John Marsden-T2D","1048"
"2FC","DS65K4","HI17L0","B007","Fire Tank Yard","F0290","F0290-B007","NTNP Maintenance and Operational Centre (MOC);Fire Tank Yard","F0290","NTNP Maintenance and Operational Centre (MOC)","B007","Fire Tank Yard",,,"2907","Co_80_35_75","Road networks","En_80_35_77","Service area buildings",,,"22/09/2025 2:33 PM","John Marsden-T2D","1049"
"3FC","PA64Z2","YG70U2","S001","Cable Basement A, Basement Level (2.91.0.001)","B000","F0291-B000-S001","NTSP Maintenance and Operations Compound (MOC);Substation Building SS02 (A);Cable Basement A, Basement Level (2.91.0.001)","F0291","NTSP Maintenance and Operations Compound (MOC);Substation Building SS02 (A);Cable Basement A, Basement Level (2.91.0.001)","B000","Substation Building SS02 (A)","S001","Cable Basement A, Basement Level (2.91.0.001)","2910","Co_80_35_75","Road networks","En_90_90","Plant and control entities","SL_70_20_89","Transmission cable section","24/06/2026 12:14 PM","John Marsden-T2D","1050"
"3FC","VJ82U0","YG70U2","S002","Cable Basement A Entry, Basement Level (2.91.0.002)","B000","F0291-B000-S002","NTSP Maintenance and Operations Compound (MOC);Substation Building SS02 (A);Cable Basement A Entry, Basement Level (2.91.0.002)","F0291","NTSP Maintenance and Operations Compound (MOC);Substation Building SS02 (A);Cable Basement A Entry, Basement Level (2.91.0.002)","B000","Substation Building SS02 (A)","S002","Cable Basement A Entry, Basement Level (2.91.0.002)","2910","Co_80_35_75","Road networks","En_90_90","Plant and control entities","SL_90_90_01","Access floor voids","24/06/2026 12:14 PM","John Marsden-T2D","1051"
"3FC","YZ96I0","YG70U2","S003","HV Cable Trench A , Basement Level (2.91.0.003)","B000","F0291-B000-S003","NTSP Maintenance and Operations Compound (MOC);Substation Building SS02 (A);HV Cable Trench A , Basement Level (2.91.0.003)","F0291","NTSP Maintenance and Operations Compound (MOC);Substation Building SS02 (A);HV Cable Trench A , Basement Level (2.91.0.003)","B000","Substation Building SS02 (A)","S003","HV Cable Trench A , Basement Level (2.91.0.003)","2910","Co_80_35_75","Road networks","En_90_90","Plant and control entities","SL_70_20_89","Transmission cable section","24/06/2026 12:14 PM","John Marsden-T2D","1052"
"3FC","YK97N2","YG70U2","S101","LV Switchroom A, Ground Floor Level (2.91.0.101)","B000","F0291-B000-S101","NTSP Maintenance and Operations Compound (MOC);Substation Building SS02 (A);LV Switchroom A, Ground Floor Level (2.91.0.101)","F0291","NTSP Maintenance and Operations Compound (MOC);Substation Building SS02 (A);LV Switchroom A, Ground Floor Level (2.91.0.101)","B000","Substation Building SS02 (A)","S101","LV Switchroom A, Ground Floor Level (2.91.0.101)","2910","Co_80_35_75","Road networks","En_90_90","Plant and control entities","SL_90_90_85","Switch rooms","24/06/2026 12:14 PM","John Marsden-T2D","1053"
"3FC","KW63V6","YG70U2","S102","HV Transformer A, Ground Floor Level  (2.91.0.102)","B000","F0291-B000-S102","NTSP Maintenance and Operations Compound (MOC);Substation Building SS02 (A);HV Transformer A, Ground Floor Level  (2.91.0.102)","F0291","NTSP Maintenance and Operations Compound (MOC);Substation Building SS02 (A);HV Transformer A, Ground Floor Level  (2.91.0.102)","B000","Substation Building SS02 (A)","S102","HV Transformer A, Ground Floor Level  (2.91.0.102)","2910","Co_80_35_75","Road networks","En_90_90","Plant and control entities","SL_70_20_64 ","Power transformer equipment bay","24/06/2026 12:14 PM","John Marsden-T2D","1054"
"3FC","LO45R9","YG70U2","S103","HV Switchroom A, Ground Floor Level  (2.91.0.103)","B000","F0291-B000-S103","NTSP Maintenance and Operations Compound (MOC);Substation Building SS02 (A);HV Switchroom A, Ground Floor Level  (2.91.0.103)","F0291","NTSP Maintenance and Operations Compound (MOC);Substation Building SS02 (A);HV Switchroom A, Ground Floor Level  (2.91.0.103)","B000","Substation Building SS02 (A)","S103","HV Switchroom A, Ground Floor Level  (2.91.0.103)","2910","Co_80_35_75","Road networks","En_90_90","Plant and control entities","SL_90_90_85","Switch rooms","24/06/2026 12:14 PM","John Marsden-T2D","1055"
"3FC","DH72V3","YG70U2","S301","LV Roof A, Roof Level, Substation Building (A) (2.91.0.301)","B000","F0291-B000-S301","NTSP Maintenance and Operations Compound (MOC);Substation Building SS02 (A);LV Roof A, Roof Level, Substation Building (A) (2.91.0.301)","F0291","NTSP Maintenance and Operations Compound (MOC);Substation Building SS02 (A);LV Roof A, Roof Level, Substation Building (A) (2.91.0.301)","B000","Substation Building SS02 (A)","S301","LV Roof A, Roof Level, Substation Building (A) (2.91.0.301)","2910","Co_80_35_75","Road networks","En_90_90","Plant and control entities","SL_90_60_72","Roof surface spaces","24/06/2026 12:14 PM","John Marsden-T2D","1056"
"3FC","KX87K8","YG70U2","S302","HV Roof A, Roof Level, Substation Building (A) (2.91.0.302)","B000","F0291-B000-S302","NTSP Maintenance and Operations Compound (MOC);Substation Building SS02 (A);HV Roof A, Roof Level, Substation Building (A) (2.91.0.302)","F0291","NTSP Maintenance and Operations Compound (MOC);Substation Building SS02 (A);HV Roof A, Roof Level, Substation Building (A) (2.91.0.302)","B000","Substation Building SS02 (A)","S302","HV Roof A, Roof Level, Substation Building (A) (2.91.0.302)","2910","Co_80_35_75","Road networks","En_90_90","Plant and control entities","SL_90_60_72","Roof surface spaces","24/06/2026 12:14 PM","John Marsden-T2D","1057"
"3FC","AJ71J2","XG24N4","S001","Cable Basement B, Basement Level (2.91.5.001)","B005","F0291-B005-S001","NTSP Maintenance and Operations Compound (MOC);Substation Building SS02 (B);Cable Basement B, Basement Level (2.91.5.001)","F0291","NTSP Maintenance and Operations Compound (MOC);Substation Building SS02 (B);Cable Basement B, Basement Level (2.91.5.001)","B005","Substation Building SS02 (B)","S001","Cable Basement B, Basement Level (2.91.5.001)","2915","Co_80_35_75","Road networks","En_90_90","Plant and control entities","SL_70_20_89","Transmission cable section","24/06/2026 12:15 PM","John Marsden-T2D","1058"
"3FC","NE30X6","XG24N4","S002","Cable Basement B Entry, Basement Level (2.91.5.002)","B005","F0291-B005-S002","NTSP Maintenance and Operations Compound (MOC);Substation Building SS02 (B);Cable Basement B Entry, Basement Level (2.91.5.002)","F0291","NTSP Maintenance and Operations Compound (MOC);Substation Building SS02 (B);Cable Basement B Entry, Basement Level (2.91.5.002)","B005","Substation Building SS02 (B)","S002","Cable Basement B Entry, Basement Level (2.91.5.002)","2915","Co_80_35_75","Road networks","En_90_90","Plant and control entities","SL_70_20_89","Transmission cable section","24/06/2026 12:15 PM","John Marsden-T2D","1059"
"3FC","RP57M3","XG24N4","S003","HV Cable Trench B, Basement Level (2.91.5.003)","B005","F0291-B005-S003","NTSP Maintenance and Operations Compound (MOC);Substation Building SS02 (B);HV Cable Trench B, Basement Level (2.91.5.003)","F0291","NTSP Maintenance and Operations Compound (MOC);Substation Building SS02 (B);HV Cable Trench B, Basement Level (2.91.5.003)","B005","Substation Building SS02 (B)","S003","HV Cable Trench B, Basement Level (2.91.5.003)","2915","Co_80_35_75","Road networks","En_90_90","Plant and control entities","SL_70_20_89","Transmission cable section","24/06/2026 12:15 PM","John Marsden-T2D","1060"
"3FC","RG25B8","XG24N4","S101","LV Switchroom B, Ground Floor Level (2.91.5.101)","B005","F0291-B005-S101","NTSP Maintenance and Operations Compound (MOC);Substation Building SS02 (B);LV Switchroom B, Ground Floor Level (2.91.5.101)","F0291","NTSP Maintenance and Operations Compound (MOC);Substation Building SS02 (B);LV Switchroom B, Ground Floor Level (2.91.5.101)","B005","Substation Building SS02 (B)","S101","LV Switchroom B, Ground Floor Level (2.91.5.101)","2915","Co_80_35_75","Road networks","En_90_90","Plant and control entities","SL_90_90_85","Switch rooms","24/06/2026 12:15 PM","John Marsden-T2D","1061"
"3FC","CA00M7","XG24N4","S102","HV Transformer B, Ground Floor Level (2.91.5.102)","B005","F0291-B005-S102","NTSP Maintenance and Operations Compound (MOC);Substation Building SS02 (B);HV Transformer B, Ground Floor Level (2.91.5.102)","F0291","NTSP Maintenance and Operations Compound (MOC);Substation Building SS02 (B);HV Transformer B, Ground Floor Level (2.91.5.102)","B005","Substation Building SS02 (B)","S102","HV Transformer B, Ground Floor Level (2.91.5.102)","2915","Co_80_35_75","Road networks","En_90_90","Plant and control entities","SL_70_20_64 ","Power transformer equipment bay","24/06/2026 12:15 PM","John Marsden-T2D","1062"
"3FC","MA94N2","XG24N4","S103","HV Switchroom B, Ground Floor Level (2.91.5.103)","B005","F0291-B005-S103","NTSP Maintenance and Operations Compound (MOC);Substation Building SS02 (B);HV Switchroom B, Ground Floor Level (2.91.5.103)","F0291","NTSP Maintenance and Operations Compound (MOC);Substation Building SS02 (B);HV Switchroom B, Ground Floor Level (2.91.5.103)","B005","Substation Building SS02 (B)","S103","HV Switchroom B, Ground Floor Level (2.91.5.103)","2915","Co_80_35_75","Road networks","En_90_90","Plant and control entities","SL_90_90_85","Switch rooms","24/06/2026 12:15 PM","John Marsden-T2D","1063"
"3FC","FI27W1","XG24N4","S301"," LV Roof B, Roof Level, Substation Building (B) (2.91.5.301)","B005","F0291-B005-S301","NTSP Maintenance and Operations Compound (MOC);Substation Building SS02 (B); LV Roof B, Roof Level, Substation Building (B) (2.91.5.301)","F0291","NTSP Maintenance and Operations Compound (MOC);Substation Building SS02 (B); LV Roof B, Roof Level, Substation Building (B) (2.91.5.301)","B005","Substation Building SS02 (B)","S301"," LV Roof B, Roof Level, Substation Building (B) (2.91.5.301)","2915","Co_80_35_75","Road networks","En_90_90","Plant and control entities","SL_90_60_72","Roof surface spaces","24/06/2026 12:15 PM","John Marsden-T2D","1064"
"3FC","HF64Z3","XG24N4","S302","HV Roof B, Roof Level,  Substation Building (B) (2.91.5.302)","B005","F0291-B005-S302","NTSP Maintenance and Operations Compound (MOC);Substation Building SS02 (B);HV Roof B, Roof Level,  Substation Building (B) (2.91.5.302)","F0291","NTSP Maintenance and Operations Compound (MOC);Substation Building SS02 (B);HV Roof B, Roof Level,  Substation Building (B) (2.91.5.302)","B005","Substation Building SS02 (B)","S302","HV Roof B, Roof Level,  Substation Building (B) (2.91.5.302)","2915","Co_80_35_75","Road networks","En_90_90","Plant and control entities","SL_90_60_72","Roof surface spaces","24/06/2026 12:15 PM","John Marsden-T2D","1065"
"3FC","SI13R9","LP29R8","S101","Computer Equipment Room, Ground Floor Level (2.91.3.101)","B003","F0291-B003-S101","NTSP Maintenance and Operations Compound (MOC);Computer Equipment Room;Computer Equipment Room, Ground Floor Level (2.91.3.101)","F0291","NTSP Maintenance and Operations Compound (MOC);Computer Equipment Room;Computer Equipment Room, Ground Floor Level (2.91.3.101)","B003","Computer Equipment Room","S101","Computer Equipment Room, Ground Floor Level (2.91.3.101)","2913","Co_80_35_75","Road networks","En_90_90","Plant and control entities","SL_75_70","Control and management spaces","24/06/2026 12:15 PM","John Marsden-T2D","1066"
"3FC","CF76W1","LP29R8","S102","Airlock, Ground Floor Level (2.91.3.102)","B003","F0291-B003-S102","NTSP Maintenance and Operations Compound (MOC);Computer Equipment Room;Airlock, Ground Floor Level (2.91.3.102)","F0291","NTSP Maintenance and Operations Compound (MOC);Computer Equipment Room;Airlock, Ground Floor Level (2.91.3.102)","B003","Computer Equipment Room","S102","Airlock, Ground Floor Level (2.91.3.102)","2913","Co_80_35_75","Road networks","En_90_90","Plant and control entities","SL_90_60_72","Roof surface spaces","24/06/2026 12:15 PM","John Marsden-T2D","1067"
"3FC","FF93Q4","LP29R8","S103","Cleaner's, Ground Floor Level (2.91.3.103)","B003","F0291-B003-S103","NTSP Maintenance and Operations Compound (MOC);Computer Equipment Room;Cleaner's, Ground Floor Level (2.91.3.103)","F0291","NTSP Maintenance and Operations Compound (MOC);Computer Equipment Room;Cleaner's, Ground Floor Level (2.91.3.103)","B003","Computer Equipment Room","S103","Cleaner's, Ground Floor Level (2.91.3.103)","2913","Co_80_35_75","Road networks","En_90_90","Plant and control entities","SL_90_50_16","Cleaners' stores","24/06/2026 12:15 PM","John Marsden-T2D","1068"
"3FC","MB78K6","LP29R8","S104","Ablution Facility, Ground Floor Level (2.91.3.104)","B003","F0291-B003-S104","NTSP Maintenance and Operations Compound (MOC);Computer Equipment Room;Ablution Facility, Ground Floor Level (2.91.3.104)","F0291","NTSP Maintenance and Operations Compound (MOC);Computer Equipment Room;Ablution Facility, Ground Floor Level (2.91.3.104)","B003","Computer Equipment Room","S104","Ablution Facility, Ground Floor Level (2.91.3.104)","2913","Co_80_35_75","Road networks","En_90_90","Plant and control entities","SL_75_70","Control and management spaces","24/06/2026 12:15 PM","John Marsden-T2D","1069"
"3FC","OD68N9","LP29R8","S301","Roof, Roof Level, Computer Equipment Room (2.91.3.301)","B003","F0291-B003-S301","NTSP Maintenance and Operations Compound (MOC);Computer Equipment Room;Roof, Roof Level, Computer Equipment Room (2.91.3.301)","F0291","NTSP Maintenance and Operations Compound (MOC);Computer Equipment Room;Roof, Roof Level, Computer Equipment Room (2.91.3.301)","B003","Computer Equipment Room","S301","Roof, Roof Level, Computer Equipment Room (2.91.3.301)","2913","Co_80_35_75","Road networks","En_90_90","Plant and control entities","SL_90_60_72","Roof surface spaces","24/06/2026 12:15 PM","John Marsden-T2D","1070"
"3FC","LF18H6","TW11K9","S101","Water Treatment Plant, Ground Floor Level (2.91.6.101)","B006","F0291-B006-S101","NTSP Maintenance and Operations Compound (MOC);Water Treatment Facility;Water Treatment Plant, Ground Floor Level (2.91.6.101)","F0291","NTSP Maintenance and Operations Compound (MOC);Water Treatment Facility;Water Treatment Plant, Ground Floor Level (2.91.6.101)","B006","Water Treatment Facility","S101","Water Treatment Plant, Ground Floor Level (2.91.6.101)","2916","Co_80_35_75","Road networks","En_50_75","Wastewater storage, treatment and disposal","SL_50_70","Drainage treatment and disposal spaces","24/06/2026 12:16 PM","John Marsden-T2D","1071"
"3FC","ZV47A0","WZ17S0","S001","Cable Pit B, Basement Level (2.91.8.001)","B008","F0291-B008-S001","NTSP Maintenance and Operations Compound (MOC);Ventilation Facility;Cable Pit B, Basement Level (2.91.8.001)","F0291","NTSP Maintenance and Operations Compound (MOC);Ventilation Facility;Cable Pit B, Basement Level (2.91.8.001)","B008","Ventilation Facility","S001","Cable Pit B, Basement Level (2.91.8.001)","2918","Co_80_35_75","Road networks","En_65_40_80","Shaft and tunnel ventilation plant building","SL_70_20_89","Transmission cable section","24/06/2026 12:33 PM","John Marsden-T2D","1072"
"3FC","TD24W1","WZ17S0","S002","Cable Pit A, Basement Level (2.91.8.002)","B008","F0291-B008-S002","NTSP Maintenance and Operations Compound (MOC);Ventilation Facility;Cable Pit A, Basement Level (2.91.8.002)","F0291","NTSP Maintenance and Operations Compound (MOC);Ventilation Facility;Cable Pit A, Basement Level (2.91.8.002)","B008","Ventilation Facility","S002","Cable Pit A, Basement Level (2.91.8.002)","2918","Co_80_35_75","Road networks","En_65_40_80","Shaft and tunnel ventilation plant building","SL_70_20_89","Transmission cable section","24/06/2026 12:33 PM","John Marsden-T2D","1073"
"3FC","SL00H4","WZ17S0","S101","Loading Dock, Ground Floor Level (2.91.8.101)","B008","F0291-B008-S101","NTSP Maintenance and Operations Compound (MOC);Ventilation Facility;Loading Dock, Ground Floor Level (2.91.8.101)","F0291","NTSP Maintenance and Operations Compound (MOC);Ventilation Facility;Loading Dock, Ground Floor Level (2.91.8.101)","B008","Ventilation Facility","S101","Loading Dock, Ground Floor Level (2.91.8.101)","2918","Co_80_35_75","Road networks","En_65_40_80","Shaft and tunnel ventilation plant building","SL_90_90","Plant and control spaces","24/06/2026 12:33 PM","John Marsden-T2D","1074"
"3FC","TY03Y8","WZ17S0","S102","Disassembly Area, Ground Floor Level (2.91.8.102)","B008","F0291-B008-S102","NTSP Maintenance and Operations Compound (MOC);Ventilation Facility;Disassembly Area, Ground Floor Level (2.91.8.102)","F0291","NTSP Maintenance and Operations Compound (MOC);Ventilation Facility;Disassembly Area, Ground Floor Level (2.91.8.102)","B008","Ventilation Facility","S102","Disassembly Area, Ground Floor Level (2.91.8.102)","2918","Co_80_35_75","Road networks","En_65_40_80","Shaft and tunnel ventilation plant building","SL_90_90","Plant and control spaces","24/06/2026 12:33 PM","John Marsden-T2D","1075"
"3FC","ZL88L2","WZ17S0","S103","Low Pressure Ventilation Room, Ground Floor Level (2.91.8.103)","B008","F0291-B008-S103","NTSP Maintenance and Operations Compound (MOC);Ventilation Facility;Low Pressure Ventilation Room, Ground Floor Level (2.91.8.103)","F0291","NTSP Maintenance and Operations Compound (MOC);Ventilation Facility;Low Pressure Ventilation Room, Ground Floor Level (2.91.8.103)","B008","Ventilation Facility","S103","Low Pressure Ventilation Room, Ground Floor Level (2.91.8.103)","2918","Co_80_35_75","Road networks","En_65_40_80","Shaft and tunnel ventilation plant building","SL_90_50"," Storage spaces","24/06/2026 12:33 PM","John Marsden-T2D","1076"
"3FC","AI94D3","WZ17S0","S104","Cable Reticulation B, Ground Floor Level (2.91.8.104)","B008","F0291-B008-S104","NTSP Maintenance and Operations Compound (MOC);Ventilation Facility;Cable Reticulation B, Ground Floor Level (2.91.8.104)","F0291","NTSP Maintenance and Operations Compound (MOC);Ventilation Facility;Cable Reticulation B, Ground Floor Level (2.91.8.104)","B008","Ventilation Facility","S104","Cable Reticulation B, Ground Floor Level (2.91.8.104)","2918","Co_80_35_75","Road networks","En_65_40_80","Shaft and tunnel ventilation plant building","SL_90_90","Plant and control spaces","24/06/2026 12:33 PM","John Marsden-T2D","1077"
"3FC","AP42C8","VE07R2","SB02","Riser (Electrical B) (2.91.8.105)","B004","F0281-B004-SB02","Northern Tunnel, Southern  Portal (NTSP);Risers;Riser (Electrical B) (2.91.8.105)","F0281","Northern Tunnel, Southern  Portal (NTSP);Risers;Riser (Electrical B) (2.91.8.105)","B004","Risers","SB02","Riser (Electrical B) (2.91.8.105)","2814","Co_80_35_75","Road networks","En_80_96_91","Tunnel portals","SL_90_90_78","Services shafts","24/06/2026 12:28 PM","John Marsden-T2D","1078"
"3FC","JJ97C2","CL35Q2","S106","Shaft Stairs, Ground Floor (2.91.8.106)","B007","F0281-B007-S106","Northern Tunnel, Southern  Portal (NTSP);Portal Stairway;Shaft Stairs, Ground Floor (2.91.8.106)","F0281","Northern Tunnel, Southern  Portal (NTSP);Portal Stairway;Shaft Stairs, Ground Floor (2.91.8.106)","B007","Portal Stairway","S106","Shaft Stairs, Ground Floor (2.91.8.106)","2817","Co_80_35_75","Road networks","En_80_96_91","Tunnel portals","SL_90_10_87","Stairways","24/06/2026 12:30 PM","John Marsden-T2D","1079"
"3FC","GW69F1","CL35Q2","SB01","Shaft Stairs, Base Slab (2.91.8.107)","B007","F0281-B007-SB01","Northern Tunnel, Southern  Portal (NTSP);Portal Stairway;Shaft Stairs, Base Slab (2.91.8.107)","F0281","Northern Tunnel, Southern  Portal (NTSP);Portal Stairway;Shaft Stairs, Base Slab (2.91.8.107)","B007","Portal Stairway","SB01","Shaft Stairs, Base Slab (2.91.8.107)","2817","Co_80_35_75","Road networks","En_80_96_91","Tunnel portals","SL_90_10_87","Stairways","24/06/2026 12:29 PM","John Marsden-T2D","1080"
"3FC","BA70C6","VE07R2","SB03","Riser (HYD) (2.91.8.108)","B004","F0281-B004-SB03","Northern Tunnel, Southern  Portal (NTSP);Risers;Riser (HYD) (2.91.8.108)","F0281","Northern Tunnel, Southern  Portal (NTSP);Risers;Riser (HYD) (2.91.8.108)","B004","Risers","SB03","Riser (HYD) (2.91.8.108)","2814","Co_80_35_75","Road networks","En_80_96_91","Tunnel portals","SL_90_90_78","Services shafts","24/06/2026 12:28 PM","John Marsden-T2D","1081"
"3FC","AX63I7","WZ17S0","S109","Store Room, Ground Floor Level (2.91.8.109)","B008","F0291-B008-S109","NTSP Maintenance and Operations Compound (MOC);Ventilation Facility;Store Room, Ground Floor Level (2.91.8.109)","F0291","NTSP Maintenance and Operations Compound (MOC);Ventilation Facility;Store Room, Ground Floor Level (2.91.8.109)","B008","Ventilation Facility","S109","Store Room, Ground Floor Level (2.91.8.109)","2918","Co_80_35_75","Road networks","En_65_40_80","Shaft and tunnel ventilation plant building","SL_90_90","Plant and control spaces","24/06/2026 12:34 PM","John Marsden-T2D","1082"
"3FC","FQ34T6","VE07R2","SB04","Stair Services (MECH Riser) (2.91.8.110)","B004","F0281-B004-SB04","Northern Tunnel, Southern  Portal (NTSP);Risers;Stair Services (MECH Riser) (2.91.8.110)","F0281","Northern Tunnel, Southern  Portal (NTSP);Risers;Stair Services (MECH Riser) (2.91.8.110)","B004","Risers","SB04","Stair Services (MECH Riser) (2.91.8.110)","2814","Co_80_35_75","Road networks","En_80_96_91","Tunnel portals","SL_90_90_78","Services shafts","24/06/2026 12:29 PM","John Marsden-T2D","1083"
"3FC","OJ31Q5","WZ17S0","S111","Invert Fan Plenum, Ground Floor Level (2.91.8.111)","B008","F0291-B008-S111","NTSP Maintenance and Operations Compound (MOC);Ventilation Facility;Invert Fan Plenum, Ground Floor Level (2.91.8.111)","F0291","NTSP Maintenance and Operations Compound (MOC);Ventilation Facility;Invert Fan Plenum, Ground Floor Level (2.91.8.111)","B008","Ventilation Facility","S111","Invert Fan Plenum, Ground Floor Level (2.91.8.111)","2918","Co_80_35_75","Road networks","En_65_40_80","Shaft and tunnel ventilation plant building","SL_90_90","Plant and control spaces","24/06/2026 12:34 PM","John Marsden-T2D","1084"
"3FC","XP02K2","WZ17S0","S112","Invert Ventilation Room, Ground Floor Level (2.91.8.112)","B008","F0291-B008-S112","NTSP Maintenance and Operations Compound (MOC);Ventilation Facility;Invert Ventilation Room, Ground Floor Level (2.91.8.112)","F0291","NTSP Maintenance and Operations Compound (MOC);Ventilation Facility;Invert Ventilation Room, Ground Floor Level (2.91.8.112)","B008","Ventilation Facility","S112","Invert Ventilation Room, Ground Floor Level (2.91.8.112)","2918","Co_80_35_75","Road networks","En_65_40_80","Shaft and tunnel ventilation plant building","SL_90_90","Plant and control spaces","24/06/2026 12:34 PM","John Marsden-T2D","1085"
"3FC","HM73E0","WZ17S0","S113","Louvre Plenum, Ground Floor Level (2.91.8.113)","B008","F0291-B008-S113","NTSP Maintenance and Operations Compound (MOC);Ventilation Facility;Louvre Plenum, Ground Floor Level (2.91.8.113)","F0291","NTSP Maintenance and Operations Compound (MOC);Ventilation Facility;Louvre Plenum, Ground Floor Level (2.91.8.113)","B008","Ventilation Facility","S113","Louvre Plenum, Ground Floor Level (2.91.8.113)","2918","Co_80_35_75","Road networks","En_65_40_80","Shaft and tunnel ventilation plant building","SL_90_90","Plant and control spaces","24/06/2026 12:34 PM","John Marsden-T2D","1086"
"3FC","QY53L3","WZ17S0","S114","Airlock, Ground Floor Level (2.91.8.114)","B008","F0291-B008-S114","NTSP Maintenance and Operations Compound (MOC);Ventilation Facility;Airlock, Ground Floor Level (2.91.8.114)","F0291","NTSP Maintenance and Operations Compound (MOC);Ventilation Facility;Airlock, Ground Floor Level (2.91.8.114)","B008","Ventilation Facility","S114","Airlock, Ground Floor Level (2.91.8.114)","2918","Co_80_35_75","Road networks","En_65_40_80","Shaft and tunnel ventilation plant building","SL_90_10_02","Airlocks","24/06/2026 12:34 PM","John Marsden-T2D","1087"
"3FC","ZS05A5","WZ17S0","S115","Electrical Equipment Room, Ground Floor Level (2.91.8.115)","B008","F0291-B008-S115","NTSP Maintenance and Operations Compound (MOC);Ventilation Facility;Electrical Equipment Room, Ground Floor Level (2.91.8.115)","F0291","NTSP Maintenance and Operations Compound (MOC);Ventilation Facility;Electrical Equipment Room, Ground Floor Level (2.91.8.115)","B008","Ventilation Facility","S115","Electrical Equipment Room, Ground Floor Level (2.91.8.115)","2918","Co_80_35_75","Road networks","En_65_40_80","Shaft and tunnel ventilation plant building","SL_90_90","Plant and control spaces","24/06/2026 12:34 PM","John Marsden-T2D","1088"
"3FC","EI27J0","WZ17S0","S116","Cable Reticulation A, Ground Floor Level (2.91.8.116)","B008","F0291-B008-S116","NTSP Maintenance and Operations Compound (MOC);Ventilation Facility;Cable Reticulation A, Ground Floor Level (2.91.8.116)","F0291","NTSP Maintenance and Operations Compound (MOC);Ventilation Facility;Cable Reticulation A, Ground Floor Level (2.91.8.116)","B008","Ventilation Facility","S116","Cable Reticulation A, Ground Floor Level (2.91.8.116)","2918","Co_80_35_75","Road networks","En_65_40_80","Shaft and tunnel ventilation plant building","SL_90_90","Plant and control spaces","24/06/2026 12:34 PM","John Marsden-T2D","1089"
"3FC","AJ96Q8","VE07R2","SB01","Riser (Electrical A) (2.91.8.117)","B004","F0281-B004-SB01","Northern Tunnel, Southern  Portal (NTSP);Risers;Riser (Electrical A) (2.91.8.117)","F0281","Northern Tunnel, Southern  Portal (NTSP);Risers;Riser (Electrical A) (2.91.8.117)","B004","Risers","SB01","Riser (Electrical A) (2.91.8.117)","2814","Co_80_35_75","Road networks","En_80_96_91","Tunnel portals","SL_90_90_78","Services shafts","24/06/2026 12:28 PM","John Marsden-T2D","1090"
"3FC","RB75V5","WZ17S0","S201","Fan Plenum, First Floor Level (2.91.8.201)","B008","F0291-B008-S201","NTSP Maintenance and Operations Compound (MOC);Ventilation Facility;Fan Plenum, First Floor Level (2.91.8.201)","F0291","NTSP Maintenance and Operations Compound (MOC);Ventilation Facility;Fan Plenum, First Floor Level (2.91.8.201)","B008","Ventilation Facility","S201","Fan Plenum, First Floor Level (2.91.8.201)","2918","Co_80_35_75","Road networks","En_65_40_80","Shaft and tunnel ventilation plant building","SL_90_90","Plant and control spaces","24/06/2026 12:35 PM","John Marsden-T2D","1091"
"3FC","IY89X1","CL35Q2","S202","Shaft Stairs, Level 1 (2.91.8.202)","B007","F0281-B007-S202","Northern Tunnel, Southern  Portal (NTSP);Portal Stairway;Shaft Stairs, Level 1 (2.91.8.202)","F0281","Northern Tunnel, Southern  Portal (NTSP);Portal Stairway;Shaft Stairs, Level 1 (2.91.8.202)","B007","Portal Stairway","S202","Shaft Stairs, Level 1 (2.91.8.202)","2817","Co_80_35_75","Road networks","En_80_96_91","Tunnel portals","SL_90_10_87","Stairways","24/06/2026 12:30 PM","John Marsden-T2D","1092"
"3FC","QC73W4","WZ17S0","S203","HYD Riser, First Floor Level (2.91.8.203)","B008","F0291-B008-S203","NTSP Maintenance and Operations Compound (MOC);Ventilation Facility;HYD Riser, First Floor Level (2.91.8.203)","F0291","NTSP Maintenance and Operations Compound (MOC);Ventilation Facility;HYD Riser, First Floor Level (2.91.8.203)","B008","Ventilation Facility","S203","HYD Riser, First Floor Level (2.91.8.203)","2918","Co_80_35_75","Road networks","En_65_40_80","Shaft and tunnel ventilation plant building","SL_90_90","Plant and control spaces","24/06/2026 12:37 PM","John Marsden-T2D","1093"
"3FC","ZX04S7","WZ17S0","S301","Disassembly Roof,  Roof Level, Ventilation Facility (2.91.8.301)","B008","F0291-B008-S301","NTSP Maintenance and Operations Compound (MOC);Ventilation Facility;Disassembly Roof,  Roof Level, Ventilation Facility (2.91.8.301)","F0291","NTSP Maintenance and Operations Compound (MOC);Ventilation Facility;Disassembly Roof,  Roof Level, Ventilation Facility (2.91.8.301)","B008","Ventilation Facility","S301","Disassembly Roof,  Roof Level, Ventilation Facility (2.91.8.301)","2918","Co_80_35_75","Road networks","En_65_40_80","Shaft and tunnel ventilation plant building","SL_90_60_72","Roof surface spaces","24/06/2026 12:36 PM","John Marsden-T2D","1094"
"3FC","KX11L3","WZ17S0","S302"," Plenum Roof,  Roof Level, Ventilation Facility (2.91.8.302)","B008","F0291-B008-S302","NTSP Maintenance and Operations Compound (MOC);Ventilation Facility; Plenum Roof,  Roof Level, Ventilation Facility (2.91.8.302)","F0291","NTSP Maintenance and Operations Compound (MOC);Ventilation Facility; Plenum Roof,  Roof Level, Ventilation Facility (2.91.8.302)","B008","Ventilation Facility","S302"," Plenum Roof,  Roof Level, Ventilation Facility (2.91.8.302)","2918","Co_80_35_75","Road networks","En_65_40_80","Shaft and tunnel ventilation plant building","SL_90_60_72","Roof surface spaces","24/06/2026 12:36 PM","John Marsden-T2D","1095"
"3FC","AG48V0","WZ17S0","S303","Vent Outlet,  Roof Level, Ventilation Facility (2.91.8.303)","B008","F0291-B008-S303","NTSP Maintenance and Operations Compound (MOC);Ventilation Facility;Vent Outlet,  Roof Level, Ventilation Facility (2.91.8.303)","F0291","NTSP Maintenance and Operations Compound (MOC);Ventilation Facility;Vent Outlet,  Roof Level, Ventilation Facility (2.91.8.303)","B008","Ventilation Facility","S303","Vent Outlet,  Roof Level, Ventilation Facility (2.91.8.303)","2918","Co_80_35_75","Road networks","En_65_40_80","Shaft and tunnel ventilation plant building","SL_90_60_72","Roof surface spaces","24/06/2026 12:36 PM","John Marsden-T2D","1096"
"3FC","LR53M0","CL35Q2","S304","Shaft Stairs, Level 2 (2.91.8.304)","B007","F0281-B007-S304","Northern Tunnel, Southern  Portal (NTSP);Portal Stairway;Shaft Stairs, Level 2 (2.91.8.304)","F0281","Northern Tunnel, Southern  Portal (NTSP);Portal Stairway;Shaft Stairs, Level 2 (2.91.8.304)","B007","Portal Stairway","S304","Shaft Stairs, Level 2 (2.91.8.304)","2817","Co_80_35_75","Road networks","En_80_96_91","Tunnel portals","SL_90_10_87","Stairways","24/06/2026 12:30 PM","John Marsden-T2D","1097"
"3FC","MJ38B8","WZ17S0","S305","Invert Fan Roof,  Roof Level, Ventilation Facility (2.91.8.305)","B008","F0291-B008-S305","NTSP Maintenance and Operations Compound (MOC);Ventilation Facility;Invert Fan Roof,  Roof Level, Ventilation Facility (2.91.8.305)","F0291","NTSP Maintenance and Operations Compound (MOC);Ventilation Facility;Invert Fan Roof,  Roof Level, Ventilation Facility (2.91.8.305)","B008","Ventilation Facility","S305","Invert Fan Roof,  Roof Level, Ventilation Facility (2.91.8.305)","2918","Co_80_35_75","Road networks","En_65_40_80","Shaft and tunnel ventilation plant building","SL_90_60_72","Roof surface spaces","24/06/2026 12:36 PM","John Marsden-T2D","1098"
"3FC","QJ88J4","HJ53R4","S901","External - Vent MOC Entry Exit (2.91.9.101)","B009","F0291-B009-S901","NTSP Maintenance and Operations Compound (MOC);Within MOC Facility Boundary;External - Vent MOC Entry Exit (2.91.9.101)","F0291","NTSP Maintenance and Operations Compound (MOC);Within MOC Facility Boundary;External - Vent MOC Entry Exit (2.91.9.101)","B009","Within MOC Facility Boundary","S901","External - Vent MOC Entry Exit (2.91.9.101)","2919","Co_80_35_75","Road networks","En_90_10_77","External service areas","SL_32_35","Ground spaces","24/06/2026 12:17 PM","John Marsden-T2D","1099"
"3FC","MU72F2","HJ53R4","S902","External - Ventilation Compound Driveway (2.91.9.102)","B009","F0291-B009-S902","NTSP Maintenance and Operations Compound (MOC);Within MOC Facility Boundary;External - Ventilation Compound Driveway (2.91.9.102)","F0291","NTSP Maintenance and Operations Compound (MOC);Within MOC Facility Boundary;External - Ventilation Compound Driveway (2.91.9.102)","B009","Within MOC Facility Boundary","S902","External - Ventilation Compound Driveway (2.91.9.102)","2919","Co_80_35_75","Road networks","En_90_10_77","External service areas","SL_32_35","Ground spaces","24/06/2026 12:17 PM","John Marsden-T2D","1100"
"3FC","JA18M1","HJ53R4","S903","External - Ventilation Compund Rear Yard (2.91.9.103)","B009","F0291-B009-S903","NTSP Maintenance and Operations Compound (MOC);Within MOC Facility Boundary;External - Ventilation Compund Rear Yard (2.91.9.103)","F0291","NTSP Maintenance and Operations Compound (MOC);Within MOC Facility Boundary;External - Ventilation Compund Rear Yard (2.91.9.103)","B009","Within MOC Facility Boundary","S903","External - Ventilation Compund Rear Yard (2.91.9.103)","2919","Co_80_35_75","Road networks","En_90_10_77","External service areas","SL_32_35","Ground spaces","24/06/2026 12:17 PM","John Marsden-T2D","1101"
"3FC","RN52Z7","HJ53R4","S904","External - Loading Dock (2.91.9.104)","B009","F0291-B009-S904","NTSP Maintenance and Operations Compound (MOC);Within MOC Facility Boundary;External - Loading Dock (2.91.9.104)","F0291","NTSP Maintenance and Operations Compound (MOC);Within MOC Facility Boundary;External - Loading Dock (2.91.9.104)","B009","Within MOC Facility Boundary","S904","External - Loading Dock (2.91.9.104)","2919","Co_80_35_75","Road networks","En_90_10_77","External service areas","SL_32_35","Ground spaces","24/06/2026 12:17 PM","John Marsden-T2D","1102"
"3FC","QH69V6","HJ53R4","S905","External - Vent MOC Truck Entry (2.91.9.105)","B009","F0291-B009-S905","NTSP Maintenance and Operations Compound (MOC);Within MOC Facility Boundary;External - Vent MOC Truck Entry (2.91.9.105)","F0291","NTSP Maintenance and Operations Compound (MOC);Within MOC Facility Boundary;External - Vent MOC Truck Entry (2.91.9.105)","B009","Within MOC Facility Boundary","S905","External - Vent MOC Truck Entry (2.91.9.105)","2919","Co_80_35_75","Road networks","En_90_10_77","External service areas","SL_32_35","Ground spaces","24/06/2026 12:17 PM","John Marsden-T2D","1103"
"3FC","NB76I6","HJ53R4","S906","External - Buildings MOC Entry (2.91.9.106)","B009","F0291-B009-S906","NTSP Maintenance and Operations Compound (MOC);Within MOC Facility Boundary;External - Buildings MOC Entry (2.91.9.106)","F0291","NTSP Maintenance and Operations Compound (MOC);Within MOC Facility Boundary;External - Buildings MOC Entry (2.91.9.106)","B009","Within MOC Facility Boundary","S906","External - Buildings MOC Entry (2.91.9.106)","2919","Co_80_35_75","Road networks","En_90_10_77","External service areas","SL_32_35","Ground spaces","24/06/2026 12:17 PM","John Marsden-T2D","1104"
"3FC","DF02C4","HJ53R4","S907","External - Buildings MOC Driveway (2.91.9.107)","B009","F0291-B009-S907","NTSP Maintenance and Operations Compound (MOC);Within MOC Facility Boundary;External - Buildings MOC Driveway (2.91.9.107)","F0291","NTSP Maintenance and Operations Compound (MOC);Within MOC Facility Boundary;External - Buildings MOC Driveway (2.91.9.107)","B009","Within MOC Facility Boundary","S907","External - Buildings MOC Driveway (2.91.9.107)","2919","Co_80_35_75","Road networks","En_90_10_77","External service areas","SL_32_35","Ground spaces","24/06/2026 12:17 PM","John Marsden-T2D","1105"
"3FC","YY58D4","HJ53R4","S908","External - Buildings Car Park (2.91.9.108)","B009","F0291-B009-S908","NTSP Maintenance and Operations Compound (MOC);Within MOC Facility Boundary;External - Buildings Car Park (2.91.9.108)","F0291","NTSP Maintenance and Operations Compound (MOC);Within MOC Facility Boundary;External - Buildings Car Park (2.91.9.108)","B009","Within MOC Facility Boundary","S908","External - Buildings Car Park (2.91.9.108)","2919","Co_80_35_75","Road networks","En_90_10_77","External service areas","SL_32_35","Ground spaces","24/06/2026 12:17 PM","John Marsden-T2D","1106"
"3FC","IA65B9","HJ53R4","S909","External - Substation Loading Area (2.91.9.109)","B009","F0291-B009-S909","NTSP Maintenance and Operations Compound (MOC);Within MOC Facility Boundary;External - Substation Loading Area (2.91.9.109)","F0291","NTSP Maintenance and Operations Compound (MOC);Within MOC Facility Boundary;External - Substation Loading Area (2.91.9.109)","B009","Within MOC Facility Boundary","S909","External - Substation Loading Area (2.91.9.109)","2919","Co_80_35_75","Road networks","En_90_10_77","External service areas","SL_32_35","Ground spaces","24/06/2026 12:17 PM","John Marsden-T2D","1107"
"3FC","NX35A7","HJ53R4","S910","External -  Buildings Compound Rear Yard (2.91.9.110)","B009","F0291-B009-S910","NTSP Maintenance and Operations Compound (MOC);Within MOC Facility Boundary;External -  Buildings Compound Rear Yard (2.91.9.110)","F0291","NTSP Maintenance and Operations Compound (MOC);Within MOC Facility Boundary;External -  Buildings Compound Rear Yard (2.91.9.110)","B009","Within MOC Facility Boundary","S910","External -  Buildings Compound Rear Yard (2.91.9.110)","2919","Co_80_35_75","Road networks","En_90_10_77","External service areas","SL_32_35","Ground spaces","24/06/2026 12:17 PM","John Marsden-T2D","1108"
"3FC","GL04R1","HJ53R4","S911","External - Buildings MOC Exit (2.91.9.111)","B009","F0291-B009-S911","NTSP Maintenance and Operations Compound (MOC);Within MOC Facility Boundary;External - Buildings MOC Exit (2.91.9.111)","F0291","NTSP Maintenance and Operations Compound (MOC);Within MOC Facility Boundary;External - Buildings MOC Exit (2.91.9.111)","B009","Within MOC Facility Boundary","S911","External - Buildings MOC Exit (2.91.9.111)","2919","Co_80_35_75","Road networks","En_90_10_77","External service areas","SL_32_35","Ground spaces","24/06/2026 12:17 PM","John Marsden-T2D","1109"
"3FC","LP86E1","EG59C7","S001","Cable Basement A","B000","F0290-B000-S001","NTNP Maintenance and Operational Centre (MOC);Substation Building SS01 (A);Cable Basement A","F0290","NTNP Maintenance and Operational Centre (MOC)","B000","Substation Building SS01 (A)","S001","Cable Basement A","2900","Co_80_35_75","Road networks","En_90_90","Plant and control entities","SL_70_20_89","Transmission cable section","22/09/2025 2:37 PM","John Marsden-T2D","1110"
"3FC","BS62C3","EG59C7","S002","Cable Basement A Entry","B000","F0290-B000-S002","NTNP Maintenance and Operational Centre (MOC);Substation Building SS01 (A);Cable Basement A Entry","F0290","NTNP Maintenance and Operational Centre (MOC)","B000","Substation Building SS01 (A)","S002","Cable Basement A Entry","2900","Co_80_35_75","Road networks","En_90_90","Plant and control entities","SL_90_90_01","Access floor voids","22/09/2025 2:37 PM","John Marsden-T2D","1111"
"3FC","QU19A7","EG59C7","S003","HV Trench A","B000","F0290-B000-S003","NTNP Maintenance and Operational Centre (MOC);Substation Building SS01 (A);HV Trench A","F0290","NTNP Maintenance and Operational Centre (MOC)","B000","Substation Building SS01 (A)","S003","HV Trench A","2900","Co_80_35_75","Road networks","En_90_90","Plant and control entities","SL_70_20_89","Transmission cable section","22/09/2025 2:37 PM","John Marsden-T2D","1112"
"3FC","RM95O1","EG59C7","S101","LV Switchroom A","B000","F0290-B000-S101","NTNP Maintenance and Operational Centre (MOC);Substation Building SS01 (A);LV Switchroom A","F0290","NTNP Maintenance and Operational Centre (MOC)","B000","Substation Building SS01 (A)","S101","LV Switchroom A","2900","Co_80_35_75","Road networks","En_90_90","Plant and control entities","SL_90_90_85","Switch rooms","22/09/2025 2:37 PM","John Marsden-T2D","1113"
"3FC","WR06S0","EG59C7","S102","HV Transformer A","B000","F0290-B000-S102","NTNP Maintenance and Operational Centre (MOC);Substation Building SS01 (A);HV Transformer A","F0290","NTNP Maintenance and Operational Centre (MOC)","B000","Substation Building SS01 (A)","S102","HV Transformer A","2900","Co_80_35_75","Road networks","En_90_90","Plant and control entities","SL_70_20_64 ","Power transformer equipment bay","22/09/2025 2:37 PM","John Marsden-T2D","1114"
"3FC","FS33K9","EG59C7","S103","HV Switchroom A","B000","F0290-B000-S103","NTNP Maintenance and Operational Centre (MOC);Substation Building SS01 (A);HV Switchroom A","F0290","NTNP Maintenance and Operational Centre (MOC)","B000","Substation Building SS01 (A)","S103","HV Switchroom A","2900","Co_80_35_75","Road networks","En_90_90","Plant and control entities","SL_90_90_85","Switch rooms","22/09/2025 2:37 PM","John Marsden-T2D","1115"
"3FC","JG20Z9","EG59C7","S301","LV Switchroom A","B000","F0290-B000-S301","NTNP Maintenance and Operational Centre (MOC);Substation Building SS01 (A);LV Switchroom A","F0290","NTNP Maintenance and Operational Centre (MOC)","B000","Substation Building SS01 (A)","S301","LV Switchroom A","2900","Co_80_35_75","Road networks","En_90_90","Plant and control entities","SL_90_90_85","Switch rooms","22/09/2025 2:37 PM","John Marsden-T2D","1116"
"3FC","PL89P3","EG59C7","S302","Substation Building (A), HV A Roof","B000","F0290-B000-S302","NTNP Maintenance and Operational Centre (MOC);Substation Building SS01 (A);Substation Building (A), HV A Roof","F0290","NTNP Maintenance and Operational Centre (MOC)","B000","Substation Building SS01 (A)","S302","Substation Building (A), HV A Roof","2900","Co_80_35_75","Road networks","En_90_90","Plant and control entities","SL_90_60_72","Roof surface spaces","22/09/2025 2:37 PM","John Marsden-T2D","1117"
"3FC","OU45T9","QM16A6","S101","Fire Pump Room","B001","F0290-B001-S101","NTNP Maintenance and Operational Centre (MOC);Fire Pump Building;Fire Pump Room","F0290","NTNP Maintenance and Operational Centre (MOC)","B001","Fire Pump Building","S101","Fire Pump Room","2901","Co_80_35_75","Road networks","En_90_90","Plant and control entities","SL_55_30","Fire-extinguishing supply spaces","22/09/2025 2:37 PM","John Marsden-T2D","1118"
"3FC","CA73V5","QM16A6","S301","Fire Pump Room, Fire Pump Roof","B001","F0290-B001-S301","NTNP Maintenance and Operational Centre (MOC);Fire Pump Building;Fire Pump Room, Fire Pump Roof","F0290","NTNP Maintenance and Operational Centre (MOC)","B001","Fire Pump Building","S301","Fire Pump Room, Fire Pump Roof","2901","Co_80_35_75","Road networks","En_90_90","Plant and control entities","SL_90_60_72","Roof surface spaces","22/09/2025 2:37 PM","John Marsden-T2D","1119"
"3FC","CP26O3","SH36A8","S101","Computer Equipment Room","B003","F0290-B003-S101","NTNP Maintenance and Operational Centre (MOC);Computer Equipment Room;Computer Equipment Room","F0290","NTNP Maintenance and Operational Centre (MOC)","B003","Computer Equipment Room","S101","Computer Equipment Room","2903","Co_80_35_75","Road networks","En_90_90","Plant and control entities","SL_90_90","Plant and control spaces","22/09/2025 2:38 PM","John Marsden-T2D","1120"
"3FC","SB84N1","SH36A8","S301","Computer Equipment Room, Roof","B003","F0290-B003-S301","NTNP Maintenance and Operational Centre (MOC);Computer Equipment Room;Computer Equipment Room, Roof","F0290","NTNP Maintenance and Operational Centre (MOC)","B003","Computer Equipment Room","S301","Computer Equipment Room, Roof","2903","Co_80_35_75","Road networks","En_90_90","Plant and control entities","SL_90_60_72","Roof surface spaces","22/09/2025 2:38 PM","John Marsden-T2D","1121"
"3FC","YY81I5","XL94L8","S101","Tunnel Monitoring Facility","B004","F0290-B004-S101","NTNP Maintenance and Operational Centre (MOC);Tunnel Monitoring Facility;Tunnel Monitoring Facility","F0290","NTNP Maintenance and Operational Centre (MOC)","B004","Tunnel Monitoring Facility","S101","Tunnel Monitoring Facility","2904","Co_80_35_75","Road networks","En_90_90","Plant and control entities","SL_90_90","Plant and control spaces","22/09/2025 2:39 PM","John Marsden-T2D","1122"
"3FC","NE88Q0","XL94L8","S102","Airlock","B004","F0290-B004-S102","NTNP Maintenance and Operational Centre (MOC);Tunnel Monitoring Facility;Airlock","F0290","NTNP Maintenance and Operational Centre (MOC)","B004","Tunnel Monitoring Facility","S102","Airlock","2904","Co_80_35_75","Road networks","En_90_90","Plant and control entities","SL_90_10_02","Airlock","22/09/2025 2:39 PM","John Marsden-T2D","1123"
"3FC","LE88L7","XL94L8","S103","Change Room","B004","F0290-B004-S103","NTNP Maintenance and Operational Centre (MOC);Tunnel Monitoring Facility;Change Room","F0290","NTNP Maintenance and Operational Centre (MOC)","B004","Tunnel Monitoring Facility","S103","Change Room","2904","Co_80_35_75","Road networks","En_90_90","Plant and control entities","SL_90_20_13","Changing rooms","22/09/2025 2:40 PM","John Marsden-T2D","1124"
"3FC","XB10S1","XL94L8","S104","Cleaner Room","B004","F0290-B004-S104","NTNP Maintenance and Operational Centre (MOC);Tunnel Monitoring Facility;Cleaner Room","F0290","NTNP Maintenance and Operational Centre (MOC)","B004","Tunnel Monitoring Facility","S104","Cleaner Room","2904","Co_80_35_75","Road networks","En_90_90","Plant and control entities","SL_30_60","Cleaning and maintenance spaces","22/09/2025 2:39 PM","John Marsden-T2D","1125"
"3FC","VY16O3","XL94L8","S105","Change Room  (UA)","B004","F0290-B004-S105","NTNP Maintenance and Operational Centre (MOC);Tunnel Monitoring Facility;Change Room  (UA)","F0290","NTNP Maintenance and Operational Centre (MOC)","B004","Tunnel Monitoring Facility","S105","Change Room  (UA)","2904","Co_80_35_75","Road networks","En_90_90","Plant and control entities","SL_35_80_01","Accessible changing rooms","22/09/2025 2:39 PM","John Marsden-T2D","1126"
"3FC","BM38T7","XL94L8","S106","Eating Facilities","B004","F0290-B004-S106","NTNP Maintenance and Operational Centre (MOC);Tunnel Monitoring Facility;Eating Facilities","F0290","NTNP Maintenance and Operational Centre (MOC)","B004","Tunnel Monitoring Facility","S106","Eating Facilities","2904","Co_80_35_75","Road networks","En_90_90","Plant and control entities","SL_25_10_30","Food rooms","22/09/2025 2:39 PM","John Marsden-T2D","1127"
"3FC","CN03D8","XL94L8","S107","Meeting Room","B004","F0290-B004-S107","NTNP Maintenance and Operational Centre (MOC);Tunnel Monitoring Facility;Meeting Room","F0290","NTNP Maintenance and Operational Centre (MOC)","B004","Tunnel Monitoring Facility","S107","Meeting Room","2904","Co_80_35_75","Road networks","En_90_90","Plant and control entities","SL_20_15_50","Meeting rooms","22/09/2025 2:39 PM","John Marsden-T2D","1128"
"3FC","UF43D7","XL94L8","S301","Tunnel Monitoring Facility, Roof","B004","F0290-B004-S301","NTNP Maintenance and Operational Centre (MOC);Tunnel Monitoring Facility;Tunnel Monitoring Facility, Roof","F0290","NTNP Maintenance and Operational Centre (MOC)","B004","Tunnel Monitoring Facility","S301","Tunnel Monitoring Facility, Roof","2904","Co_80_35_75","Road networks","En_90_90","Plant and control entities","SL_90_60_72","Roof surface spaces","22/09/2025 2:39 PM","John Marsden-T2D","1129"
"3FC","OD80A8","SF76Q4","S001","Cable Basement B","B005","F0290-B005-S001","NTNP Maintenance and Operational Centre (MOC);Substation Building SS01 (B);Cable Basement B","F0290","NTNP Maintenance and Operational Centre (MOC)","B005","Substation Building SS01 (B)","S001","Cable Basement B","2905","Co_80_35_75","Road networks","En_90_90","Plant and control entities","SL_70_20_89","Transmission cable section","22/09/2025 2:40 PM","John Marsden-T2D","1130"
"3FC","JY02V8","SF76Q4","S002","Cable Basement B Entry","B005","F0290-B005-S002","NTNP Maintenance and Operational Centre (MOC);Substation Building SS01 (B);Cable Basement B Entry","F0290","NTNP Maintenance and Operational Centre (MOC)","B005","Substation Building SS01 (B)","S002","Cable Basement B Entry","2905","Co_80_35_75","Road networks","En_90_90","Plant and control entities","SL_90_90_01","Access floor voids","22/09/2025 2:40 PM","John Marsden-T2D","1131"
"3FC","MC81W7","SF76Q4","S101","LV Switchroom B","B005","F0290-B005-S101","NTNP Maintenance and Operational Centre (MOC);Substation Building SS01 (B);LV Switchroom B","F0290","NTNP Maintenance and Operational Centre (MOC)","B005","Substation Building SS01 (B)","S101","LV Switchroom B","2905","Co_80_35_75","Road networks","En_90_90","Plant and control entities","SL_90_90_85","Switch rooms","22/09/2025 2:40 PM","John Marsden-T2D","1132"
"3FC","CH36D6","SF76Q4","S102","HV Transformer B","B005","F0290-B005-S102","NTNP Maintenance and Operational Centre (MOC);Substation Building SS01 (B);HV Transformer B","F0290","NTNP Maintenance and Operational Centre (MOC)","B005","Substation Building SS01 (B)","S102","HV Transformer B","2905","Co_80_35_75","Road networks","En_90_90","Plant and control entities","SL_70_20_64 ","Power transformer equipment bay","22/09/2025 2:40 PM","John Marsden-T2D","1133"
"3FC","UL85Q7","SF76Q4","S103","HV Switchroom B","B005","F0290-B005-S103","NTNP Maintenance and Operational Centre (MOC);Substation Building SS01 (B);HV Switchroom B","F0290","NTNP Maintenance and Operational Centre (MOC)","B005","Substation Building SS01 (B)","S103","HV Switchroom B","2905","Co_80_35_75","Road networks","En_90_90","Plant and control entities","SL_90_90_85","Switch rooms","22/09/2025 2:40 PM","John Marsden-T2D","1134"
"3FC","PY26P8","SF76Q4","S301","LV Switchroom B Roof","B005","F0290-B005-S301","NTNP Maintenance and Operational Centre (MOC);Substation Building SS01 (B);LV Switchroom B Roof","F0290","NTNP Maintenance and Operational Centre (MOC)","B005","Substation Building SS01 (B)","S301","LV Switchroom B Roof","2905","Co_80_35_75","Road networks","En_90_90","Plant and control entities","SL_90_90_85","Switch rooms","22/09/2025 2:40 PM","John Marsden-T2D","1135"
"3FC","FT99P5","SF76Q4","S302","Substation Building (B), HV B Roof","B005","F0290-B005-S302","NTNP Maintenance and Operational Centre (MOC);Substation Building SS01 (B);Substation Building (B), HV B Roof","F0290","NTNP Maintenance and Operational Centre (MOC)","B005","Substation Building SS01 (B)","S302","Substation Building (B), HV B Roof","2905","Co_80_35_75","Road networks","En_90_90","Plant and control entities","SL_90_60_72","Roof surface spaces","22/09/2025 2:40 PM","John Marsden-T2D","1136"
"3FC","YK61T6","DS65K4","S101","Fire Tank Yard","B007","F0290-B007-S101","NTNP Maintenance and Operational Centre (MOC);Fire Tank Yard;Fire Tank Yard","F0290","NTNP Maintenance and Operational Centre (MOC)","B007","Fire Tank Yard","S101","Fire Tank Yard","2907","Co_80_35_75","Road networks","En_55_30","Fire-extinguishing supply entities","SL_55_30","Fire-extinguishing supply spaces","22/09/2025 2:41 PM","John Marsden-T2D","1137"
"3FC","DV21A8","SN27P3","S101","Loading Dock","B008","F0290-B008-S101","NTNP Maintenance and Operational Centre (MOC);Ventilation Facility;Loading Dock","F0290","NTNP Maintenance and Operational Centre (MOC)","B008","Ventilation Facility","S101","Loading Dock","2908","Co_80_35_75","Road networks","En_65_40_80","Shaft and tunnel ventilation plant building","SL_90_90","Plant and control spaces","22/09/2025 2:42 PM","John Marsden-T2D","1138"
"3FC","DV02Y5","SN27P3","S102","Disassembly Area","B008","F0290-B008-S102","NTNP Maintenance and Operational Centre (MOC);Ventilation Facility;Disassembly Area","F0290","NTNP Maintenance and Operational Centre (MOC)","B008","Ventilation Facility","S102","Disassembly Area","2908","Co_80_35_75","Road networks","En_65_40_80","Shaft and tunnel ventilation plant building","SL_90_90","Plant and control spaces","22/09/2025 2:42 PM","John Marsden-T2D","1139"
"3FC","XS41A0","SN27P3","S103","Store Room","B008","F0290-B008-S103","NTNP Maintenance and Operational Centre (MOC);Ventilation Facility;Store Room","F0290","NTNP Maintenance and Operational Centre (MOC)","B008","Ventilation Facility","S103","Store Room","2908","Co_80_35_75","Road networks","En_65_40_80","Shaft and tunnel ventilation plant building","SL_90_90","Plant and control spaces","22/09/2025 2:42 PM","John Marsden-T2D","1140"
"3FC","PA81Y7","SN27P3","S104","Low Pressure Ventilation Room","B008","F0290-B008-S104","NTNP Maintenance and Operational Centre (MOC);Ventilation Facility;Low Pressure Ventilation Room","F0290","NTNP Maintenance and Operational Centre (MOC)","B008","Ventilation Facility","S104","Low Pressure Ventilation Room","2908","Co_80_35_75","Road networks","En_65_40_80","Shaft and tunnel ventilation plant building","SL_90_90","Plant and control spaces","22/09/2025 2:42 PM","John Marsden-T2D","1141"
"3FC","HT47Y8","SN27P3","S105","Shaft Stairs","B008","F0290-B008-S105","NTNP Maintenance and Operational Centre (MOC);Ventilation Facility;Shaft Stairs","F0290","NTNP Maintenance and Operational Centre (MOC)","B008","Ventilation Facility","S105","Shaft Stairs","2908","Co_80_35_75","Road networks","En_65_40_80","Shaft and tunnel ventilation plant building","SL_90_90","Plant and control spaces","22/09/2025 2:42 PM","John Marsden-T2D","1142"
"3FC","VJ19A7","MM10Q8","SB03","Riser (HYD)","B004","F0280-B004-SB03","Northern Tunnel, Northern  Portal (NTNP);Risers;Riser (HYD)","F0280","Northern Tunnel, Northern  Portal (NTNP);Risers;Riser (HYD)","B004","Risers","SB03","Riser (HYD)","2804","Co_80_35_75","Road networks","En_80_96_91","Tunnel portals","SL_90_90_78","Services shafts","5/03/2026 2:39 PM","John Marsden-T2D","1144"
"3FC","TV11Z8","SN27P3","S108","Electrical Equipment Room","B008","F0290-B008-S108","NTNP Maintenance and Operational Centre (MOC);Ventilation Facility;Electrical Equipment Room","F0290","NTNP Maintenance and Operational Centre (MOC)","B008","Ventilation Facility","S108","Electrical Equipment Room","2908","Co_80_35_75","Road networks","En_65_40_80","Shaft and tunnel ventilation plant building","SL_90_90","Plant and control spaces","22/09/2025 2:42 PM","John Marsden-T2D","1145"
"3FC","MV33H5","SN27P3","S109","Airlock","B008","F0290-B008-S109","NTNP Maintenance and Operational Centre (MOC);Ventilation Facility;Airlock","F0290","NTNP Maintenance and Operational Centre (MOC)","B008","Ventilation Facility","S109","Airlock","2908","Co_80_35_75","Road networks","En_65_40_80","Shaft and tunnel ventilation plant building","SL_90_90","Plant and control spaces","22/09/2025 2:42 PM","John Marsden-T2D","1146"
"3FC","NG01S5","SN27P3","S110","Invert Fan Corridor","B008","F0290-B008-S110","NTNP Maintenance and Operational Centre (MOC);Ventilation Facility;Invert Fan Corridor","F0290","NTNP Maintenance and Operational Centre (MOC)","B008","Ventilation Facility","S110","Invert Fan Corridor","2908","Co_80_35_75","Road networks","En_65_40_80","Shaft and tunnel ventilation plant building","SL_90_90","Plant and control spaces","22/09/2025 2:42 PM","John Marsden-T2D","1147"
"3FC","XN38E7","SN27P3","S111","Invert Fan Plenum","B008","F0290-B008-S111","NTNP Maintenance and Operational Centre (MOC);Ventilation Facility;Invert Fan Plenum","F0290","NTNP Maintenance and Operational Centre (MOC)","B008","Ventilation Facility","S111","Invert Fan Plenum","2908","Co_80_35_75","Road networks","En_65_40_80","Shaft and tunnel ventilation plant building","SL_90_90","Plant and control spaces","22/09/2025 2:42 PM","John Marsden-T2D","1148"
"3FC","MB95Z6","MM10Q8","SB04","Stair Services (MECH Riser)","B004","F0280-B004-SB04","Northern Tunnel, Northern  Portal (NTNP);Risers;Stair Services (MECH Riser)","F0280","Northern Tunnel, Northern  Portal (NTNP);Risers;Stair Services (MECH Riser)","B004","Risers","SB04","Stair Services (MECH Riser)","2804","Co_80_35_75","Road networks","En_80_96_91","Tunnel portals","SL_90_90_78","Services shafts","5/03/2026 2:53 PM","John Marsden-T2D","1149"
"3FC","VZ49J3","SN27P3","S113","Invert Fan","B008","F0290-B008-S113","NTNP Maintenance and Operational Centre (MOC);Ventilation Facility;Invert Fan","F0290","NTNP Maintenance and Operational Centre (MOC)","B008","Ventilation Facility","S113","Invert Fan","2908","Co_80_35_75","Road networks","En_65_40_80","Shaft and tunnel ventilation plant building","SL_90_90","Plant and control spaces","22/09/2025 2:42 PM","John Marsden-T2D","1150"
"3FC","CJ18B9","SN27P3","S114","Louvre Plenum","B008","F0290-B008-S114","NTNP Maintenance and Operational Centre (MOC);Ventilation Facility;Louvre Plenum","F0290","NTNP Maintenance and Operational Centre (MOC)","B008","Ventilation Facility","S114","Louvre Plenum","2908","Co_80_35_75","Road networks","En_65_40_80","Shaft and tunnel ventilation plant building","SL_90_90","Plant and control spaces","22/09/2025 2:42 PM","John Marsden-T2D","1151"
"3FC","YM93A6","SN27P3","S115","Air Lock","B008","F0290-B008-S115","NTNP Maintenance and Operational Centre (MOC);Ventilation Facility;Air Lock","F0290","NTNP Maintenance and Operational Centre (MOC)","B008","Ventilation Facility","S115","Air Lock","2908","Co_80_35_75","Road networks","En_65_40_80","Shaft and tunnel ventilation plant building","SL_90_90","Plant and control spaces","22/09/2025 2:42 PM","John Marsden-T2D","1152"
"3FC","VV07C4","CW27N2","S106","Shaft Stairs, Ground Floor","B007","F0280-B007-S106","Northern Tunnel, Northern  Portal (NTNP);Portal Stairway;Shaft Stairs, Ground Floor","F0280","Northern Tunnel, Northern  Portal (NTNP);Portal Stairway;Shaft Stairs, Ground Floor","B007","Portal Stairway","S106","Shaft Stairs, Ground Floor","2807","Co_80_35_75","Road networks","En_80_96_91","Tunnel portals","SL_90_10_87","Stairways","5/03/2026 2:43 PM","John Marsden-T2D","1153"
"3FC","UY90M2","SN27P3","S117","Cable Pit B","B008","F0290-B008-S117","NTNP Maintenance and Operational Centre (MOC);Ventilation Facility;Cable Pit B","F0290","NTNP Maintenance and Operational Centre (MOC)","B008","Ventilation Facility","S117","Cable Pit B","2908","Co_80_35_75","Road networks","En_65_40_80","Shaft and tunnel ventilation plant building","SL_90_90","Plant and control spaces","22/09/2025 2:42 PM","John Marsden-T2D","1154"
"3FC","YL80S1","SN27P3","S118","Cable Reticulation B","B008","F0290-B008-S118","NTNP Maintenance and Operational Centre (MOC);Ventilation Facility;Cable Reticulation B","F0290","NTNP Maintenance and Operational Centre (MOC)","B008","Ventilation Facility","S118","Cable Reticulation B","2908","Co_80_35_75","Road networks","En_65_40_80","Shaft and tunnel ventilation plant building","SL_90_90","Plant and control spaces","22/09/2025 2:42 PM","John Marsden-T2D","1155"
"3FC","SN85R8","MM10Q8","SB02","Riser (Electrical B)","B004","F0280-B004-SB02","Northern Tunnel, Northern  Portal (NTNP);Risers;Riser (Electrical B)","F0280","Northern Tunnel, Northern  Portal (NTNP);Risers;Riser (Electrical B)","B004","Risers","SB02","Riser (Electrical B)","2804","Co_80_35_75","Road networks","En_80_96_91","Tunnel portals","SL_90_90_78","Services shafts","5/03/2026 2:39 PM","John Marsden-T2D","1156"
"3FC","SI64Q4","MM10Q8","SB01","Riser (Electrical A)","B004","F0280-B004-SB01","Northern Tunnel, Northern  Portal (NTNP);Risers;Riser (Electrical A)","F0280","Northern Tunnel, Northern  Portal (NTNP);Risers;Riser (Electrical A)","B004","Risers","SB01","Riser (Electrical A)","2804","Co_80_35_75","Road networks","En_80_96_91","Tunnel portals","SL_90_90_78","Services shafts","5/03/2026 2:38 PM","John Marsden-T2D","1157"
"3FC","BR13Y3","SN27P3","S121","Cable Reticulation A","B008","F0290-B008-S121","NTNP Maintenance and Operational Centre (MOC);Ventilation Facility;Cable Reticulation A","F0290","NTNP Maintenance and Operational Centre (MOC)","B008","Ventilation Facility","S121","Cable Reticulation A","2908","Co_80_35_75","Road networks","En_65_40_80","Shaft and tunnel ventilation plant building","SL_90_90","Plant and control spaces","22/09/2025 2:42 PM","John Marsden-T2D","1158"
"3FC","JD60R9","SN27P3","S122","Cable Pit A","B008","F0290-B008-S122","NTNP Maintenance and Operational Centre (MOC);Ventilation Facility;Cable Pit A","F0290","NTNP Maintenance and Operational Centre (MOC)","B008","Ventilation Facility","S122","Cable Pit A","2908","Co_80_35_75","Road networks","En_65_40_80","Shaft and tunnel ventilation plant building","SL_90_90","Plant and control spaces","22/09/2025 2:42 PM","John Marsden-T2D","1159"
"3FC","TG02K3","CW27N2","S202","Shaft Stairs, Level 1","B007","F0280-B007-S202","Northern Tunnel, Northern  Portal (NTNP);Portal Stairway;Shaft Stairs, Level 1","F0280","Northern Tunnel, Northern  Portal (NTNP);Portal Stairway;Shaft Stairs, Level 1","B007","Portal Stairway","S202","Shaft Stairs, Level 1","2807","Co_80_35_75","Road networks","En_80_96_91","Tunnel portals","SL_90_10_87","Stairways","5/03/2026 2:42 PM","John Marsden-T2D","1160"
"3FC","HN20Z4","SN27P3","S202","Fan Plenum","B008","F0290-B008-S202","NTNP Maintenance and Operational Centre (MOC);Ventilation Facility;Fan Plenum","F0290","NTNP Maintenance and Operational Centre (MOC)","B008","Ventilation Facility","S202","Fan Plenum","2908","Co_80_35_75","Road networks","En_65_40_80","Shaft and tunnel ventilation plant building","SL_90_90","Plant and control spaces","22/09/2025 2:42 PM","John Marsden-T2D","1161"
"3FC","NY94M9","SN27P3","S203","Store","B008","F0290-B008-S203","NTNP Maintenance and Operational Centre (MOC);Ventilation Facility;Store","F0290","NTNP Maintenance and Operational Centre (MOC)","B008","Ventilation Facility","S203","Store","2908","Co_80_35_75","Road networks","En_65_40_80","Shaft and tunnel ventilation plant building","SL_90_90","Plant and control spaces","22/09/2025 2:42 PM","John Marsden-T2D","1162"
"3FC","AO46V7","SN27P3","S301","Ventilation Facility, Invert Fan Roof","B008","F0290-B008-S301","NTNP Maintenance and Operational Centre (MOC);Ventilation Facility;Ventilation Facility, Invert Fan Roof","F0290","NTNP Maintenance and Operational Centre (MOC)","B008","Ventilation Facility","S301","Ventilation Facility, Invert Fan Roof","2908","Co_80_35_75","Road networks","En_65_40_80","Shaft and tunnel ventilation plant building","SL_90_90","Plant and control spaces","22/09/2025 2:42 PM","John Marsden-T2D","1163"
"3FC","ZK56Z3","CW27N2","S304","Shaft Stairs, Level 2","B007","F0280-B007-S304","Northern Tunnel, Northern  Portal (NTNP);Portal Stairway;Shaft Stairs, Level 2","F0280","Northern Tunnel, Northern  Portal (NTNP);Portal Stairway;Shaft Stairs, Level 2","B007","Portal Stairway","S304","Shaft Stairs, Level 2","2807","Co_80_35_75","Road networks","En_80_96_91","Tunnel portals","SL_90_10_87","Stairways","5/03/2026 2:42 PM","John Marsden-T2D","1164"
"3FC","NU71J9","SN27P3","S303","Ventilation Facility, Low Pressure Fan Roof","B008","F0290-B008-S303","NTNP Maintenance and Operational Centre (MOC);Ventilation Facility;Ventilation Facility, Low Pressure Fan Roof","F0290","NTNP Maintenance and Operational Centre (MOC)","B008","Ventilation Facility","S303","Ventilation Facility, Low Pressure Fan Roof","2908","Co_80_35_75","Road networks","En_65_40_80","Shaft and tunnel ventilation plant building","SL_90_90","Plant and control spaces","22/09/2025 2:42 PM","John Marsden-T2D","1165"
"3FC","EY43W9","SN27P3","S304","Vent Outlet","B008","F0290-B008-S304","NTNP Maintenance and Operational Centre (MOC);Ventilation Facility;Vent Outlet","F0290","NTNP Maintenance and Operational Centre (MOC)","B008","Ventilation Facility","S304","Vent Outlet","2908","Co_80_35_75","Road networks","En_65_40_80","Shaft and tunnel ventilation plant building","SL_90_90","Plant and control spaces","22/09/2025 2:42 PM","John Marsden-T2D","1166"
"3FC","EE96Y4","NK47M9","S901","External, MOC Entry","B009","F0290-B009-S901","NTNP Maintenance and Operational Centre (MOC);Within MOC Facility Boundary;External, MOC Entry","F0290","NTNP Maintenance and Operational Centre (MOC)","B009","Within MOC Facility Boundary","S901","External, MOC Entry","2909","Co_80_35_75","Road networks","En_90_10_77","External service areas","SL_32_35","Ground spaces","29/09/2025 2:06 PM","John Marsden-T2D","1167"
"3FC","UB94S4","NK47M9","S902","External Yard - North","B009","F0290-B009-S902","NTNP Maintenance and Operational Centre (MOC);Within MOC Facility Boundary;External Yard - North","F0290","NTNP Maintenance and Operational Centre (MOC)","B009","Within MOC Facility Boundary","S902","External Yard - North","2909","Co_80_35_75","Road networks","En_90_10_77","External service areas","SL_32_35","Ground spaces","29/09/2025 2:06 PM","John Marsden-T2D","1168"
"3FC","NK04F8","NK47M9","S903","External, MOC Driveway - North","B009","F0290-B009-S903","NTNP Maintenance and Operational Centre (MOC);Within MOC Facility Boundary;External, MOC Driveway - North","F0290","NTNP Maintenance and Operational Centre (MOC)","B009","Within MOC Facility Boundary","S903","External, MOC Driveway - North","2909","Co_80_35_75","Road networks","En_90_10_77","External service areas","SL_32_35","Ground spaces","29/09/2025 2:06 PM","John Marsden-T2D","1169"
"3FC","ZM92G0","NK47M9","S904","External, MOC Driveway - West","B009","F0290-B009-S904","NTNP Maintenance and Operational Centre (MOC);Within MOC Facility Boundary;External, MOC Driveway - West","F0290","NTNP Maintenance and Operational Centre (MOC)","B009","Within MOC Facility Boundary","S904","External, MOC Driveway - West","2909","Co_80_35_75","Road networks","En_90_10_77","External service areas","SL_32_35","Ground spaces","29/09/2025 2:06 PM","John Marsden-T2D","1170"
"3FC","GP48N5","NK47M9","S905","External, Substation Loading Dock","B009","F0290-B009-S905","NTNP Maintenance and Operational Centre (MOC);Within MOC Facility Boundary;External, Substation Loading Dock","F0290","NTNP Maintenance and Operational Centre (MOC)","B009","Within MOC Facility Boundary","S905","External, Substation Loading Dock","2909","Co_80_35_75","Road networks","En_90_10_77","External service areas","SL_32_35","Ground spaces","29/09/2025 2:06 PM","John Marsden-T2D","1171"
"3FC","OR31O7","NK47M9","S906","External Yard - East","B009","F0290-B009-S906","NTNP Maintenance and Operational Centre (MOC);Within MOC Facility Boundary;External Yard - East","F0290","NTNP Maintenance and Operational Centre (MOC)","B009","Within MOC Facility Boundary","S906","External Yard - East","2909","Co_80_35_75","Road networks","En_90_10_77","External service areas","SL_32_35","Ground spaces","29/09/2025 2:06 PM","John Marsden-T2D","1172"
"3FC","RG03F8","NK47M9","S907","External, Car Park","B009","F0290-B009-S907","NTNP Maintenance and Operational Centre (MOC);Within MOC Facility Boundary;External, Car Park","F0290","NTNP Maintenance and Operational Centre (MOC)","B009","Within MOC Facility Boundary","S907","External, Car Park","2909","Co_80_35_75","Road networks","En_90_10_77","External service areas","SL_32_35","Ground spaces","29/09/2025 2:06 PM","John Marsden-T2D","1173"
"3FC","EU96Y0","NK47M9","S908","External, MOC Driveway - South","B009","F0290-B009-S908","NTNP Maintenance and Operational Centre (MOC);Within MOC Facility Boundary;External, MOC Driveway - South","F0290","NTNP Maintenance and Operational Centre (MOC)","B009","Within MOC Facility Boundary","S908","External, MOC Driveway - South","2909","Co_80_35_75","Road networks","En_90_10_77","External service areas","SL_32_35","Ground spaces","29/09/2025 2:06 PM","John Marsden-T2D","1174"
"3FC","PR18T7","NK47M9","S909","External Yard South","B009","F0290-B009-S909","NTNP Maintenance and Operational Centre (MOC);Within MOC Facility Boundary;External Yard South","F0290","NTNP Maintenance and Operational Centre (MOC)","B009","Within MOC Facility Boundary","S909","External Yard South","2909","Co_80_35_75","Road networks","En_90_10_77","External service areas","SL_32_35","Ground spaces","29/09/2025 2:06 PM","John Marsden-T2D","1175"
"3FC","HL41U6","NK47M9","S910","External, MOC Exit","B009","F0290-B009-S910","NTNP Maintenance and Operational Centre (MOC);Within MOC Facility Boundary;External, MOC Exit","F0290","NTNP Maintenance and Operational Centre (MOC)","B009","Within MOC Facility Boundary","S910","External, MOC Exit","2909","Co_80_35_75","Road networks","En_90_10_77","External service areas","SL_32_35","Ground spaces","29/09/2025 2:06 PM","John Marsden-T2D","1176"
"3FC","KH72A7","NK47M9","S201","Vent Building Maintenance Access","B009","F0290-B009-S201","NTNP Maintenance and Operational Centre (MOC);Within MOC Facility Boundary;Vent Building Maintenance Access","F0290","NTNP Maintenance and Operational Centre (MOC)","B009","Within MOC Facility Boundary","S201","Vent Building Maintenance Access","2909","Co_80_35_75","Road networks","En_90_10_77","External service areas","SL_32_35","Ground spaces","22/09/2025 2:42 PM","John Marsden-T2D","1177"
"3FC","GE22F8","NK47M9","S301","External, Vent Building Maintenance Access","B009","F0290-B009-S301","NTNP Maintenance and Operational Centre (MOC);Within MOC Facility Boundary;External, Vent Building Maintenance Access","F0290","NTNP Maintenance and Operational Centre (MOC)","B009","Within MOC Facility Boundary","S301","External, Vent Building Maintenance Access","2909","Co_80_35_75","Road networks","En_90_10_77","External service areas","SL_32_35","Ground spaces","22/09/2025 2:42 PM","John Marsden-T2D","1178"
"2","YI36Q0","KH31Q4","L070","Davenport Terrace Link Road (MC37/MC38)","NCRN049","NCRN049-L070","Davenport Terrace;Davenport Terrace Link Road (MC37/MC38)","NCRN049","Davenport Terrace","L070","Davenport Terrace Link Road (MC37/MC38)",,,"2455","Co_80_35_75","Road networks","En_80_35_74","Roads","SL_80_35_74","Road sections","21/01/2026 12:03 PM","John Marsden-T2D","1179"
"3FC","BH85A9","UY94V2","S301","Roof, Roof Level, Tunnel Monitoring Facility (3.92.4.301)","B004","F0392-B004-S301","STSP Maintenance and Operations Compound (MOC);Tunnel Monitoring Facility;Roof, Roof Level, Tunnel Monitoring Facility (3.92.4.301)","F0392","STSP Maintenance and Operations Compound (MOC);Tunnel Monitoring Facility;Roof, Roof Level, Tunnel Monitoring Facility (3.92.4.301)","B004","Tunnel Monitoring Facility","S301","Roof, Roof Level, Tunnel Monitoring Facility (3.92.4.301)","3924","Co_80_35_75","Road networks","En_90_90","Plant and control entities","SL_90_60_72","Roof surface spaces","16/04/2026 11:45 AM","John Marsden-T2D","1182"
"1FC","PY46I2",,"F0093","Incident Response Bays",,"F0093","Incident Response Bays","F0093","Incident Response Bays",,,,,"3804","Co_80_35_75","Road networks","En_80_35_77","Service area buildings",,,"24/06/2026 12:42 PM","John Marsden-T2D","1183"
"2FC","FP08I2","PY46I2","B001","SL1 - Port River Expressway","F0093","F0093-B001","Incident Response Bays;SL1 - Port River Expressway","F0093","Incident Response Bays;SL1 - Port River Expressway","B001","SL1 - Port River Expressway",,,"2931","Co_80_35_75","Road networks","En_80_35_77","Service area buildings","SL_80_35_77","Roadside reservations","15/10/2025 11:45 AM","John Marsden-T2D","1184"
"2FC","WI25S3","PY46I2","B002","SL2 - Regency Road","F0093","F0093-B002","Incident Response Bays;SL2 - Regency Road","F0093","Incident Response Bays;SL2 - Regency Road","B002","SL2 - Regency Road",,,"2932","Co_80_35_75","Road networks","En_80_35_77","Service area buildings","SL_80_35_77","Roadside reservations","15/10/2025 11:45 AM","John Marsden-T2D","1185"
"2FC","PP95T5","PY46I2","B003","SL3 - Orsmond Street","F0093","F0093-B003","Incident Response Bays;SL3 - Orsmond Street","F0093","Incident Response Bays;SL3 - Orsmond Street","B003","SL3 - Orsmond Street",,,"2933","Co_80_35_75","Road networks","En_80_35_77","Service area buildings","SL_80_35_77","Roadside reservations","15/10/2025 11:45 AM","John Marsden-T2D","1186"
"2FC","YZ80Q7","PY46I2","B004","SL4 - Anzac Road","F0093","F0093-B004","Incident Response Bays;SL4 - Anzac Road","F0093","Incident Response Bays;SL4 - Anzac Road","B004","SL4 - Anzac Road",,,"2934","Co_80_35_75","Road networks","En_80_35_77","Service area buildings","SL_80_35_77","Roadside reservations","15/10/2025 11:45 AM","John Marsden-T2D","1187"
"2FC","BQ23R2","PY46I2","B005","SL5 - Tonsley Boulevard","F0093","F0093-B005","Incident Response Bays;SL5 - Tonsley Boulevard","F0093","Incident Response Bays;SL5 - Tonsley Boulevard","B005","SL5 - Tonsley Boulevard",,,"3935","Co_80_35_75","Road networks","En_80_35_77","Service area buildings","SL_80_35_77","Roadside reservations","15/10/2025 11:45 AM","John Marsden-T2D","1188"
"2FC","JU44T4","PY46I2","B006","SL6 - Majors Road Intersection","F0093","F0093-B006","Incident Response Bays;SL6 - Majors Road Intersection","F0093","Incident Response Bays;SL6 - Majors Road Intersection","B006","SL6 - Majors Road Intersection",,,"3936","Co_80_35_75","Road networks","En_80_35_77","Service area buildings","SL_80_35_77","Roadside reservations","15/10/2025 11:45 AM","John Marsden-T2D","1189"
"3SP","TI77Y7","TZ24F0","SN825","Richmond Road Sump","L966","06203-L966-SN825","North South Motorway;Open Motorway, Between Northern Tunnel, Southern Portal (NTSP) & Southern Tunnel, Northern Portal (STNP) (MC01/MC02);Richmond Road Sump","06203","North South Motorway;Open Motorway, Between Northern Tunnel, Southern Portal (NTSP) & Southern Tunnel, Northern Portal (STNP) (MC01","L966","Open Motorway, Between Northern Tunnel, Southern Portal (NTSP) & Southern Tunnel, Northern Portal (STNP) (MC01/MC02)","SN825","Richmond Road Sump","2825","Co_80_35_75","Road networks","En_80_35_56","Motorways","SL_50_30","Drainage collection spaces","22/10/2025 11:47 AM","John Marsden-T2D","1190"
"3SP","YS96B3","TZ24F0","SN826","Barwell Avenue Sump","L966","06203-L966-SN826","North South Motorway;Open Motorway, Between Northern Tunnel, Southern Portal (NTSP) & Southern Tunnel, Northern Portal (STNP) (MC01/MC02);Barwell Avenue Sump","06203","North South Motorway;Open Motorway, Between Northern Tunnel, Southern Portal (NTSP) & Southern Tunnel, Northern Portal (STNP) (MC01","L966","Open Motorway, Between Northern Tunnel, Southern Portal (NTSP) & Southern Tunnel, Northern Portal (STNP) (MC01/MC02)","SN826","Barwell Avenue Sump","2826","Co_80_35_75","Road networks","En_80_35_56","Motorways","SL_50_30","Drainage collection spaces","22/10/2025 11:47 AM","John Marsden-T2D","1191"
"3SP","MN96J9","TZ24F0","SN827","Anzac Highway Sump","L966","06203-L966-SN827","North South Motorway;Open Motorway, Between Northern Tunnel, Southern Portal (NTSP) & Southern Tunnel, Northern Portal (STNP) (MC01/MC02);Anzac Highway Sump","06203","North South Motorway;Open Motorway, Between Northern Tunnel, Southern Portal (NTSP) & Southern Tunnel, Northern Portal (STNP) (MC01","L966","Open Motorway, Between Northern Tunnel, Southern Portal (NTSP) & Southern Tunnel, Northern Portal (STNP) (MC01/MC02)","SN827","Anzac Highway Sump","2827","Co_80_35_75","Road networks","En_80_35_56","Motorways","SL_50_30","Drainage collection spaces","22/10/2025 11:47 AM","John Marsden-T2D","1192"
"2FC","MB20L4","HI17L1","B008","Ventilation Building","F0280","F0280-B008","Northern Tunnel, Northern  Portal (NTNP);Ventilation Building","F0280","Northern Tunnel, Northern  Portal (NTNP);Ventilation Building","B008","Ventilation Building",,,"2808","Co_80_35_75","Road networks","En_80_96_91","Tunnel portals",,"Plant and control spaces","5/03/2026 2:34 PM","John Marsden-T2D","1193"
"3FC","SL52W9","EG58D3","SC01","Ventilation Space","B008","F0281-B008-SC01","Northern Tunnel, Southern  Portal (NTSP);Ventilation Building;Ventilation Space","F0281","Northern Tunnel, Southern  Portal (NTSP);Ventilation Building;Ventilation Space","B008","Ventilation Building","SC01","Ventilation Space","2818","Co_80_35_75","Road networks","En_80_96_91","Tunnel portals","SL_90_90","Plant and control spaces","24/06/2026 12:26 PM","John Marsden-T2D","1194"
"3FC","DJ64Y6","IR00B8","SC01","Ventilation Space","B008","F0381-B008-SC01","Southern Tunnel, Southern Portal (STSP);Ventilation Building;Ventilation Space","F0381","Southern Tunnel, Southern Portal (STSP);Ventilation Building;Ventilation Space","B008","Ventilation Building","SC01","Ventilation Space","3818","Co_80_35_75","Road networks","En_80_96_91","Tunnel portals","SL_90_90","Plant and control spaces","15/04/2026 1:55 PM","John Marsden-T2D","1196"
"3","AF55D0","YK24R2","SL201","North of River Torrens, NorthBound, West Carriageway, Right Side (MC01)","L960","06203-L960-SL201","North South Motorway;North of River Torrens, Karrawirra Parri (MC01/MC02);North of River Torrens, NorthBound, West Carriageway, Right Side (MC01)","06203","North South Motorway;North of River Torrens, Karrawirra Parri (MC01","L960","North of River Torrens, Karrawirra Parri (MC01/MC02)","SL201","North of River Torrens, NorthBound, West Carriageway, Right Side (MC01)","2960","Co_80_35_75","Road networks","En_80_35_56","Motorways","SL_80_35_74","Road sections","27/10/2025 1:09 PM","John Marsden-T2D","1197"
"3","CJ69A2","YK24R2","SL202","North of River Torrens, SouthBound, East Carriageway, Left Side (MC02)","L960","06203-L960-SL202","North South Motorway;North of River Torrens, Karrawirra Parri (MC01/MC02);North of River Torrens, SouthBound, East Carriageway, Left Side (MC02)","06203","North South Motorway;North of River Torrens, Karrawirra Parri (MC01","L960","North of River Torrens, Karrawirra Parri (MC01/MC02)","SL202","North of River Torrens, SouthBound, East Carriageway, Left Side (MC02)","2961","Co_80_35_75","Road networks","En_80_35_56","Motorways","SL_80_35_74","Road sections","27/10/2025 1:09 PM","John Marsden-T2D","1198"
"3","YH79V0","JB97T5","SL203","Between River Torrens & NTNP, NorthBound, West Carriageway, Right Side (MC01)","L963","06203-L963-SL203","North South Motorway;Between River Torrens & Northern Tunnel, Northern Portal (NTNP) (MC01/MC02);Between River Torrens & NTNP, NorthBound, West Carriageway, Right Side (MC01)","06203","North South Motorway;Between River Torrens & Northern Tunnel, Northern Portal (NTNP) (MC01","L963","Between River Torrens & Northern Tunnel, Northern Portal (NTNP) (MC01/MC02)","SL203","Between River Torrens & NTNP, NorthBound, West Carriageway, Right Side (MC01)","2964","Co_80_35_75","Road networks","En_80_35_56","Motorways","SL_80_35_74","Road sections","27/10/2025 1:09 PM","John Marsden-T2D","1199"
"3","EH37U1","JB97T5","SL204","Between River Torrens & NTNP, SouthBound, East Carriageway, Left Side (MC02)","L963","06203-L963-SL204","North South Motorway;Between River Torrens & Northern Tunnel, Northern Portal (NTNP) (MC01/MC02);Between River Torrens & NTNP, SouthBound, East Carriageway, Left Side (MC02)","06203","North South Motorway;Between River Torrens & Northern Tunnel, Northern Portal (NTNP) (MC01","L963","Between River Torrens & Northern Tunnel, Northern Portal (NTNP) (MC01/MC02)","SL204","Between River Torrens & NTNP, SouthBound, East Carriageway, Left Side (MC02)","2965","Co_80_35_75","Road networks","En_80_35_56","Motorways","SL_80_35_74","Road sections","27/10/2025 1:09 PM","John Marsden-T2D","1200"
"3","VG12O6","TZ24F0","SL207","Open Motorway between NTSP & STNP, NorthBound, West Carriageway, Right Side (MC01)","L966","06203-L966-SL207","North South Motorway;Open Motorway, Between Northern Tunnel, Southern Portal (NTSP) & Southern Tunnel, Northern Portal (STNP) (MC01/MC02);Open Motorway between NTSP & STNP, NorthBound, West Carriageway, Right Side (MC01)","06203","North South Motorway;Open Motorway, Between Northern Tunnel, Southern Portal (NTSP) & Southern Tunnel, Northern Portal (STNP) (MC01","L966","Open Motorway, Between Northern Tunnel, Southern Portal (NTSP) & Southern Tunnel, Northern Portal (STNP) (MC01/MC02)","SL207","Open Motorway between NTSP & STNP, NorthBound, West Carriageway, Right Side (MC01)","2966-2967","Co_80_35_75","Road networks","En_80_35_56","Motorways","SL_80_35_74","Road sections","27/10/2025 1:09 PM","John Marsden-T2D","1201"
"3","AM23O9","TZ24F0","SL209","Open Motorway between NTSP & STNP, Southbound, East Carriageway, Left Side (MC02)","L966","06203-L966-SL209","North South Motorway;Open Motorway, Between Northern Tunnel, Southern Portal (NTSP) & Southern Tunnel, Northern Portal (STNP) (MC01/MC02);Open Motorway between NTSP & STNP, Southbound, East Carriageway, Left Side (MC02)","06203","North South Motorway;Open Motorway, Between Northern Tunnel, Southern Portal (NTSP) & Southern Tunnel, Northern Portal (STNP) (MC01","L966","Open Motorway, Between Northern Tunnel, Southern Portal (NTSP) & Southern Tunnel, Northern Portal (STNP) (MC01/MC02)","SL209","Open Motorway between NTSP & STNP, Southbound, East Carriageway, Left Side (MC02)","2968-2969","Co_80_35_75","Road networks","En_80_35_56","Motorways","SL_80_35_74","Road sections","27/10/2025 1:09 PM","John Marsden-T2D","1202"
"3","AO75K0","MB14D7","SL301","Between STSP & Tonsley & Brookman, NorthBound, West Carriageway, Right Side (MC01)","L396","06203-L396-SL301","North South Motorway;Between Southern Tunnel, Southern Portal (STSP) Tonsley & Brookman  (MC01/MC02);Between STSP & Tonsley & Brookman, NorthBound, West Carriageway, Right Side (MC01)","06203","North South Motorway;Between Southern Tunnel, Southern Portal (STSP) Tonsley & Brookman  (MC01","L396","Between Southern Tunnel, Southern Portal (STSP) Tonsley & Brookman  (MC01/MC02)","SL301","Between STSP & Tonsley & Brookman, NorthBound, West Carriageway, Right Side (MC01)","3960","Co_80_35_75","Road networks","En_80_35_56","Motorways","SL_80_35_74","Road sections","27/10/2025 1:09 PM","John Marsden-T2D","1203"
"3","EV84C6","MB14D7","SL302","Between STSP & Tonsley & Brookman, Southbound, East Carriageway, Left Side (MC02)","L396","06203-L396-SL302","North South Motorway;Between Southern Tunnel, Southern Portal (STSP) Tonsley & Brookman  (MC01/MC02);Between STSP & Tonsley & Brookman, Southbound, East Carriageway, Left Side (MC02)","06203","North South Motorway;Between Southern Tunnel, Southern Portal (STSP) Tonsley & Brookman  (MC01","L396","Between Southern Tunnel, Southern Portal (STSP) Tonsley & Brookman  (MC01/MC02)","SL302","Between STSP & Tonsley & Brookman, Southbound, East Carriageway, Left Side (MC02)","3961","Co_80_35_75","Road networks","En_80_35_56","Motorways","SL_80_35_74","Road sections","27/10/2025 1:09 PM","John Marsden-T2D","1204"
"3","VD70G0","OW64E0","SL303","South of Tonsley & Brookman, NorthBound, West Carriageway, Right Side (MC01)","L961","06203-L961-SL303","North South Motorway;South of Tonsley & Brookman (MC01/MC02);South of Tonsley & Brookman, NorthBound, West Carriageway, Right Side (MC01)","06203","North South Motorway;South of Tonsley & Brookman (MC01","L961","South of Tonsley & Brookman (MC01/MC02)","SL303","South of Tonsley & Brookman, NorthBound, West Carriageway, Right Side (MC01)","3962","Co_80_35_75","Road networks","En_80_35_56","Motorways","SL_80_35_74","Road sections","27/10/2025 1:09 PM","John Marsden-T2D","1205"
"3","LB36T3","OW64E0","SL304","South of Tonsley & Brookman, Southbound, East Carriageway, Left Side  (MC02)","L961","06203-L961-SL304","North South Motorway;South of Tonsley & Brookman (MC01/MC02);South of Tonsley & Brookman, Southbound, East Carriageway, Left Side  (MC02)","06203","North South Motorway;South of Tonsley & Brookman (MC01","L961","South of Tonsley & Brookman (MC01/MC02)","SL304","South of Tonsley & Brookman, Southbound, East Carriageway, Left Side  (MC02)","3963","Co_80_35_75","Road networks","En_80_35_56","Motorways","SL_80_35_74","Road sections","27/10/2025 1:09 PM","John Marsden-T2D","1206"
"3","ZX67M9","PK22H0","SL305","North Motorway to Southern Expressway Transition, NorthBound, West Carriageway, Right Side (MC01)","L962","06780-L962-SL305","Southern Expressway;North Motorway to Southern Expressway Transition  (MC01/MC02);North Motorway to Southern Expressway Transition, NorthBound, West Carriageway, Right Side (MC01)","06780","Southern Expressway;North Motorway to Southern Expressway Transition  (MC01","L962","North Motorway to Southern Expressway Transition  (MC01/MC02)","SL305","North Motorway to Southern Expressway Transition, NorthBound, West Carriageway, Right Side (MC01)","3964","Co_80_35_75","Road networks","En_80_35_56","Motorways","SL_80_35_74","Road sections","27/10/2025 1:09 PM","John Marsden-T2D","1207"
"3","SX75U0","PK22H0","SL306","North Motorway to Southern Expressway Transition, Southbound, East Carriageway, Left Side (MC02)","L962","06780-L962-SL306","Southern Expressway;North Motorway to Southern Expressway Transition  (MC01/MC02);North Motorway to Southern Expressway Transition, Southbound, East Carriageway, Left Side (MC02)","06780","Southern Expressway;North Motorway to Southern Expressway Transition  (MC01","L962","North Motorway to Southern Expressway Transition  (MC01/MC02)","SL306","North Motorway to Southern Expressway Transition, Southbound, East Carriageway, Left Side (MC02)","3965","Co_80_35_75","Road networks","En_80_35_56","Motorways","SL_80_35_74","Road sections","27/10/2025 1:09 PM","John Marsden-T2D","1208"
"1FC","ZG56M2",,"F0088","Traffic Management Centre",,"F0088","Traffic Management Centre","F0088","Traffic Management Centre",,,,,"288","Co_80_35_75","Road networks","En_80_35_77","Service area buildings",,,"6/11/2025 1:51 PM","John Marsden-T2D","1209"
"2FC","PL20A7","ZG56M2","B001","Traffic Management Centre, Main Site","F0088","F0088-B001","Traffic Management Centre;Traffic Management Centre, Main Site","F0088","Traffic Management Centre;Traffic Management Centre, Main Site","B001","Traffic Management Centre, Main Site",,,"2881","Co_80_35_75","Road networks","En_80_35_77","Service area buildings","SL_90_90","Plant and control spaces","6/11/2025 1:51 PM","John Marsden-T2D","1210"
"2FC","JC97U4","ZG56M2","B005","Traffic Management Centre, Backup Site","F0088","F0088-B005","Traffic Management Centre;Traffic Management Centre, Backup Site","F0088","Traffic Management Centre;Traffic Management Centre, Backup Site","B005","Traffic Management Centre, Backup Site",,,"2885","Co_80_35_75","Road networks","En_80_35_77","Service area buildings","SL_90_90","Plant and control spaces","6/11/2025 1:51 PM","John Marsden-T2D","1211"
"2","RT34R8","UI22V5","N304","SouthBound South Road Intersection","06206","06206-N304","James Congdon Drive;SouthBound South Road Intersection","06206","James Congdon Drive;SouthBound South Road Intersection","N304","SouthBound South Road Intersection",,,"2304","Co_80_35_75","Road networks","En_80_35_74","Roads","SL_80_35_42","Intersections","3/12/2025 11:40 AM","Tay, Bryan","1213"
"2FC","XV28Z3","HX61C3","B001","Manchester Maintenance Facility, Office","F0292","F0292-B001","Manchester Maintenance Facility;Manchester Maintenance Facility, Office","F0292","Manchester Maintenance Facility","B001","Manchester Maintenance Facility, Office",,,"2921","Co_80_35_75","Road networks","En_80_35_77","Service area buildings",,,"8/12/2025 12:00 PM","John Marsden-T2D","1214"
"2FC","AR55U7","HX61C3","B002","Manchester Maintenance Facility, Warehouse","F0292","F0292-B002","Manchester Maintenance Facility;Manchester Maintenance Facility, Warehouse","F0292","Manchester Maintenance Facility","B002","Manchester Maintenance Facility, Warehouse",,,"2922","Co_80_35_75","Road networks","En_80_35_77","Service area buildings",,,"8/12/2025 12:00 PM","John Marsden-T2D","1215"
"2FC","OB46C7","HX61C3","B003","Manchester Maintenance Facility, Site Storage","F0292","F0292-B003","Manchester Maintenance Facility;Manchester Maintenance Facility, Site Storage","F0292","Manchester Maintenance Facility","B003","Manchester Maintenance Facility, Site Storage",,,"2923","Co_80_35_75","Road networks","En_80_35_77","Service area buildings",,,"8/12/2025 12:00 PM","John Marsden-T2D","1216"
"2FC","HD09N9","HX61C3","B004","Manchester Maintenance Facility, Wash Bay","F0292","F0292-B004","Manchester Maintenance Facility;Manchester Maintenance Facility, Wash Bay","F0292","Manchester Maintenance Facility","B004","Manchester Maintenance Facility, Wash Bay",,,"2924","Co_80_35_75","Road networks","En_80_35_77","Service area buildings",,,"8/12/2025 12:00 PM","John Marsden-T2D","1217"
"2FC","KM94D0","HX61C3","B009","Manchester Maintenance Facility, External Compound","F0292","F0292-B009","Manchester Maintenance Facility;Manchester Maintenance Facility, External Compound","F0292","Manchester Maintenance Facility","B009","Manchester Maintenance Facility, External Compound",,,"2929","Co_80_35_75","Road networks","En_80_35_77","Service area buildings",,,"8/12/2025 12:00 PM","John Marsden-T2D","1218"
"3FC","WV31P0","XV28Z3","S101","Office, Entry Lobby","B001","F0292-B001-S101","Manchester Maintenance Facility;Manchester Maintenance Facility, Office;Office, Entry Lobby","F0292","Manchester Maintenance Facility","B001","Manchester Maintenance Facility, Office","S101","Office, Entry Lobby","2921","Co_80_35_75","Road networks","En_80_35_77","Service area buildings","SL_20_15_71","Reception areas","8/12/2025 12:00 PM","John Marsden-T2D","1219"
"3FC","EC32Y3","XV28Z3","S102","Office, Meeting 01","B001","F0292-B001-S102","Manchester Maintenance Facility;Manchester Maintenance Facility, Office;Office, Meeting 01","F0292","Manchester Maintenance Facility","B001","Manchester Maintenance Facility, Office","S102","Office, Meeting 01","2921","Co_80_35_75","Road networks","En_80_35_77","Service area buildings","SL_20_15_50","Meeting rooms","8/12/2025 12:00 PM","John Marsden-T2D","1220"
"3FC","DZ40N3","XV28Z3","S103","Office, Open Office","B001","F0292-B001-S103","Manchester Maintenance Facility;Manchester Maintenance Facility, Office;Office, Open Office","F0292","Manchester Maintenance Facility","B001","Manchester Maintenance Facility, Office","S103","Office, Open Office","2921","Co_80_35_75","Road networks","En_80_35_77","Service area buildings","SL_20_15_61","Open-plan offices","8/12/2025 12:00 PM","John Marsden-T2D","1221"
"3FC","BP24N5","XV28Z3","S104","Office, Meeting 02","B001","F0292-B001-S104","Manchester Maintenance Facility;Manchester Maintenance Facility, Office;Office, Meeting 02","F0292","Manchester Maintenance Facility","B001","Manchester Maintenance Facility, Office","S104","Office, Meeting 02","2921","Co_80_35_75","Road networks","En_80_35_77","Service area buildings","SL_20_15_50","Meeting rooms","8/12/2025 12:00 PM","John Marsden-T2D","1222"
"3FC","PQ54Y9","XV28Z3","S105","Office, Alliance General Manager Office","B001","F0292-B001-S105","Manchester Maintenance Facility;Manchester Maintenance Facility, Office;Office, Alliance General Manager Office","F0292","Manchester Maintenance Facility","B001","Manchester Maintenance Facility, Office","S105","Office, Alliance General Manager Office","2921","Co_80_35_75","Road networks","En_80_35_77","Service area buildings","SL_20_15_27","Enclosed offices","8/12/2025 12:00 PM","John Marsden-T2D","1223"
"3FC","DW37W7","XV28Z3","S106","Office, File Storage","B001","F0292-B001-S106","Manchester Maintenance Facility;Manchester Maintenance Facility, Office;Office, File Storage","F0292","Manchester Maintenance Facility","B001","Manchester Maintenance Facility, Office","S106","Office, File Storage","2921","Co_80_35_75","Road networks","En_80_35_77","Service area buildings","SL_90_50_35","General storerooms","8/12/2025 12:00 PM","John Marsden-T2D","1224"
"3FC","IM23S4","XV28Z3","S107","Office, Office","B001","F0292-B001-S107","Manchester Maintenance Facility;Manchester Maintenance Facility, Office;Office, Office","F0292","Manchester Maintenance Facility","B001","Manchester Maintenance Facility, Office","S107","Office, Office","2921","Co_80_35_75","Road networks","En_80_35_77","Service area buildings","SL_20_15_27","Enclosed offices","8/12/2025 12:00 PM","John Marsden-T2D","1225"
"3FC","MA22H2","XV28Z3","S108","Office, Training 01","B001","F0292-B001-S108","Manchester Maintenance Facility;Manchester Maintenance Facility, Office;Office, Training 01","F0292","Manchester Maintenance Facility","B001","Manchester Maintenance Facility, Office","S108","Office, Training 01","2921","Co_80_35_75","Road networks","En_80_35_77","Service area buildings","SL_25_40","Training spaces","8/12/2025 12:00 PM","John Marsden-T2D","1226"
"3FC","BA44S9","XV28Z3","S109","Office, Training 02","B001","F0292-B001-S109","Manchester Maintenance Facility;Manchester Maintenance Facility, Office;Office, Training 02","F0292","Manchester Maintenance Facility","B001","Manchester Maintenance Facility, Office","S109","Office, Training 02","2921","Co_80_35_75","Road networks","En_80_35_77","Service area buildings","SL_25_40","Training spaces","8/12/2025 12:00 PM","John Marsden-T2D","1227"
"3FC","PW42P0","XV28Z3","S110","Office, Airlock","B001","F0292-B001-S110","Manchester Maintenance Facility;Manchester Maintenance Facility, Office;Office, Airlock","F0292","Manchester Maintenance Facility","B001","Manchester Maintenance Facility, Office","S110","Office, Airlock","2921","Co_80_35_75","Road networks","En_80_35_77","Service area buildings","SL_90_10_02","Airlocks","8/12/2025 12:00 PM","John Marsden-T2D","1228"
"3FC","TU20I9","XV28Z3","S111","Office, Female WC","B001","F0292-B001-S111","Manchester Maintenance Facility;Manchester Maintenance Facility, Office;Office, Female WC","F0292","Manchester Maintenance Facility","B001","Manchester Maintenance Facility, Office","S111","Office, Female WC","2921","Co_80_35_75","Road networks","En_80_35_77","Service area buildings","SL_35_80_89","Toilets","8/12/2025 12:00 PM","John Marsden-T2D","1229"
"3FC","ZK69J4","XV28Z3","S112","Office, Male WC","B001","F0292-B001-S112","Manchester Maintenance Facility;Manchester Maintenance Facility, Office;Office, Male WC","F0292","Manchester Maintenance Facility","B001","Manchester Maintenance Facility, Office","S112","Office, Male WC","2921","Co_80_35_75","Road networks","En_80_35_77","Service area buildings","SL_35_80_89","Toilets","8/12/2025 12:00 PM","John Marsden-T2D","1230"
"3FC","UT64V4","XV28Z3","S113","Office, DDA Shower","B001","F0292-B001-S113","Manchester Maintenance Facility;Manchester Maintenance Facility, Office;Office, DDA Shower","F0292","Manchester Maintenance Facility","B001","Manchester Maintenance Facility, Office","S113","Office, DDA Shower","2921","Co_80_35_75","Road networks","En_80_35_77","Service area buildings","SL_35_80_80","Showers","8/12/2025 12:00 PM","John Marsden-T2D","1231"
"3FC","DX68A2","XV28Z3","S114","Office, Corridor","B001","F0292-B001-S114","Manchester Maintenance Facility;Manchester Maintenance Facility, Office;Office, Corridor","F0292","Manchester Maintenance Facility","B001","Manchester Maintenance Facility, Office","S114","Office, Corridor","2921","Co_80_35_75","Road networks","En_80_35_77","Service area buildings","SL_90_10_15","Corridors","8/12/2025 12:00 PM","John Marsden-T2D","1232"
"3FC","XJ51P2","XV28Z3","S115","Office, Lunch Room","B001","F0292-B001-S115","Manchester Maintenance Facility;Manchester Maintenance Facility, Office;Office, Lunch Room","F0292","Manchester Maintenance Facility","B001","Manchester Maintenance Facility, Office","S115","Office, Lunch Room","2921","Co_80_35_75","Road networks","En_80_35_77","Service area buildings","SL_35_10_31","First aid rooms","8/12/2025 12:00 PM","John Marsden-T2D","1233"
"3FC","FS66W6","XV28Z3","S116","Office, First Aid","B001","F0292-B001-S116","Manchester Maintenance Facility;Manchester Maintenance Facility, Office;Office, First Aid","F0292","Manchester Maintenance Facility","B001","Manchester Maintenance Facility, Office","S116","Office, First Aid","2921","Co_80_35_75","Road networks","En_80_35_77","Service area buildings",,,"8/12/2025 12:00 PM","John Marsden-T2D","1234"
"3FC","ZE82T6","XV28Z3","S117","Office, Cleaners","B001","F0292-B001-S117","Manchester Maintenance Facility;Manchester Maintenance Facility, Office;Office, Cleaners","F0292","Manchester Maintenance Facility","B001","Manchester Maintenance Facility, Office","S117","Office, Cleaners","2921","Co_80_35_75","Road networks","En_80_35_77","Service area buildings","SL_90_50_16","Cleaners' stores","8/12/2025 12:00 PM","John Marsden-T2D","1235"
"3FC","XL92Z8","XV28Z3","S118","Office, Female Shower / Change","B001","F0292-B001-S118","Manchester Maintenance Facility;Manchester Maintenance Facility, Office;Office, Female Shower / Change","F0292","Manchester Maintenance Facility","B001","Manchester Maintenance Facility, Office","S118","Office, Female Shower / Change","2921","Co_80_35_75","Road networks","En_80_35_77","Service area buildings","SL_35_80_80","Showers","8/12/2025 12:00 PM","John Marsden-T2D","1236"
"3FC","TJ14Q7","XV28Z3","S119","Office, Male Shower / Change","B001","F0292-B001-S119","Manchester Maintenance Facility;Manchester Maintenance Facility, Office;Office, Male Shower / Change","F0292","Manchester Maintenance Facility","B001","Manchester Maintenance Facility, Office","S119","Office, Male Shower / Change","2921","Co_80_35_75","Road networks","En_80_35_77","Service area buildings","SL_35_80_80","Showers","8/12/2025 12:00 PM","John Marsden-T2D","1237"
"3FC","RI27R6","XV28Z3","S120","Office, Store","B001","F0292-B001-S120","Manchester Maintenance Facility;Manchester Maintenance Facility, Office;Office, Store","F0292","Manchester Maintenance Facility","B001","Manchester Maintenance Facility, Office","S120","Office, Store","2921","Co_80_35_75","Road networks","En_80_35_77","Service area buildings","SL_90_50_35","General storerooms","8/12/2025 12:00 PM","John Marsden-T2D","1238"
"3FC","LA95A7","XV28Z3","S121","Office, CMS / BMS","B001","F0292-B001-S121","Manchester Maintenance Facility;Manchester Maintenance Facility, Office;Office, CMS / BMS","F0292","Manchester Maintenance Facility","B001","Manchester Maintenance Facility, Office","S121","Office, CMS / BMS","2921","Co_80_35_75","Road networks","En_80_35_77","Service area buildings","SL_90_90","Plant and control spaces","8/12/2025 12:00 PM","John Marsden-T2D","1239"
"3FC","AO88J8","XV28Z3","S201","Office, Office Roof","B001","F0292-B001-S201","Manchester Maintenance Facility;Manchester Maintenance Facility, Office;Office, Office Roof","F0292","Manchester Maintenance Facility","B001","Manchester Maintenance Facility, Office","S201","Office, Office Roof","2921","Co_80_35_75","Road networks","En_80_35_77","Service area buildings","SL_90_60_72","Roof surface spaces","8/12/2025 12:00 PM","John Marsden-T2D","1240"
"3FC","EA66K9","AR55U7","S101","Warehouse, Warehouse","B002","F0292-B002-S101","Manchester Maintenance Facility;Manchester Maintenance Facility, Warehouse;Warehouse, Warehouse","F0292","Manchester Maintenance Facility","B002","Manchester Maintenance Facility, Warehouse","S101","Warehouse, Warehouse","2922","Co_80_35_75","Road networks","En_80_35_77","Service area buildings","SL_90_50_35","General storerooms","8/12/2025 12:01 PM","John Marsden-T2D","1241"
"3FC","HC18K4","AR55U7","S102","Warehouse, Field Office","B002","F0292-B002-S102","Manchester Maintenance Facility;Manchester Maintenance Facility, Warehouse;Warehouse, Field Office","F0292","Manchester Maintenance Facility","B002","Manchester Maintenance Facility, Warehouse","S102","Warehouse, Field Office","2922","Co_80_35_75","Road networks","En_80_35_77","Service area buildings","SL_20_15_27","Enclosed offices","8/12/2025 12:01 PM","John Marsden-T2D","1242"
"3FC","TL72E1","AR55U7","S103","Warehouse, Tools","B002","F0292-B002-S103","Manchester Maintenance Facility;Manchester Maintenance Facility, Warehouse;Warehouse, Tools","F0292","Manchester Maintenance Facility","B002","Manchester Maintenance Facility, Warehouse","S103","Warehouse, Tools","2922","Co_80_35_75","Road networks","En_80_35_77","Service area buildings","SL_90_50_35","General storerooms","8/12/2025 12:01 PM","John Marsden-T2D","1243"
"3FC","IZ70Z3","AR55U7","S104","Warehouse, Electrical Room","B002","F0292-B002-S104","Manchester Maintenance Facility;Manchester Maintenance Facility, Warehouse;Warehouse, Electrical Room","F0292","Manchester Maintenance Facility","B002","Manchester Maintenance Facility, Warehouse","S104","Warehouse, Electrical Room","2922","Co_80_35_75","Road networks","En_80_35_77","Service area buildings","SL_90_90","Plant and control spaces","8/12/2025 12:01 PM","John Marsden-T2D","1244"
"3FC","ER77E6","AR55U7","S105","Warehouse, ITS Systems Room / DIT","B002","F0292-B002-S105","Manchester Maintenance Facility;Manchester Maintenance Facility, Warehouse;Warehouse, ITS Systems Room / DIT","F0292","Manchester Maintenance Facility","B002","Manchester Maintenance Facility, Warehouse","S105","Warehouse, ITS Systems Room / DIT","2922","Co_80_35_75","Road networks","En_80_35_77","Service area buildings","SL_90_90","Plant and control spaces","8/12/2025 12:01 PM","John Marsden-T2D","1245"
"3FC","MH05G0","AR55U7","S106","Warehouse, ITS Room","B002","F0292-B002-S106","Manchester Maintenance Facility;Manchester Maintenance Facility, Warehouse;Warehouse, ITS Room","F0292","Manchester Maintenance Facility","B002","Manchester Maintenance Facility, Warehouse","S106","Warehouse, ITS Room","2922","Co_80_35_75","Road networks","En_80_35_77","Service area buildings","SL_90_90","Plant and control spaces","8/12/2025 12:01 PM","John Marsden-T2D","1246"
"3FC","WI46B7","AR55U7","S201","Warehouse, Warehouse Roof","B002","F0292-B002-S201","Manchester Maintenance Facility;Manchester Maintenance Facility, Warehouse;Warehouse, Warehouse Roof","F0292","Manchester Maintenance Facility","B002","Manchester Maintenance Facility, Warehouse","S201","Warehouse, Warehouse Roof","2922","Co_80_35_75","Road networks","En_80_35_77","Service area buildings","SL_90_60_72","Roof surface spaces","8/12/2025 12:01 PM","John Marsden-T2D","1247"
"3FC","SB77A9","OB46C7","S101","Site Storage, Hazchem Store","B003","F0292-B003-S101","Manchester Maintenance Facility;Manchester Maintenance Facility, Site Storage;Site Storage, Hazchem Store","F0292","Manchester Maintenance Facility","B003","Manchester Maintenance Facility, Site Storage","S101","Site Storage, Hazchem Store","2923","Co_80_35_75","Road networks","En_80_35_77","Service area buildings","SL_90_50_13","Chemicals stores","8/12/2025 12:01 PM","John Marsden-T2D","1248"
"3FC","UK78Q9","OB46C7","S102","Site Storage, Spare Parts","B003","F0292-B003-S102","Manchester Maintenance Facility;Manchester Maintenance Facility, Site Storage;Site Storage, Spare Parts","F0292","Manchester Maintenance Facility","B003","Manchester Maintenance Facility, Site Storage","S102","Site Storage, Spare Parts","2923","Co_80_35_75","Road networks","En_80_35_77","Service area buildings","SL_90_50_35","General storerooms","8/12/2025 12:01 PM","John Marsden-T2D","1249"
"3FC","CH14X6","OB46C7","S201","Site Storage, Site Store Roof","B003","F0292-B003-S201","Manchester Maintenance Facility;Manchester Maintenance Facility, Site Storage;Site Storage, Site Store Roof","F0292","Manchester Maintenance Facility","B003","Manchester Maintenance Facility, Site Storage","S201","Site Storage, Site Store Roof","2923","Co_80_35_75","Road networks","En_80_35_77","Service area buildings","SL_90_60_72","Roof surface spaces","8/12/2025 12:01 PM","John Marsden-T2D","1250"
"3FC","PP32A4","HD09N9","S101","Washbay","B004","F0292-B004-S101","Manchester Maintenance Facility;Manchester Maintenance Facility, Wash Bay;Washbay","F0292","Manchester Maintenance Facility","B004","Manchester Maintenance Facility, Wash Bay","S101","Washbay","2924","Co_80_35_75","Road networks","En_80_35_77","Service area buildings","SL_30_60_94","Vehicle washes","8/12/2025 12:02 PM","John Marsden-T2D","1251"
"3FC","VQ20C4","HD09N9","S201","Washbay Roof","B004","F0292-B004-S201","Manchester Maintenance Facility;Manchester Maintenance Facility, Wash Bay;Washbay Roof","F0292","Manchester Maintenance Facility","B004","Manchester Maintenance Facility, Wash Bay","S201","Washbay Roof","2924","Co_80_35_75","Road networks","En_80_35_77","Service area buildings","SL_90_60_72","Roof surface spaces","8/12/2025 12:02 PM","John Marsden-T2D","1252"
"3FC","OJ98Y1","KM94D0","S901","External, Car Park","B009","F0292-B009-S901","Manchester Maintenance Facility;Manchester Maintenance Facility, External Compound;External, Car Park","F0292","Manchester Maintenance Facility","B009","Manchester Maintenance Facility, External Compound","S901","External, Car Park","2929","Co_80_35_75","Road networks","En_80_35_77","Service area buildings","SL_32_35","Ground spaces","8/12/2025 12:02 PM","John Marsden-T2D","1253"
"3FC","PL16S9","KM94D0","S902","External, Rear Yard","B009","F0292-B009-S902","Manchester Maintenance Facility;Manchester Maintenance Facility, External Compound;External, Rear Yard","F0292","Manchester Maintenance Facility","B009","Manchester Maintenance Facility, External Compound","S902","External, Rear Yard","2929","Co_80_35_75","Road networks","En_80_35_77","Service area buildings","SL_32_35","Ground spaces","8/12/2025 12:02 PM","John Marsden-T2D","1254"
"3FC","SU00L2","KM94D0","S903","External, East Serv. Yard","B009","F0292-B009-S903","Manchester Maintenance Facility;Manchester Maintenance Facility, External Compound;External, East Serv. Yard","F0292","Manchester Maintenance Facility","B009","Manchester Maintenance Facility, External Compound","S903","External, East Serv. Yard","2929","Co_80_35_75","Road networks","En_80_35_77","Service area buildings","SL_32_35","Ground spaces","8/12/2025 12:02 PM","John Marsden-T2D","1255"
"3FC","PI90L5","KM94D0","S904","External, Bike Store","B009","F0292-B009-S904","Manchester Maintenance Facility;Manchester Maintenance Facility, External Compound;External, Bike Store","F0292","Manchester Maintenance Facility","B009","Manchester Maintenance Facility, External Compound","S904","External, Bike Store","2929","Co_80_35_75","Road networks","En_80_35_77","Service area buildings","SL_32_35","Ground spaces","8/12/2025 12:02 PM","John Marsden-T2D","1256"
"1","KH31Q4",,"NCRN049","Davenport Terrace",,"NCRN049","Davenport Terrace","NCRN049","Davenport Terrace",,,,,"No Linear Assets Req","Co_80_35_75","Road networks","En_80_35_74","Roads",,,"21/01/2026 12:02 PM","John Marsden-T2D","1257"
"3FC","VP56H8","KM94D0","S905","External, Outdoor Seating","B009","F0292-B009-S905","Manchester Maintenance Facility;Manchester Maintenance Facility, External Compound;External, Outdoor Seating","F0292","Manchester Maintenance Facility","B009","Manchester Maintenance Facility, External Compound","S905","External, Outdoor Seating","2929","Co_80_35_75","Road networks","En_80_35_77","Service area buildings","SL_32_35","Ground spaces","8/12/2025 12:03 PM","John Marsden-T2D","1258"
"3FC","AQ61W0","KM94D0","S906","External, Outdoor BBQ","B009","F0292-B009-S906","Manchester Maintenance Facility;Manchester Maintenance Facility, External Compound;External, Outdoor BBQ","F0292","Manchester Maintenance Facility","B009","Manchester Maintenance Facility, External Compound","S906","External, Outdoor BBQ","2929","Co_80_35_75","Road networks","En_80_35_77","Service area buildings","SL_32_35","Ground spaces","8/12/2025 12:03 PM","John Marsden-T2D","1259"
"3FC","PI53Q3","KM94D0","S907","External, Vehicle Impound Yard","B009","F0292-B009-S907","Manchester Maintenance Facility;Manchester Maintenance Facility, External Compound;External, Vehicle Impound Yard","F0292","Manchester Maintenance Facility","B009","Manchester Maintenance Facility, External Compound","S907","External, Vehicle Impound Yard","2929","Co_80_35_75","Road networks","En_80_35_77","Service area buildings","SL_32_35","Ground spaces","8/12/2025 12:03 PM","John Marsden-T2D","1260"
"3FC","LK82K5","KM94D0","S908","External, Outdoor Laydown Area","B009","F0292-B009-S908","Manchester Maintenance Facility;Manchester Maintenance Facility, External Compound;External, Outdoor Laydown Area","F0292","Manchester Maintenance Facility","B009","Manchester Maintenance Facility, External Compound","S908","External, Outdoor Laydown Area","2929","Co_80_35_75","Road networks","En_80_35_77","Service area buildings","SL_32_35","Ground spaces","8/12/2025 12:03 PM","John Marsden-T2D","1261"
"3FC","LF85U6","KM94D0","S909","External, West Serv. Yard","B009","F0292-B009-S909","Manchester Maintenance Facility;Manchester Maintenance Facility, External Compound;External, West Serv. Yard","F0292","Manchester Maintenance Facility","B009","Manchester Maintenance Facility, External Compound","S909","External, West Serv. Yard","2929","Co_80_35_75","Road networks","En_80_35_77","Service area buildings","SL_32_35","Ground spaces","8/12/2025 12:03 PM","John Marsden-T2D","1262"
"2","AF59O4","QQ46K9","L900","T2D Off-Motorway Assets - North","62035","62035-L900","South Road, Northern;T2D Off-Motorway Assets - North","62035","South Road, Northern","L900","T2D Off-Motorway Assets - North",,,"2409","Co_80_35_75","Road networks","En_80_35_74","Roads","SL_80_35_74","Road sections","21/01/2026 12:02 PM","John Marsden-T2D","1263"
"2","BT02N3","KH31Q4","L071","Davenport Terrace","NCRN049","NCRN049-L071","Davenport Terrace;Davenport Terrace","NCRN049","Davenport Terrace;Davenport Terrace","L071","Davenport Terrace",,,"2456","Co_80_35_75","Road networks","En_80_35_74","Roads","SL_80_35_74","Road sections","21/01/2026 12:03 PM","John Marsden-T2D","1264"
"3FC","HA39Z8","JA28S6","SC01","Electrical Equipment Room","B000","F0280-B000-SC01","Northern Tunnel, Northern  Portal (NTNP);Electrical Equipment Room;Electrical Equipment Room","F0280","Northern Tunnel, Northern  Portal (NTNP);Electrical Equipment Room;Electrical Equipment Room","B000","Electrical Equipment Room","SC01","Electrical Equipment Room","2800","Co_80_35_75","Road networks","En_80_96_91","Tunnel portals","SL_70_30","Electricity distribution spaces","5/03/2026 2:29 PM","John Marsden-T2D","1265"
"3FC","IA17B7","KF19E6","SB01","Sump Space","B001","F0280-B001-SB01","Northern Tunnel, Northern  Portal (NTNP);Hydrocarbon Sump;Sump Space","F0280","Northern Tunnel, Northern  Portal (NTNP);Hydrocarbon Sump;Sump Space","B001","Hydrocarbon Sump","SB01","Sump Space","2801","Co_80_35_75","Road networks","En_80_96_91","Tunnel portals","SL_50_30","Drainage collection spaces","5/03/2026 2:32 PM","John Marsden-T2D","1267"
"3FC","ZC13Q2","RC81G8","SC01","Fire Suppression Room","B002","F0280-B002-SC01","Northern Tunnel, Northern  Portal (NTNP);Fire Suppression Room;Fire Suppression Room","F0280","Northern Tunnel, Northern  Portal (NTNP);Fire Suppression Room;Fire Suppression Room","B002","Fire Suppression Room","SC01","Fire Suppression Room","2802","Co_80_35_75","Road networks","En_80_96_91","Tunnel portals","SL_20_95_32","Fire suppression zones","5/03/2026 2:33 PM","John Marsden-T2D","1268"
"2FC","MM10Q8","HI17L1","B004","Risers","F0280","F0280-B004","Northern Tunnel, Northern  Portal (NTNP);Risers","F0280","Northern Tunnel, Northern  Portal (NTNP);Risers","B004","Risers",,,"2804","Co_80_35_75","Road networks","En_80_96_91","Tunnel portals",,,"5/03/2026 2:25 PM","John Marsden-T2D","1270"
"2FC","FE66C8","HI17L1","B006","Equipment Buggy Access","F0280","F0280-B006","Northern Tunnel, Northern  Portal (NTNP);Equipment Buggy Access","F0280","Northern Tunnel, Northern  Portal (NTNP);Equipment Buggy Access","B006","Equipment Buggy Access",,,"2806","Co_80_35_75","Road networks","En_80_96_91","Tunnel portals",,,"5/03/2026 2:25 PM","John Marsden-T2D","1271"
"2FC","CW27N2","HI17L1","B007","Portal Stairway","F0280","F0280-B007","Northern Tunnel, Northern  Portal (NTNP);Portal Stairway","F0280","Northern Tunnel, Northern  Portal (NTNP);Portal Stairway","B007","Portal Stairway",,,"2807","Co_80_35_75","Road networks","En_80_96_91","Tunnel portals",,,"5/03/2026 2:25 PM","John Marsden-T2D","1272"
"3FC","DQ78Y7","MB20L4","SC01","Ventilation Space","B008","F0280-B008-SC01","Northern Tunnel, Northern  Portal (NTNP);Ventilation Building;Ventilation Space","F0280","Northern Tunnel, Northern  Portal (NTNP);Ventilation Building;Ventilation Space","B008","Ventilation Building","SC01","Ventilation Space","2808","Co_80_35_75","Road networks","En_80_96_91","Tunnel portals","SL_90_90",,"5/03/2026 2:34 PM","John Marsden-T2D","1273"
"1FC","HI17L1",,"F0280","Northern Tunnel, Northern  Portal (NTNP)",,"F0280","Northern Tunnel, Northern  Portal (NTNP)","F0280","Northern Tunnel, Northern  Portal (NTNP)",,,,,"280","Co_80_35_75","Road networks","En_80_96_91","Tunnel portals",,,"5/03/2026 2:47 PM","John Marsden-T2D","1274"
"1FC","HP53Y7",,"F0281","Northern Tunnel, Southern  Portal (NTSP)",,"F0281","Northern Tunnel, Southern  Portal (NTSP)","F0281","Northern Tunnel, Southern  Portal (NTSP)",,,,,"281","Co_80_35_75","Road networks","En_80_96_91","Tunnel portals",,,"5/03/2026 2:48 PM","John Marsden-T2D","1275"
"1FC","GN81D0",,"F0380","Southern Tunnel, Northern Portal (STNP)",,"F0380","Southern Tunnel, Northern Portal (STNP)","F0380","Southern Tunnel, Northern Portal (STNP)",,,,,"380","Co_80_35_75","Road networks","En_80_96_91","Tunnel portals",,,"5/03/2026 2:48 PM","John Marsden-T2D","1276"
"3FC","DT08Z7","PC41R8","SC04","Area 4, Carriageway","B003","F0280-B003-SC04","Northern Tunnel, Northern  Portal (NTNP);General Areas;Area 4, Carriageway","F0280","Northern Tunnel, Northern  Portal (NTNP);General Areas;Area 4, Carriageway","B003","General Areas","SC04","Area 4, Carriageway","2803","Co_80_35_75","Road networks","En_80_96_91","Tunnel portals","SL_90","General Spaces","5/03/2026 2:36 PM","John Marsden-T2D","1277"
"1FC","RK68V2",,"F0381","Southern Tunnel, Southern Portal (STSP)",,"F0381","Southern Tunnel, Southern Portal (STSP)","F0381","Southern Tunnel, Southern Portal (STSP)",,,,,"381","Co_80_35_75","Road networks","En_80_96_91","Tunnel portals",,,"5/03/2026 2:48 PM","John Marsden-T2D","1278"
"3FC","WY33Z4","FE66C8","SB02","Equipment Buggy Access Space 2, Base Slab","B006","F0280-B006-SB02","Northern Tunnel, Northern  Portal (NTNP);Equipment Buggy Access;Equipment Buggy Access Space 2, Base Slab","F0280","Northern Tunnel, Northern  Portal (NTNP);Equipment Buggy Access;Equipment Buggy Access Space 2, Base Slab","B006","Equipment Buggy Access","SB02","Equipment Buggy Access Space 2, Base Slab","2806","Co_80_35_75","Road networks","En_80_96_91","Tunnel portals","SL_90_90_01","Access floor voids","5/03/2026 2:36 PM","John Marsden-T2D","1279"
"3FC","KM24E4","CW27N2","SC01","Shaft Stairs, Carriageway","B007","F0280-B007-SC01","Northern Tunnel, Northern  Portal (NTNP);Portal Stairway;Shaft Stairs, Carriageway","F0280","Northern Tunnel, Northern  Portal (NTNP);Portal Stairway;Shaft Stairs, Carriageway","B007","Portal Stairway","SC01","Shaft Stairs, Carriageway","2807","Co_80_35_75","Road networks","En_80_96_91","Tunnel portals","SL_90_10_87","Stairways","5/03/2026 2:43 PM","John Marsden-T2D","1280"
"3FC","YV01T0","CW27N2","SB01","Shaft Stairs, Base Slab","B007","F0280-B007-SB01","Northern Tunnel, Northern  Portal (NTNP);Portal Stairway;Shaft Stairs, Base Slab","F0280","Northern Tunnel, Northern  Portal (NTNP);Portal Stairway;Shaft Stairs, Base Slab","B007","Portal Stairway","SB01","Shaft Stairs, Base Slab","2807","Co_80_35_75","Road networks","En_80_96_91","Tunnel portals","SL_90_10_87","Stairways","5/03/2026 2:43 PM","John Marsden-T2D","1281"
"3FC","GA91L6","PC41R8","SC01","Area 1, Carriageway","B003","F0280-B003-SC01","Northern Tunnel, Northern  Portal (NTNP);General Areas;Area 1, Carriageway","F0280","Northern Tunnel, Northern  Portal (NTNP);General Areas;Area 1, Carriageway","B003","General Areas","SC01","Area 1, Carriageway","2803","Co_80_35_75","Road networks","En_80_96_91","Tunnel portals","SL_90","General Spaces","5/03/2026 2:58 PM","John Marsden-T2D","1282"
"3FC","GA91L7","PC41R8","SC02","Area 2, Carriageway","B003","F0280-B003-SC02","Northern Tunnel, Northern  Portal (NTNP);General Areas;Area 2, Carriageway","F0280","Northern Tunnel, Northern  Portal (NTNP);General Areas;Area 2, Carriageway","B003","General Areas","SC02","Area 2, Carriageway","2803","Co_80_35_75","Road networks","En_80_96_91","Tunnel portals","SL_90","General Spaces","5/03/2026 2:58 PM","John Marsden-T2D","1283"
"3FC","GA91L8","PC41R8","SC03","Area 3, Carriageway","B003","F0280-B003-SC03","Northern Tunnel, Northern  Portal (NTNP);General Areas;Area 3, Carriageway","F0280","Northern Tunnel, Northern  Portal (NTNP);General Areas;Area 3, Carriageway","B003","General Areas","SC03","Area 3, Carriageway","2803","Co_80_35_75","Road networks","En_80_96_91","Tunnel portals","SL_90","General Spaces","5/03/2026 2:58 PM","John Marsden-T2D","1284"
"3BAP","RH86M8","TX10U6","SN005","Approach 1","N344","62053-N344-SN005","North South Motorway, SouthBound Off-ramp to Cross Road (Via South Road);Elevated Northbound Off-Ramp South of Anzac Highway (BR19);Approach 1","62053","North South Motorway, SouthBound Off-ramp to Cross Road (Via South Road)","N344","Elevated Northbound Off-Ramp South of Anzac Highway (BR19)","SN005","Approach 1","2-3443","Co_80","Transport complexes","En_80_94_30","Fixed bridges","SL_80_94","Bridge and structure spaces","10/03/2026 1:09 PM","John Marsden-T2D","1285"
"3BAP","BW25H8","TX10U6","SN006","Approach 2","N344","62053-N344-SN006","North South Motorway, SouthBound Off-ramp to Cross Road (Via South Road);Elevated Northbound Off-Ramp South of Anzac Highway (BR19);Approach 2","62053","North South Motorway, SouthBound Off-ramp to Cross Road (Via South Road)","N344","Elevated Northbound Off-Ramp South of Anzac Highway (BR19)","SN006","Approach 2","2-3443","Co_80","Transport complexes","En_80_94_30","Fixed bridges","SL_80_94","Bridge and structure spaces","10/03/2026 1:09 PM","John Marsden-T2D","1286"
"3BAP","UK64H4","DI30D0","SN005","Approach 1","N343","62055-N343-SN005","North South Motorway, NorthBound On-ramp from Cross Road;Elevated Southbound Off-Ramp of Anzac Highway (BR20);Approach 1","62055","North South Motorway, NorthBound On-ramp from Cross Road","N343","Elevated Southbound Off-Ramp of Anzac Highway (BR20)","SN005","Approach 1","2-3433","Co_80","Transport complexes","En_80_94_30","Fixed bridges","SL_80_94","Bridge and structure spaces","10/03/2026 1:10 PM","John Marsden-T2D","1287"
"3BAP","PG40Z4","DI30D0","SN006","Approach 2","N343
","62055-N343-SN006","North South Motorway, NorthBound On-ramp from Cross Road;Elevated Southbound Off-Ramp of Anzac Highway (BR20);Approach 2","62055","North South Motorway, NorthBound On-ramp from Cross Road","N343","Elevated Southbound Off-Ramp of Anzac Highway (BR20)","SN006","Approach 2","2-3433","Co_80","Transport complexes","En_80_94_30","Fixed bridges","SL_80_94","Bridge and structure spaces","10/03/2026 1:11 PM","John Marsden-T2D","1289"
"3FC","JC28G7","LM66R6","S907","Storage Room, Ground Floor Level","B009","F0391-B009-S907","STMP Substation & Tunnel Vertical Shaft;Within MOC Facility Boundary, STMP Substation & Tunnel Vertical Shaft;Storage Room, Ground Floor Level","F0391","STMP Substation & Tunnel Vertical Shaft;Within MOC Facility Boundary, STMP Substation & Tunnel Vertical Shaft;Storage Room, Ground Floor Level","B009","Within MOC Facility Boundary, STMP Substation & Tunnel Vertical Shaft","S907","Storage Room, Ground Floor Level","3918,3919","Co_80_35_75","Road networks","En_90_10_77","External service areas","SL_90_50","Storage spaces","2/07/2026 2:17 PM","Bird, Cheyne","1291"
"3FC","BX99K6","LM66R6","S908","External South Road, Ground Floor Level","B009","F0391-B009-S908","STMP Substation & Tunnel Vertical Shaft;Within MOC Facility Boundary, STMP Substation & Tunnel Vertical Shaft;External South Road, Ground Floor Level","F0391","STMP Substation & Tunnel Vertical Shaft;Within MOC Facility Boundary, STMP Substation & Tunnel Vertical Shaft;External South Road, Ground Floor Level","B009","Within MOC Facility Boundary, STMP Substation & Tunnel Vertical Shaft","S908","External South Road, Ground Floor Level","3918,3919","Co_80_35_75","Road networks","En_90_10_77","External service areas","SL_32_35","Ground spaces","2/07/2026 2:17 PM","Bird, Cheyne","1292"
"3FC","OW30N4","LM66R6","S909","External Edward Street, Ground Floor Level","B009","F0391-B009-S909","STMP Substation & Tunnel Vertical Shaft;Within MOC Facility Boundary, STMP Substation & Tunnel Vertical Shaft;External Edward Street, Ground Floor Level","F0391","STMP Substation & Tunnel Vertical Shaft;Within MOC Facility Boundary, STMP Substation & Tunnel Vertical Shaft;External Edward Street, Ground Floor Level","B009","Within MOC Facility Boundary, STMP Substation & Tunnel Vertical Shaft","S909","External Edward Street, Ground Floor Level","3918,3919","Co_80_35_75","Road networks","En_90_10_77","External service areas","SL_32_35","Ground spaces","2/07/2026 2:17 PM","Bird, Cheyne","1293"
"3FC","MS68W0","KU60G7","S301","Roof, Roof Level, Mobile Carrier Building (3.92.2.301)","B002","F0392-B002-S301","STSP Maintenance and Operations Compound (MOC);Mobile Carrier Building;Roof, Roof Level, Mobile Carrier Building (3.92.2.301)","F0392","STSP Maintenance and Operations Compound (MOC);Mobile Carrier Building;Roof, Roof Level, Mobile Carrier Building (3.92.2.301)","B002","Mobile Carrier Building","S301","Roof, Roof Level, Mobile Carrier Building (3.92.2.301)","3922","Co_80_35_75","Road networks","En_75_10_90","Telecommunications buildings","SL_90_60_72","Roof surface spaces","16/04/2026 11:43 AM","John Marsden-T2D","1294"
"3FC","CM13W9","HH70C0","S302","Roof, Roof Level, Substation Building (A) (3.92.0.302)","B000","F0392-B000-S302","STSP Maintenance and Operations Compound (MOC);Substation Building SS05 (A);Roof, Roof Level, Substation Building (A) (3.92.0.302)","F0392","STSP Maintenance and Operations Compound (MOC);Substation Building SS05 (A);Roof, Roof Level, Substation Building (A) (3.92.0.302)","B000","Substation Building SS05 (A)","S302","Roof, Roof Level, Substation Building (A) (3.92.0.302)","3920","Co_80_35_75","Road networks","En_70_30","Electrical power distribution entities","SL_90_60_72","Roof surface spaces","16/04/2026 11:43 AM","John Marsden-T2D","1295"
"2FC","GS01H1","RK68V2","B000","Electrical Equipment Room","F0381","F0381-B000","Southern Tunnel, Southern Portal (STSP);Electrical Equipment Room","F0381","Southern Tunnel, Southern Portal (STSP);Electrical Equipment Room","B000","Electrical Equipment Room",,,"3810","Co_80_35_75","Road networks","En_80_96_91","Tunnel portals",,,"15/04/2026 1:41 PM","John Marsden-T2D","1296"
"2FC","RL30D3","RK68V2","B001","Hydrocarbon Sump","F0381","F0381-B001","Southern Tunnel, Southern Portal (STSP);Hydrocarbon Sump","F0381","Southern Tunnel, Southern Portal (STSP);Hydrocarbon Sump","B001","Hydrocarbon Sump",,,"3811","Co_80_35_75","Road networks","En_80_96_91","Tunnel portals",,,"15/04/2026 1:41 PM","John Marsden-T2D","1297"
"2FC","FD86F8","RK68V2","B002","Fire Suppression Room","F0381","F0381-B002","Southern Tunnel, Southern Portal (STSP);Electrical Equipment Room","F0381","Southern Tunnel, Southern Portal (STSP);Electrical Equipment Room","B002","Electrical Equipment Room",,,"3812","Co_80_35_75","Road networks","En_80_96_91","Tunnel portals",,,"15/04/2026 3:58 PM","John Marsden-T2D","1298"
"2FC","WX60W7","RK68V2","B003","General Areas","F0381","F0381-B003","Southern Tunnel, Southern Portal (STSP);General Areas","F0381","Southern Tunnel, Southern Portal (STSP);General Areas","B003","General Areas",,,"3813","Co_80_35_75","Road networks","En_80_96_91","Tunnel portals",,,"15/04/2026 1:41 PM","John Marsden-T2D","1299"
"2FC","NE24F1","RK68V2","B004","Risers","F0381","F0381-B004","Southern Tunnel, Southern Portal (STSP);Risers","F0381","Southern Tunnel, Southern Portal (STSP);Risers","B004","Risers",,,"3814","Co_80_35_75","Road networks","En_80_96_91","Tunnel portals",,,"15/04/2026 1:41 PM","John Marsden-T2D","1300"
"2FC","XQ73W5","RK68V2","B006","Equipment Buggy Access","F0381","F0381-B006","Southern Tunnel, Southern Portal (STSP);Equipment Buggy Access","F0381","Southern Tunnel, Southern Portal (STSP);Equipment Buggy Access","B006","Equipment Buggy Access",,,"3816","Co_80_35_75","Road networks","En_80_96_91","Tunnel portals",,,"15/04/2026 1:41 PM","John Marsden-T2D","1301"
"2FC","CL37X1","RK68V2","B007","Portal Stairway","F0381","F0381-B007","Southern Tunnel, Southern Portal (STSP);Portal Stairway","F0381","Southern Tunnel, Southern Portal (STSP);Portal Stairway","B007","Portal Stairway",,,"3817","Co_80_35_75","Road networks","En_80_96_91","Tunnel portals","SL_90_10_87","Stairways","9/07/2026 10:35 AM","Muhammad Abid-T2D","1302"
"2FC","IR00B8","RK68V2","B008","Ventilation Building","F0381","F0381-B008","Southern Tunnel, Southern Portal (STSP);Ventilation Building","F0381","Southern Tunnel, Southern Portal (STSP);Ventilation Building","B008","Ventilation Building",,,"3818","Co_80_35_75","Road networks","En_80_96_91","Tunnel portals",,,"15/04/2026 1:41 PM","John Marsden-T2D","1303"
"3FC","QF86J2","WX60W7","SB02","Area 2, Base Slab Level","B003","F0381-B003-SB02","Southern Tunnel, Southern Portal (STSP);General Areas;Area 2, Base Slab Level","F0381","Southern Tunnel, Southern Portal (STSP);General Areas;Area 2, Base Slab Level","B003","General Areas","SB02","Area 2, Base Slab Level","3813","Co_80_35_75","Road networks","En_80_96_91","Tunnel portals","SL_90","General Spaces","15/04/2026 1:47 PM","John Marsden-T2D","1309"
"3FC","JY60L0","WX60W7","SC01","Area 1, Carriageway Level","B003","F0381-B003-SC01","Southern Tunnel, Southern Portal (STSP);General Areas;Area 1, Carriageway Level","F0381","Southern Tunnel, Southern Portal (STSP);General Areas;Area 1, Carriageway Level","B003","General Areas","SC01","Area 1, Carriageway Level","3813","Co_80_35_75","Road networks","En_80_96_91","Tunnel portals","SL_90","General Spaces","15/04/2026 1:47 PM","John Marsden-T2D","1310"
"3FC","KP25Q8","WX60W7","SC02","Area 2, Carriageway Level","B003","F0381-B003-SC02","Southern Tunnel, Southern Portal (STSP);General Areas;Area 2, Carriageway Level","F0381","Southern Tunnel, Southern Portal (STSP);General Areas;Area 2, Carriageway Level","B003","General Areas","SC02","Area 2, Carriageway Level","3813","Co_80_35_75","Road networks","En_80_96_91","Tunnel portals","SL_90","General Spaces","15/04/2026 1:47 PM","John Marsden-T2D","1311"
"3FC","JV52X8","WX60W7","SC03","Area 3, Carriageway Level","B003","F0381-B003-SC03","Southern Tunnel, Southern Portal (STSP);General Areas;Area 3, Carriageway Level","F0381","Southern Tunnel, Southern Portal (STSP);General Areas;Area 3, Carriageway Level","B003","General Areas","SC03","Area 3, Carriageway Level","3813","Co_80_35_75","Road networks","En_80_96_91","Tunnel portals","SL_90","General Spaces","15/04/2026 1:47 PM","John Marsden-T2D","1312"
"3FC","XY67S2","WX60W7","SC04","Area 4, Carriageway Level","B003","F0381-B003-SC04","Southern Tunnel, Southern Portal (STSP);General Areas;Area 4, Carriageway Level","F0381","Southern Tunnel, Southern Portal (STSP);General Areas;Area 4, Carriageway Level","B003","General Areas","SC04","Area 4, Carriageway Level","3813","Co_80_35_75","Road networks","En_80_96_91","Tunnel portals","SL_90","General Spaces","15/04/2026 1:47 PM","John Marsden-T2D","1313"
"3FC","IB50Q2","WX60W7","SC05","Area 5, Carriageway Level","B003","F0381-B003-SC05","Southern Tunnel, Southern Portal (STSP);General Areas;Area 5, Carriageway Level","F0381","Southern Tunnel, Southern Portal (STSP);General Areas;Area 5, Carriageway Level","B003","General Areas","SC05","Area 5, Carriageway Level","3813","Co_80_35_75","Road networks","En_80_96_91","Tunnel portals","SL_90","General Spaces","15/04/2026 1:47 PM","John Marsden-T2D","1314"
"3FC","XN05U6","WX60W7","SC06","Area 6, Carriageway Level","B003","F0381-B003-SC06","Southern Tunnel, Southern Portal (STSP);General Areas;Area 6, Carriageway Level","F0381","Southern Tunnel, Southern Portal (STSP);General Areas;Area 6, Carriageway Level","B003","General Areas","SC06","Area 6, Carriageway Level","3813","Co_80_35_75","Road networks","En_80_96_91","Tunnel portals","SL_90","General Spaces","15/04/2026 1:47 PM","John Marsden-T2D","1315"
"3FC","GA76K0","XQ73W5","SB01","Equipment Buggy Access Space 1, Base Slab Level","B006","F0381-B006-SB01","Southern Tunnel, Southern Portal (STSP);Equipment Buggy Access;Equipment Buggy Access Space 1, Base Slab Level","F0381","Southern Tunnel, Southern Portal (STSP);Equipment Buggy Access;Equipment Buggy Access Space 1, Base Slab Level","B006","Equipment Buggy Access","SB01","Equipment Buggy Access Space 1, Base Slab Level","3816","Co_80_35_75","Road networks","En_80_96_91","Tunnel portals","SL_90_90_01","Access floor voids","15/04/2026 1:51 PM","John Marsden-T2D","1316"
"3FC","WN02Y9","XQ73W5","SB02","Equipment Buggy Access Space 2, Base Slab Level","B006","F0381-B006-SB02","Southern Tunnel, Southern Portal (STSP);Equipment Buggy Access;Equipment Buggy Access Space 2, Base Slab Level","F0381","Southern Tunnel, Southern Portal (STSP);Equipment Buggy Access;Equipment Buggy Access Space 2, Base Slab Level","B006","Equipment Buggy Access","SB02","Equipment Buggy Access Space 2, Base Slab Level","3816","Co_80_35_75","Road networks","En_80_96_91","Tunnel portals","SL_90_90_01","Access floor voids","15/04/2026 1:51 PM","John Marsden-T2D","1317"
"3FC","BH85E1","CL37X1","S202","Shaft Stairs, Level 1 - (3.92.8.201)","B007","F0381-B007-S202","Southern Tunnel, Southern Portal (STSP);Portal Stairway;Shaft Stairs, Level 1 - (3.92.8.201)","F0381","Southern Tunnel, Southern Portal (STSP);Portal Stairway;Shaft Stairs, Level 1 - (3.92.8.201)","B007","Portal Stairway","S202","Shaft Stairs, Level 1 - (3.92.8.201)","3817","Co_80_35_75","Road networks","En_80_96_91","Tunnel portals","SL_90_10_87","Stairways","3/07/2026 10:06 AM","John Marsden-T2D","1318"
"3FC","BH8668","SY65B6","S120","Gas Bottle Enclosure, Ground Floor Level (3.92.8.120)","B008","F0392-B008-S120","STSP Maintenance and Operational Centre (MOC);Ventilation Facility;Gas Bottle Enclosure, Ground Floor Level (3.92.8.120)","F0392","STSP Maintenance and Operational Centre (MOC);Ventilation Facility;Gas Bottle Enclosure, Ground Floor Level (3.92.8.120)","B008","Ventilation Facility","S120","Gas Bottle Enclosure, Ground Floor Level (3.92.8.120)","3928","Co_80_35_75","Road networks","En_65_40_80","Shaft and tunnel ventilation plant building","SL_55_20_34","Gas storage spaces","15/04/2026 2:01 PM","John Marsden-T2D","1321"
"3BAP","AY46P0","RM10N6","SN001","Approach 1","N296","06203-N296-SN001","North South Motorway;Taylors Bridge (over River Torrens, Karrawirra Parri) on North South Motorway (BR02);Approach 1","06203","North South Motorway;Taylors Bridge (over River Torrens, Karrawirra Parri) on North South Motorway (BR02);Approach 1","N296","Taylors Bridge (over River Torrens, Karrawirra Parri) on North South Motorway (BR02)","SN001","Approach 1","2962","Co_80_35_75","Road networks","En_80_94_30","Fixed bridges","SL_80_94","Bridge and structure spaces","27/04/2026 10:48 AM","John Marsden-T2D","1322"
"3BAP","SO45E5","RM10N6","SN002","Approach 2","N296","06203-N296-SN002","North South Motorway;Taylors Bridge (over River Torrens, Karrawirra Parri) on North South Motorway (BR02);Approach 2","06203","North South Motorway;Taylors Bridge (over River Torrens, Karrawirra Parri) on North South Motorway (BR02);Approach 2","N296","Taylors Bridge (over River Torrens, Karrawirra Parri) on North South Motorway (BR02)","SN002","Approach 2","2962","Co_80_35_75","Road networks","En_80_94_30","Fixed bridges","SL_80_94","Bridge and structure spaces","27/04/2026 10:48 AM","John Marsden-T2D","1323"
"3BDE","OM04U5","RM10N6","SN003","Deck","N296","06203-N296-SN003","North South Motorway;Taylors Bridge (over River Torrens, Karrawirra Parri) on North South Motorway (BR02);Deck","06203","North South Motorway;Taylors Bridge (over River Torrens, Karrawirra Parri) on North South Motorway (BR02);Deck","N296","Taylors Bridge (over River Torrens, Karrawirra Parri) on North South Motorway (BR02)","SN003","Deck","2962","Co_80_35_75","Road networks","En_80_94_30","Fixed bridges","SL_80_94","Bridge and structure spaces","27/04/2026 10:48 AM","John Marsden-T2D","1324"
"3BAB","MP06Z9","RM10N6","SN004","Abutment 1","N296","06203-N296-SN004","North South Motorway;Taylors Bridge (over River Torrens, Karrawirra Parri) on North South Motorway (BR02);Abutment 1","06203","North South Motorway;Taylors Bridge (over River Torrens, Karrawirra Parri) on North South Motorway (BR02);Abutment 1","N296","Taylors Bridge (over River Torrens, Karrawirra Parri) on North South Motorway (BR02)","SN004","Abutment 1","2962","Co_80_35_75","Road networks","En_80_94_30","Fixed bridges","SL_80_94","Bridge and structure spaces","27/04/2026 10:48 AM","John Marsden-T2D","1325"
"3BAB","CD01D3","RM10N6","SN005","Abutment 2","N296","06203-N296-SN005","North South Motorway;Taylors Bridge (over River Torrens, Karrawirra Parri) on North South Motorway (BR02);Abutment 2","06203","North South Motorway;Taylors Bridge (over River Torrens, Karrawirra Parri) on North South Motorway (BR02);Abutment 2","N296","Taylors Bridge (over River Torrens, Karrawirra Parri) on North South Motorway (BR02)","SN005","Abutment 2","2962","Co_80_35_75","Road networks","En_80_94_30","Fixed bridges","SL_80_94","Bridge and structure spaces","27/04/2026 10:49 AM","John Marsden-T2D","1326"
"3BSP","OS88D2","RM10N6","SN006","Span 1","N296","06203-N296-SN006","North South Motorway;Taylors Bridge (over River Torrens, Karrawirra Parri) on North South Motorway (BR02);Span 1","06203","North South Motorway;Taylors Bridge (over River Torrens, Karrawirra Parri) on North South Motorway (BR02);Span 1","N296","Taylors Bridge (over River Torrens, Karrawirra Parri) on North South Motorway (BR02)","SN006","Span 1","2962","Co_80_35_75","Road networks","En_80_94_30","Fixed bridges","SL_80_94","Bridge and structure spaces","27/04/2026 10:49 AM","John Marsden-T2D","1327"
"3BPI","ZA25F1","RM10N6","SN010","Pier 1","N296","06203-N296-SN010","North South Motorway;Taylors Bridge (over River Torrens, Karrawirra Parri) on North South Motorway (BR02);Pier 1","06203","North South Motorway;Taylors Bridge (over River Torrens, Karrawirra Parri) on North South Motorway (BR02);Pier 1","N296","Taylors Bridge (over River Torrens, Karrawirra Parri) on North South Motorway (BR02)","SN010","Pier 1","2962","Co_80_35_75","Road networks","En_80_94_30","Fixed bridges","SL_80_94","Bridge and structure spaces","27/04/2026 10:49 AM","John Marsden-T2D","1328"
"3BPI","UE01N8","RM10N6","SN011","Pier 2","N296","06203-N296-SN011","North South Motorway;Taylors Bridge (over River Torrens, Karrawirra Parri) on North South Motorway (BR02);Pier 2","06203","North South Motorway;Taylors Bridge (over River Torrens, Karrawirra Parri) on North South Motorway (BR02);Pier 2","N296","Taylors Bridge (over River Torrens, Karrawirra Parri) on North South Motorway (BR02)","SN011","Pier 2","2962","Co_80_35_75","Road networks","En_80_94_30","Fixed bridges","SL_80_94","Bridge and structure spaces","27/04/2026 10:49 AM","John Marsden-T2D","1329"
"3FC","CD24D1","GR23I4","S104","Air-Lock, Ground Floor Level (3.90.0.104)","B000","F0390-B000-S104","STNP Maintenance and Operations Compound (MOC);Substation Building SS03  (A);Air-Lock, Ground Floor Level (3.90.0.104)","F0390","STNP Maintenance and Operations Compound (MOC);Substation Building SS03  (A);Air-Lock, Ground Floor Level (3.90.0.104)","B000","Substation Building SS03  (A)","S104","Air-Lock, Ground Floor Level (3.90.0.104)","3900","Co_80_35_75","Road networks","En_70_30","Electrical power distribution entities","SL_90_10_02","Airlocks","30/04/2026 11:00 AM","John Marsden-T2D","1330"
"3FC","CD24D2","GR23I4","S105","Air-Lock, Ground Floor Level (3.90.0.105)","B000","F0390-B000-S105","STNP Maintenance and Operations Compound (MOC);Substation Building SS03  (A);Air-Lock, Ground Floor Level (3.90.0.105)","F0390","STNP Maintenance and Operations Compound (MOC);Substation Building SS03  (A);Air-Lock, Ground Floor Level (3.90.0.105)","B000","Substation Building SS03  (A)","S105","Air-Lock, Ground Floor Level (3.90.0.105)","3900","Co_80_35_75","Road networks","En_70_30","Electrical power distribution entities","SL_90_10_02","Airlocks","30/04/2026 11:02 AM","John Marsden-T2D","1333"
"3FC","IL11S10","SE82N8","S102","Air-Lock, Ground Floor Level (3.90.3.102)","B003","F0390-B003-S102","STNP Maintenance and Operations Compound (MOC);Computer Equipment Room;Air-Lock, Ground Floor Level (3.90.3.102)","F0390","STNP Maintenance and Operations Compound (MOC);Computer Equipment Room;Air-Lock, Ground Floor Level (3.90.3.102)","B003","Computer Equipment Room","S102","Air-Lock, Ground Floor Level (3.90.3.102)","3903","Co_80_35_75","Road networks","En_90_90","Plant and control entities","SL_90_10_02","Airlocks","30/04/2026 11:05 AM","John Marsden-T2D","1334"
"3FC","IL11S11","SE82N8","S103","Unisex Toilet, Ground Floor Level (3.90.3.103)","B003","F0390-B003-S103","STNP Maintenance and Operations Compound (MOC);Computer Equipment Room;Unisex Toilet, Ground Floor Level (3.90.3.103)","F0390","STNP Maintenance and Operations Compound (MOC);Computer Equipment Room;Unisex Toilet, Ground Floor Level (3.90.3.103)","B003","Computer Equipment Room","S103","Unisex Toilet, Ground Floor Level (3.90.3.103)","3903","Co_80_35_75","Road networks","En_90_90","Plant and control entities","SL_35_80_89","Toilets","30/04/2026 11:05 AM","John Marsden-T2D","1335"
"3FC","IL11S12","SE82N8","S104","Cleaners, Ground Floor Level (3.90.3.104)","B003","F0390-B003-S104","STNP Maintenance and Operations Compound (MOC);Computer Equipment Room;Cleaners, Ground Floor Level (3.90.3.104)","F0390","STNP Maintenance and Operations Compound (MOC);Computer Equipment Room;Cleaners, Ground Floor Level (3.90.3.104)","B003","Computer Equipment Room","S104","Cleaners, Ground Floor Level (3.90.3.104)","3903","Co_80_35_75","Road networks","En_90_90","Plant and control entities","SL_90_50_16","Cleaners' stores","30/04/2026 11:05 AM","John Marsden-T2D","1336"
"3FC","IL11S13","SE82N8","S105","Gas Bottle Enclosure, Ground Floor Level (3.90.3.105)","B003","F0390-B003-S105","STNP Maintenance and Operations Compound (MOC);Computer Equipment Room;Gas Bottle Enclosure, Ground Floor Level (3.90.3.105)","F0390","STNP Maintenance and Operations Compound (MOC);Computer Equipment Room;Gas Bottle Enclosure, Ground Floor Level (3.90.3.105)","B003","Computer Equipment Room","S105","Gas Bottle Enclosure, Ground Floor Level (3.90.3.105)","3903","Co_80_35_75","Road networks","En_90_90","Plant and control entities","SL_55_20_34","Gas storage spaces","30/04/2026 11:05 AM","John Marsden-T2D","1337"
"3FC","FM07X5","SE82N8","S302","Roof, Lower Roof Level, Computer Equipment Room (3.90.3.302)","B003","F0390-B003-S302","STNP Maintenance and Operations Compound (MOC);Computer Equipment Room;Roof, Lower Roof Level, Computer Equipment Room (3.90.3.302)","F0390","STNP Maintenance and Operations Compound (MOC);Computer Equipment Room;Roof, Lower Roof Level, Computer Equipment Room (3.90.3.302)","B003","Computer Equipment Room","S302","Roof, Lower Roof Level, Computer Equipment Room (3.90.3.302)","3903","Co_80_35_75","Road networks","En_90_90","Plant and control entities","SL_90_60_72","Roof surface spaces","30/04/2026 11:06 AM","John Marsden-T2D","1338"
"3FC","NV7412","RT10Z2","S301","Roof, Roof Level, Substation Building (B) (3.90.5.301)","B005","F0390-B005-S301","STNP Maintenance and Operations Compound (MOC);Substation Building SS03  (B);Roof, Roof Level, Substation Building (B) (3.90.5.301)","F0390","STNP Maintenance and Operations Compound (MOC);Substation Building SS03  (B);Roof, Roof Level, Substation Building (B) (3.90.5.301)","B005","Substation Building SS03  (B)","S301","Roof, Roof Level, Substation Building (B) (3.90.5.301)","3905","Co_80_35_75","Road networks","En_70_30","Electrical power distribution entities","SL_90_60_72","Roof surface spaces","30/04/2026 11:09 AM","John Marsden-T2D","1340"
"3FC","NV74AS","RT10Z2","S302","Roof, Roof Level, Substation Building (B) (3.90.5.302)","B005","F0390-B005-S302","STNP Maintenance and Operations Compound (MOC);Substation Building SS03  (B);Roof, Roof Level, Substation Building (B) (3.90.5.302)","F0390","STNP Maintenance and Operations Compound (MOC);Substation Building SS03  (B);Roof, Roof Level, Substation Building (B) (3.90.5.302)","B005","Substation Building SS03  (B)","S302","Roof, Roof Level, Substation Building (B) (3.90.5.302)","3905","Co_80_35_75","Road networks","En_70_30","Electrical power distribution entities","SL_90_60_72","Roof surface spaces","30/04/2026 11:09 AM","John Marsden-T2D","1341"
"3FC","QE31D9","DZ04O8","S907","External - Substation Loading Area (3.90.9.907)","B009","F0390-B009-S907","STNP Maintenance and Operations Compound (MOC);Within MOC Facility Boundary;External - Substation Loading Area (3.90.9.907)","F0390","STNP Maintenance and Operations Compound (MOC);Within MOC Facility Boundary;External - Substation Loading Area (3.90.9.907)","B009","Within MOC Facility Boundary","S907","External - Substation Loading Area (3.90.9.907)","3909","Co_80_35_75","Road networks","En_90_10_77","External service areas","SL_32_35","Ground spaces","30/04/2026 11:10 AM","John Marsden-T2D","1342"
"3FC","QE31D10","DZ04O8","S908","External - Substation  Building B (3.90.9.908)","B009","F0390-B009-S908","STNP Maintenance and Operations Compound (MOC);Within MOC Facility Boundary;External - Substation  Building B (3.90.9.908)","F0390","STNP Maintenance and Operations Compound (MOC);Within MOC Facility Boundary;External - Substation  Building B (3.90.9.908)","B009","Within MOC Facility Boundary","S908","External - Substation  Building B (3.90.9.908)","3909","Co_80_35_75","Road networks","En_90_10_77","External service areas","SL_32_35","Ground spaces","30/04/2026 11:10 AM","John Marsden-T2D","1343"
"3FC","QN94Y7","DO53T7","S305","Roof, Lower Roof Level, Ventilation Facility (3.90.8.305)","B008","F0390-B008-S305","STNP Maintenance and Operations Compound (MOC);Ventilation Facility;Roof, Lower Roof Level, Ventilation Facility (3.90.8.305)","F0390","STNP Maintenance and Operations Compound (MOC);Ventilation Facility;Roof, Lower Roof Level, Ventilation Facility (3.90.8.305)","B008","Ventilation Facility","S305","Roof, Lower Roof Level, Ventilation Facility (3.90.8.305)","3908","Co_80_35_75","Road networks","En_65_40_80","Shaft and tunnel ventilation plant building","SL_90_60_72","Roof surface spaces","30/04/2026 11:13 AM","John Marsden-T2D","1344"
"3FC","TZ70V9","DO53T7","S100","External - Loading Area (3.90.8.100)","B008","F0390-B008-S100","STNP Maintenance and Operations Compound (MOC);Ventilation Facility;External - Loading Area (3.90.8.100)","F0390","STNP Maintenance and Operations Compound (MOC);Ventilation Facility;External - Loading Area (3.90.8.100)","B008","Ventilation Facility","S100","External - Loading Area (3.90.8.100)","3908","Co_80_35_75","Road networks","En_65_40_80","Shaft and tunnel ventilation plant building","SL_32_35","Ground spaces","30/04/2026 6:00 PM","John Marsden-T2D","1345"
"2FC","TR67Y5","GN81D0","B000","Electrical Equipment Room","F0380","F0380-B000","Southern Tunnel, Northern Portal (STNP);Electrical Equipment Room","F0380","Southern Tunnel, Northern Portal (STNP);Electrical Equipment Room","B000","Electrical Equipment Room",,,"3800","Co_80_35_75","Road networks","En_80_96_91","Tunnel portals",,,"30/04/2026 11:15 AM","John Marsden-T2D","1346"
"2FC","WQ26Q6","GN81D0","B001","Hydrocarbon Sump","F0380","F0380-B001","Southern Tunnel, Northern Portal (STNP);Hydrocarbon Sump","F0380","Southern Tunnel, Northern Portal (STNP);Hydrocarbon Sump","B001","Hydrocarbon Sump",,,"3801","Co_80_35_75","Road networks","En_80_96_91","Tunnel portals",,,"30/04/2026 11:15 AM","John Marsden-T2D","1347"
"2FC","GV66M1","GN81D0","B002","Electrical Equipment Room","F0380","F0380-B002","Southern Tunnel, Northern Portal (STNP);Electrical Equipment Room","F0380","Southern Tunnel, Northern Portal (STNP);Electrical Equipment Room","B002","Electrical Equipment Room",,,"3802","Co_80_35_75","Road networks","En_80_96_91","Tunnel portals",,,"30/04/2026 11:15 AM","John Marsden-T2D","1348"
"2FC","XQ83C4","GN81D0","B003","General Areas","F0380","F0380-B003","Southern Tunnel, Northern Portal (STNP);General Areas","F0380","Southern Tunnel, Northern Portal (STNP);General Areas","B003","General Areas",,,"3803","Co_80_35_75","Road networks","En_80_96_91","Tunnel portals",,,"30/04/2026 11:15 AM","John Marsden-T2D","1349"
"2FC","BG24B5","GN81D0","B004","Risers","F0380","F0380-B004","Southern Tunnel, Northern Portal (STNP);Risers","F0380","Southern Tunnel, Northern Portal (STNP);Risers","B004","Risers",,,"3804","Co_80_35_75","Road networks","En_80_96_91","Tunnel portals",,,"30/04/2026 11:15 AM","John Marsden-T2D","1350"
"2FC","ZR49C1","GN81D0","B006","Equipment Buggy Access","F0380","F0380-B006","Southern Tunnel, Northern Portal (STNP);Equipment Buggy Access","F0380","Southern Tunnel, Northern Portal (STNP);Equipment Buggy Access","B006","Equipment Buggy Access",,,"3806","Co_80_35_75","Road networks","En_80_96_91","Tunnel portals",,,"30/04/2026 11:15 AM","John Marsden-T2D","1351"
"2FC","CB84K7","GN81D0","B007","Portal Stairway","F0380","F0380-B007","Southern Tunnel, Northern Portal (STNP);Portal Stairway","F0380","Southern Tunnel, Northern Portal (STNP);Portal Stairway","B007","Portal Stairway",,,"3807","Co_80_35_75","Road networks","En_80_96_91","Tunnel portals",,,"30/04/2026 11:15 AM","John Marsden-T2D","1352"
"2FC","NH88U6","GN81D0","B008","Ventilation Building","F0380","F0380-B008","Southern Tunnel, Northern Portal (STNP);Ventilation Building","F0380","Southern Tunnel, Northern Portal (STNP);Ventilation Building","B008","Ventilation Building",,,"3808","Co_80_35_75","Road networks","En_80_96_91","Tunnel portals",,,"30/04/2026 11:15 AM","John Marsden-T2D","1353"
"3FC","QB92I6","TR67Y5","SC01","Electrical Equipment Room","B000","F0380-B000-SC01","Southern Tunnel, Northern Portal (STNP);Electrical Equipment Room;Electrical Equipment Room","F0380","Southern Tunnel, Northern Portal (STNP);Electrical Equipment Room;Electrical Equipment Room","B000","Electrical Equipment Room","SC01","Electrical Equipment Room","3800,3805","Co_80_35_75","Road networks","En_80_96_91","Tunnel portals","SL_70_30","Electricity distribution spaces","20/05/2026 10:25 AM","John Marsden-T2D","1354"
"3FC","RH00S3","WQ26Q6","SB01","Sump Space","B001","F0380-B001-SB01","Southern Tunnel, Northern Portal (STNP);Hydrocarbon Sump;Sump Space","F0380","Southern Tunnel, Northern Portal (STNP);Hydrocarbon Sump;Sump Space","B001","Hydrocarbon Sump","SB01","Sump Space","3801","Co_80_35_75","Road networks","En_80_96_91","Tunnel portals","SL_50_30","Drainage collection spaces","30/04/2026 11:16 AM","John Marsden-T2D","1355"
"3FC","PX48F9","GV66M1","SC01","Fire Suppression Room","B002","F0380-B002-SC01","Southern Tunnel, Northern Portal (STNP);Electrical Equipment Room;Fire Suppression Room","F0380","Southern Tunnel, Northern Portal (STNP);Electrical Equipment Room;Fire Suppression Room","B002","Electrical Equipment Room","SC01","Fire Suppression Room","3802","Co_80_35_75","Road networks","En_80_96_91","Tunnel portals","SL_20_95_32","Fire suppression zones","30/04/2026 11:16 AM","John Marsden-T2D","1356"
"3FC","HS52T8","XQ83C4","SB01","Area 1, Base Slab","B003","F0380-B003-SB01","Southern Tunnel, Northern Portal (STNP);General Areas;Area 1, Base Slab","F0380","Southern Tunnel, Northern Portal (STNP);General Areas;Area 1, Base Slab","B003","General Areas","SB01","Area 1, Base Slab","3803","Co_80_35_75","Road networks","En_80_96_91","Tunnel portals","SL_90","General Spaces","30/04/2026 11:17 AM","John Marsden-T2D","1357"
"3FC","SS64V9","XQ83C4","SB02","Area 2, Base Slab","B003","F0380-B003-SB02","Southern Tunnel, Northern Portal (STNP);General Areas;Area 2, Base Slab","F0380","Southern Tunnel, Northern Portal (STNP);General Areas;Area 2, Base Slab","B003","General Areas","SB02","Area 2, Base Slab","3803","Co_80_35_75","Road networks","En_80_96_91","Tunnel portals","SL_90","General Spaces","30/04/2026 11:17 AM","John Marsden-T2D","1358"
"3FC","ZI18C6","XQ83C4","SC01","Area 1, Carriageway","B003","F0380-B003-SC01","Southern Tunnel, Northern Portal (STNP);General Areas;Area 1, Carriageway","F0380","Southern Tunnel, Northern Portal (STNP);General Areas;Area 1, Carriageway","B003","General Areas","SC01","Area 1, Carriageway","3803","Co_80_35_75","Road networks","En_80_96_91","Tunnel portals","SL_90","General Spaces","30/04/2026 11:17 AM","John Marsden-T2D","1359"
"3FC","ZI18C7","XQ83C4","SC02","Area 2, Carriageway","B003","F0380-B003-SC02","Southern Tunnel, Northern Portal (STNP);General Areas;Area 2, Carriageway","F0380","Southern Tunnel, Northern Portal (STNP);General Areas;Area 2, Carriageway","B003","General Areas","SC02","Area 2, Carriageway","3803","Co_80_35_75","Road networks","En_80_96_91","Tunnel portals","SL_90","General Spaces","30/04/2026 11:17 AM","John Marsden-T2D","1360"
"3FC","ZI18C8","XQ83C4","SC03","Area 3, Carriageway","B003","F0380-B003-SC03","Southern Tunnel, Northern Portal (STNP);General Areas;Area 3, Carriageway","F0380","Southern Tunnel, Northern Portal (STNP);General Areas;Area 3, Carriageway","B003","General Areas","SC03","Area 3, Carriageway","3803","Co_80_35_75","Road networks","En_80_96_91","Tunnel portals","SL_90","General Spaces","30/04/2026 11:17 AM","John Marsden-T2D","1361"
"3FC","CE39K0","XQ83C4","SC04","Area 4, Carriageway","B003","F0380-B003-SC04","Southern Tunnel, Northern Portal (STNP);General Areas;Area 4, Carriageway","F0380","Southern Tunnel, Northern Portal (STNP);General Areas;Area 4, Carriageway","B003","General Areas","SC04","Area 4, Carriageway","3803","Co_80_35_75","Road networks","En_80_96_91","Tunnel portals","SL_90","General Spaces","30/04/2026 11:17 AM","John Marsden-T2D","1362"
"3FC","AV81W3","XQ83C4","SC05","Area 5, Carriageway","B003","F0380-B003-SC05","Southern Tunnel, Northern Portal (STNP);General Areas;Area 5, Carriageway","F0380","Southern Tunnel, Northern Portal (STNP);General Areas;Area 5, Carriageway","B003","General Areas","SC05","Area 5, Carriageway","3803","Co_80_35_75","Road networks","En_80_96_91","Tunnel portals","SL_90","General Spaces","30/04/2026 11:17 AM","John Marsden-T2D","1363"
"3FC","ZW68J6","XQ83C4","SC06","Area 6, Carriageway","B003","F0380-B003-SC06","Southern Tunnel, Northern Portal (STNP);General Areas;Area 6, Carriageway","F0380","Southern Tunnel, Northern Portal (STNP);General Areas;Area 6, Carriageway","B003","General Areas","SC06","Area 6, Carriageway","3803","Co_80_35_75","Road networks","En_80_96_91","Tunnel portals","SL_90","General Spaces","30/04/2026 11:17 AM","John Marsden-T2D","1364"
"3FC","YB47L2","BG24B5","SB02","Riser (Electrical B)","B004","F0380-B004-SB02","Southern Tunnel, Northern Portal (STNP);Risers;Riser (Electrical B)","F0380","Southern Tunnel, Northern Portal (STNP);Risers;Riser (Electrical B)","B004","Risers","SB02","Riser (Electrical B)","3804",,,,,,,"24/06/2026 12:42 PM","John Marsden-T2D","1366"
"3FC","HG17X7","BG24B5","SB03","Riser (HYD)","B004","F0380-B004-SB03","Southern Tunnel, Northern Portal (STNP);Risers;Riser (HYD)","F0380","Southern Tunnel, Northern Portal (STNP);Risers;Riser (HYD)","B004","Risers","SB03","Riser (HYD)","3804",,,,,,,"24/06/2026 12:42 PM","John Marsden-T2D","1367"
"3FC","YT49R3","BG24B5","SB04","Stair Services (MECH Riser)","B004","F0380-B004-SB04","Southern Tunnel, Northern Portal (STNP);Risers;Stair Services (MECH Riser)","F0380","Southern Tunnel, Northern Portal (STNP);Risers;Stair Services (MECH Riser)","B004","Risers","SB04","Stair Services (MECH Riser)","3804",,,,,,,"24/06/2026 12:42 PM","John Marsden-T2D","1368"
"3FC","NC72N8","ZR49C1","SB01","Equipment Buggy Access Space 1, Base Slab","B006","F0380-B006-SB01","Southern Tunnel, Northern Portal (STNP);Equipment Buggy Access;Equipment Buggy Access Space 1, Base Slab","F0380","Southern Tunnel, Northern Portal (STNP);Equipment Buggy Access;Equipment Buggy Access Space 1, Base Slab","B006","Equipment Buggy Access","SB01","Equipment Buggy Access Space 1, Base Slab","3806","Co_80_35_75","Road networks","En_80_96_91","Tunnel portals","SL_90_90_01","Access floor voids","30/04/2026 11:18 AM","John Marsden-T2D","1370"
"3FC","TR69A2","ZR49C1","SB02","Equipment Buggy Access Space 2, Base Slab","B006","F0380-B006-SB02","Southern Tunnel, Northern Portal (STNP);Equipment Buggy Access;Equipment Buggy Access Space 2, Base Slab","F0380","Southern Tunnel, Northern Portal (STNP);Equipment Buggy Access;Equipment Buggy Access Space 2, Base Slab","B006","Equipment Buggy Access","SB02","Equipment Buggy Access Space 2, Base Slab","3806","Co_80_35_75","Road networks","En_80_96_91","Tunnel portals","SL_90_90_01","Access floor voids","30/04/2026 11:18 AM","John Marsden-T2D","1371"
"3FC","LX85N4","CB84K7","SC01","Shaft Stairs, Carriageway","B007","F0380-B007-SC01","Southern Tunnel, Northern Portal (STNP);Portal Stairway;Shaft Stairs, Carriageway","F0380","Southern Tunnel, Northern Portal (STNP);Portal Stairway;Shaft Stairs, Carriageway","B007","Portal Stairway","SC01","Shaft Stairs, Carriageway","3807","Co_80_35_75","Road networks","En_80_96_91","Tunnel portals","SL_90_10_87","Stairways","30/04/2026 11:20 AM","John Marsden-T2D","1373"
"3FC","HP78B0","CB84K7","SB01","Shaft Stairs, Base Slab","B007","F0380-B007-SB01","Southern Tunnel, Northern Portal (STNP);Portal Stairway;Shaft Stairs, Base Slab","F0380","Southern Tunnel, Northern Portal (STNP);Portal Stairway;Shaft Stairs, Base Slab","B007","Portal Stairway","SB01","Shaft Stairs, Base Slab","3807","Co_80_35_75","Road networks","En_80_96_91","Tunnel portals","SL_90_10_87","Stairways","30/04/2026 11:20 AM","John Marsden-T2D","1374"
"3FC","GZ79U1","CB84K7","S106","Shaft Stairs, Ground Floor (3.80.7.101)","B007","F0380-B007-S106","Southern Tunnel, Northern Portal (STNP);Portal Stairway;Shaft Stairs, Ground Floor (3.80.7.101)","F0380","Southern Tunnel, Northern Portal (STNP);Portal Stairway;Shaft Stairs, Ground Floor (3.80.7.101)","B007","Portal Stairway","S106","Shaft Stairs, Ground Floor (3.80.7.101)","3807","Co_80_35_75","Road networks","En_80_96_91","Tunnel portals","SL_90_10_87","Stairways","30/04/2026 11:20 AM","John Marsden-T2D","1375"
"3FC","XX58O0","CB84K7","S202","Shaft Stairs, Level 1  (3.80.7.102)","B007","F0380-B007-S202","Southern Tunnel, Northern Portal (STNP);Portal Stairway;Shaft Stairs, Level 1  (3.80.7.102)","F0380","Southern Tunnel, Northern Portal (STNP);Portal Stairway;Shaft Stairs, Level 1  (3.80.7.102)","B007","Portal Stairway","S202","Shaft Stairs, Level 1  (3.80.7.102)","3807","Co_80_35_75","Road networks","En_80_96_91","Tunnel portals","SL_90_10_87","Stairways","30/04/2026 11:20 AM","John Marsden-T2D","1376"
"3FC","MJ60B9","CB84K7","S304","Shaft Stairs, Level 2 (3.80.7.201)","B007","F0380-B007-S304","Southern Tunnel, Northern Portal (STNP);Portal Stairway;Shaft Stairs, Level 2 (3.80.7.201)","F0380","Southern Tunnel, Northern Portal (STNP);Portal Stairway;Shaft Stairs, Level 2 (3.80.7.201)","B007","Portal Stairway","S304","Shaft Stairs, Level 2 (3.80.7.201)","3807","Co_80_35_75","Road networks","En_80_96_91","Tunnel portals","SL_90_10_87","Stairways","30/04/2026 11:20 AM","John Marsden-T2D","1378"
"3FC","UN64G2","NH88U6","SC01","Ventilation Space","B008","F0380-B008-SC01","Southern Tunnel, Northern Portal (STNP);Ventilation Building;Ventilation Space","F0380","Southern Tunnel, Northern Portal (STNP);Ventilation Building;Ventilation Space","B008","Ventilation Building","SC01","Ventilation Space","3808","Co_80_35_75","Road networks","En_80_96_91","Tunnel portals","SL_90_90","Plant and control spaces","30/04/2026 11:21 AM","John Marsden-T2D","1380"
"1","IJ70B9",,"NCRN050","Frederick Street",,"NCRN050","Frederick Street","NCRN050","Frederick Street",,,,,"0","Co_80_35_75","Road networks","En_80_35_74","Roads",,,"11/06/2026 1:27 PM","John Marsden-T2D","1382"
"2","ZX39M0","IJ70B9","L001","Frederick Street","NCRN050","NCRN050-L001","Frederick Street;Frederick Street","NCRN050","Frederick Street","L001","Frederick Street",,,"2595","Co_80_35_75","Road networks","En_80_35_74","Roads","SL_80_35_74","Road sections","11/06/2026 1:28 PM","John Marsden-T2D","1383"
"3FC","XU0400","LM66R6","S911","Shaft Stair Space, Under Ground Level","B009","F0391-B009-S911","STMP Substation & Tunnel Vertical Shaft;Within MOC Facility Boundary, STMP Substation & Tunnel Vertical Shaft;Shaft Stair Space, Under Ground Level","F0391","STMP Substation & Tunnel Vertical Shaft;Within MOC Facility Boundary, STMP Substation & Tunnel Vertical Shaft;Shaft Stair Space, Under Ground Level","B009","Within MOC Facility Boundary, STMP Substation & Tunnel Vertical Shaft","S911","Shaft Stair Space, Under Ground Level","3918,3919","Co_80_35_75","Road networks","En_90_10_77","External service areas","SL_90_10_87","Stairways","2/07/2026 2:17 PM","Bird, Cheyne","1384"
"1","CF02R3",,"NCRN051","John Street",,"NCRN051","John Street","NCRN051","John Street",,,,,"0","Co_80_35_75","Road networks","En_80_35_74","Roads",,,"15/06/2026 3:02 PM","Muhammad Abid-T2D","1385"
"2","CF39K3","CF02R3","L001","John Street","NCRN051","NCRN051-L001","John Street;John Street","NCRN051","John Street;John Street","L001","John Street",,,"2596","Co_80_35_75","Road networks","En_80_35_74","Roads","SL_80_35_74","Road sections","15/06/2026 3:03 PM","Muhammad Abid-T2D","1386"
"3FC","GL04AA","HJ53R4","S912","External - Gas Bottle Enclosure (2.91.9.112)","B009","F0291-B009-S912","NTSP Maintenance and Operations Compound (MOC);Within MOC Facility Boundary;External - Gas Bottle Enclosure (2.91.9.112)","F0291","NTSP Maintenance and Operations Compound (MOC);Within MOC Facility Boundary;External - Gas Bottle Enclosure (2.91.9.112)","B009","Within MOC Facility Boundary","S912","External - Gas Bottle Enclosure (2.91.9.112)","2919","Co_80_35_75","Road networks","En_90_10_77","External service areas","SL_55_20_34","Gas storage spaces","24/06/2026 12:17 PM","John Marsden-T2D","1387"
"3FC","GL04BB","HJ53R4","S913","External - Gas Bottle Enclosure (2.91.9.113)","B009","F0291-B009-S913","NTSP Maintenance and Operations Compound (MOC);Within MOC Facility Boundary;External - Gas Bottle Enclosure (2.91.9.113)","F0291","NTSP Maintenance and Operations Compound (MOC);Within MOC Facility Boundary;External - Gas Bottle Enclosure (2.91.9.113)","B009","Within MOC Facility Boundary","S913","External - Gas Bottle Enclosure (2.91.9.113)","2919","Co_80_35_75","Road networks","En_90_10_77","External service areas","SL_55_20_34","Gas storage spaces","24/06/2026 12:17 PM","John Marsden-T2D","1389"
"2FC","AP42C9","HP53Y7","B000","Electrical Equipment Room","F0281","F0281-B000","Northern Tunnel, Southern  Portal (NTSP);Electrical Equipment Room","F0281","Northern Tunnel, Southern  Portal (NTSP);Electrical Equipment Room","B000","Electrical Equipment Room",,,"2810","Co_80_35_75","Road networks","En_80_96_91","Tunnel portals",,,"24/06/2026 12:23 PM","John Marsden-T2D","1390"
"2FC","UK37L1","HP53Y7","B001","Hydrocarbon Sump","F0281","F0281-B001","Northern Tunnel, Southern  Portal (NTSP);Hydrocarbon Sump","F0281","Northern Tunnel, Southern  Portal (NTSP);Hydrocarbon Sump","B001","Hydrocarbon Sump",,,"2811","Co_80_35_75","Road networks","En_80_96_91","Tunnel portals",,,"24/06/2026 12:23 PM","John Marsden-T2D","1391"
"2FC","DV92R9","HP53Y7","B002","Electrical Equipment Room","F0281","F0281-B002","Northern Tunnel, Southern  Portal (NTSP);Electrical Equipment Room","F0281","Northern Tunnel, Southern  Portal (NTSP);Electrical Equipment Room","B002","Electrical Equipment Room",,,"2812","Co_80_35_75","Road networks","En_80_96_91","Tunnel portals",,,"24/06/2026 12:23 PM","John Marsden-T2D","1392"
"2FC","WJ96C3","HP53Y7","B003","General Areas","F0281","F0281-B003","Northern Tunnel, Southern  Portal (NTSP);General Areas","F0281","Northern Tunnel, Southern  Portal (NTSP);General Areas","B003","General Areas",,,"2813","Co_80_35_75","Road networks","En_80_96_91","Tunnel portals",,,"24/06/2026 12:23 PM","John Marsden-T2D","1393"
"2FC","VE07R2","HP53Y7","B004","Risers","F0281","F0281-B004","Northern Tunnel, Southern  Portal (NTSP);Risers","F0281","Northern Tunnel, Southern  Portal (NTSP);Risers","B004","Risers",,,"2814","Co_80_35_75","Road networks","En_80_96_91","Tunnel portals",,,"24/06/2026 12:23 PM","John Marsden-T2D","1394"
"2FC","OB81R9","HP53Y7","B006","Equipment Buggy Access","F0281","F0281-B006","Northern Tunnel, Southern  Portal (NTSP);Equipment Buggy Access","F0281","Northern Tunnel, Southern  Portal (NTSP);Equipment Buggy Access","B006","Equipment Buggy Access",,,"2816","Co_80_35_75","Road networks","En_80_96_91","Tunnel portals",,,"24/06/2026 12:23 PM","John Marsden-T2D","1395"
"2FC","CL35Q2","HP53Y7","B007","Portal Stairway","F0281","F0281-B007","Northern Tunnel, Southern  Portal (NTSP);Portal Stairway","F0281","Northern Tunnel, Southern  Portal (NTSP);Portal Stairway","B007","Portal Stairway",,,"2817","Co_80_35_75","Road networks","En_80_96_91","Tunnel portals",,,"24/06/2026 12:23 PM","John Marsden-T2D","1396"
"2FC","EG58D3","HP53Y7","B008","Ventilation Building","F0281","F0281-B008","Northern Tunnel, Southern  Portal (NTSP);Ventilation Building","F0281","Northern Tunnel, Southern  Portal (NTSP);Ventilation Building","B008","Ventilation Building",,,"2818","Co_80_35_75","Road networks","En_80_96_91","Tunnel portals",,,"24/06/2026 12:23 PM","John Marsden-T2D","1397"
"3FC","KC64T9","WJ96C3","SB02","Area 2, Base Slab","B003","F0281-B003-SB02","Northern Tunnel, Southern  Portal (NTSP);General Areas;Area 2, Base Slab","F0281","Northern Tunnel, Southern  Portal (NTSP);General Areas;Area 2, Base Slab","B003","General Areas","SB02","Area 2, Base Slab","2813","Co_80_35_75","Road networks","En_80_96_91","Tunnel portals","SL_90","General Spaces","24/06/2026 12:31 PM","John Marsden-T2D","1398"
"3FC","TT88C3","WJ96C3","SC01","Area 1, Carriageway","B003","F0281-B003-SC01","Northern Tunnel, Southern  Portal (NTSP);General Areas;Area 1, Carriageway","F0281","Northern Tunnel, Southern  Portal (NTSP);General Areas;Area 1, Carriageway","B003","General Areas","SC01","Area 1, Carriageway","2813","Co_80_35_75","Road networks","En_80_96_91","Tunnel portals","SL_90","General Spaces","24/06/2026 12:31 PM","John Marsden-T2D","1399"
"3FC","TT88C4","WJ96C3","SC02","Area 2, Carriageway","B003","F0281-B003-SC02","Northern Tunnel, Southern  Portal (NTSP);General Areas;Area 2, Carriageway","F0281","Northern Tunnel, Southern  Portal (NTSP);General Areas;Area 2, Carriageway","B003","General Areas","SC02","Area 2, Carriageway","2813","Co_80_35_75","Road networks","En_80_96_91","Tunnel portals","SL_90","General Spaces","24/06/2026 12:31 PM","John Marsden-T2D","1400"
"3FC","TT88C5","WJ96C3","SC03","Area 3, Carriageway","B003","F0281-B003-SC03","Northern Tunnel, Southern  Portal (NTSP);General Areas;Area 3, Carriageway","F0281","Northern Tunnel, Southern  Portal (NTSP);General Areas;Area 3, Carriageway","B003","General Areas","SC03","Area 3, Carriageway","2813","Co_80_35_75","Road networks","En_80_96_91","Tunnel portals","SL_90","General Spaces","24/06/2026 12:31 PM","John Marsden-T2D","1401"
"3FC","ID06B0","WJ96C3","SC04","Area 4, Carriageway","B003","F0281-B003-SC04","Northern Tunnel, Southern  Portal (NTSP);General Areas;Area 4, Carriageway","F0281","Northern Tunnel, Southern  Portal (NTSP);General Areas;Area 4, Carriageway","B003","General Areas","SC04","Area 4, Carriageway","2813","Co_80_35_75","Road networks","En_80_96_91","Tunnel portals","SL_90","General Spaces","24/06/2026 12:31 PM","John Marsden-T2D","1402"
"3FC","YQ84K9","WJ96C3","SC05","Area 5, Carriageway","B003","F0281-B003-SC05","Northern Tunnel, Southern  Portal (NTSP);General Areas;Area 5, Carriageway","F0281","Northern Tunnel, Southern  Portal (NTSP);General Areas;Area 5, Carriageway","B003","General Areas","SC05","Area 5, Carriageway","2813","Co_80_35_75","Road networks","En_80_96_91","Tunnel portals","SL_90","General Spaces","24/06/2026 12:31 PM","John Marsden-T2D","1403"
"3FC","ZS38T3","WJ96C3","SC06","Area 6, Carriageway","B003","F0281-B003-SC06","Northern Tunnel, Southern  Portal (NTSP);General Areas;Area 6, Carriageway","F0281","Northern Tunnel, Southern  Portal (NTSP);General Areas;Area 6, Carriageway","B003","General Areas","SC06","Area 6, Carriageway","2813","Co_80_35_75","Road networks","En_80_96_91","Tunnel portals","SL_90","General Spaces","24/06/2026 12:31 PM","John Marsden-T2D","1404"
"3FC","XI39J6","CL35Q2","SC01","Shaft Stairs, Carriageway","B007","F0281-B007-SC01","Northern Tunnel, Southern  Portal (NTSP);Portal Stairway;Shaft Stairs, Carriageway","F0281","Northern Tunnel, Southern  Portal (NTSP);Portal Stairway;Shaft Stairs, Carriageway","B007","Portal Stairway","SC01","Shaft Stairs, Carriageway","2817","Co_80_35_75","Road networks","En_80_96_91","Tunnel portals","SL_90_10_87","Stairways","24/06/2026 12:32 PM","John Marsden-T2D","1405"
"3FC","MH37F8","OB81R9","SB01","Equipment Buggy Access Space 1, Base Slab","B006","F0281-B006-SB01","Northern Tunnel, Southern  Portal (NTSP);Equipment Buggy Access;Equipment Buggy Access Space 1, Base Slab","F0281","Northern Tunnel, Southern  Portal (NTSP);Equipment Buggy Access;Equipment Buggy Access Space 1, Base Slab","B006","Equipment Buggy Access","SB01","Equipment Buggy Access Space 1, Base Slab","2816","Co_80_35_75","Road networks","En_80_96_91","Tunnel portals","SL_90_90_01","Access floor voids","24/06/2026 12:32 PM","John Marsden-T2D","1406"
"3FC","UP61M3","OB81R9","SB02","Equipment Buggy Access Space 2, Base Slab","B006","F0281-B006-SB02","Northern Tunnel, Southern  Portal (NTSP);Equipment Buggy Access;Equipment Buggy Access Space 2, Base Slab","F0281","Northern Tunnel, Southern  Portal (NTSP);Equipment Buggy Access;Equipment Buggy Access Space 2, Base Slab","B006","Equipment Buggy Access","SB02","Equipment Buggy Access Space 2, Base Slab","2816","Co_80_35_75","Road networks","En_80_96_91","Tunnel portals","SL_90_90_01","Access floor voids","24/06/2026 12:33 PM","John Marsden-T2D","1408"
"3FC","BH8666","SY65B6","S118","Cable Trench B, Ground Floor Level (3.92.8.118)","B008","F0392-B008-S118","STSP Maintenance and Operations Compound (MOC);Ventilation Facility;Cable Trench B, Ground Floor Level (3.92.8.118)","F0392","STSP Maintenance and Operations Compound (MOC);Ventilation Facility;Cable Trench B, Ground Floor Level (3.92.8.118)","B008","Ventilation Facility","S118","Cable Trench B, Ground Floor Level (3.92.8.118)","3928","Co_80_35_75","Road networks","En_65_40_80","Shaft and tunnel ventilation plant building","SL_70_20_89","Transmission cable section","25/06/2026 1:42 PM","John Marsden-T2D","1409"
"3FC","BH8667","SY65B6","S119","Water  Meter Enclosure, Ground Floor Level (3.92.8.119)","B008","F0392-B008-S119","STSP Maintenance and Operations Compound (MOC);Ventilation Facility;Water  Meter Enclosure, Ground Floor Level (3.92.8.119)","F0392","STSP Maintenance and Operations Compound (MOC);Ventilation Facility;Water  Meter Enclosure, Ground Floor Level (3.92.8.119)","B008","Ventilation Facility","S119","Water  Meter Enclosure, Ground Floor Level (3.92.8.119)","3928","Co_80_35_75","Road networks","En_65_40_80","Shaft and tunnel ventilation plant building","SL_70_30_52","Metering room","25/06/2026 1:42 PM","John Marsden-T2D","1410"
"3FC","BH9999","SY65B6","S121","Fire Meter Enclosure, Ground Floor Level (3.92.8.119)","B008","F0392-B008-S121","STSP Maintenance and Operations Compound (MOC);Ventilation Facility;Fire Meter Enclosure, Ground Floor Level (3.92.8.119)","F0392","STSP Maintenance and Operations Compound (MOC);Ventilation Facility;Fire Meter Enclosure, Ground Floor Level (3.92.8.119)","B008","Ventilation Facility","S121","Fire Meter Enclosure, Ground Floor Level (3.92.8.119)","3928","Co_80_35_75","Road networks","En_65_40_80","Shaft and tunnel ventilation plant building","SL_70_30_52","Metering room","25/06/2026 1:43 PM","John Marsden-T2D","1411"
"3FC","BDF668","SY65B6","S201","Hydraulic Riser, First Floor Level (3.81.7.201)","B008","F0392-B008-S201","STSP Maintenance and Operations Compound (MOC);Ventilation Facility;Hydraulic Riser, First Floor Level (3.81.7.201)","F0392","STSP Maintenance and Operations Compound (MOC);Ventilation Facility;Hydraulic Riser, First Floor Level (3.81.7.201)","B008","Ventilation Facility","S201","Hydraulic Riser, First Floor Level (3.81.7.201)","3928","Co_80_35_75","Road networks","En_65_40_80","Shaft and tunnel ventilation plant building","SL_90_90_78","Services shafts","25/06/2026 1:43 PM","John Marsden-T2D","1412"
"3FC","BH83434","SY65B6","S307","Roof, Cable Trench Roof, Ventilation Facility (3.92.8.307)","B008","F0392-B008-S307","STSP Maintenance and Operations Compound (MOC);Ventilation Facility;Roof, Cable Trench Roof, Ventilation Facility (3.92.8.307)","F0392","STSP Maintenance and Operations Compound (MOC);Ventilation Facility;Roof, Cable Trench Roof, Ventilation Facility (3.92.8.307)","B008","Ventilation Facility","S307","Roof, Cable Trench Roof, Ventilation Facility (3.92.8.307)","3928","Co_80_35_75","Road networks","En_65_40_80","Shaft and tunnel ventilation plant building","SL_90_60_72","Roof surface spaces","25/06/2026 1:43 PM","John Marsden-T2D","1413"
"3FC","BH85G7","FT98D5","S914","External - Water Meter Enclosure","B009","F0392-B009-S914","STSP Maintenance and Operations Compound (MOC);Within MOC Facility Boundary;External - Water Meter Enclosure","F0392","STSP Maintenance and Operations Compound (MOC);Within MOC Facility Boundary;External - Water Meter Enclosure","B009","Within MOC Facility Boundary","S914","External - Water Meter Enclosure","3929","Co_80_35_75","Road networks","En_90_10_77","External service areas","SL_32_35","Ground spaces","25/06/2026 1:44 PM","John Marsden-T2D","1414"
"3FC","BH85G8","FT98D5","S915","External - Fire Meter Enclosure","B009","F0392-B009-S915","STSP Maintenance and Operations Compound (MOC);Within MOC Facility Boundary;External - Fire Meter Enclosure","F0392","STSP Maintenance and Operations Compound (MOC);Within MOC Facility Boundary;External - Fire Meter Enclosure","B009","Within MOC Facility Boundary","S915","External - Fire Meter Enclosure","3929","Co_80_35_75","Road networks","En_90_10_77","External service areas","SL_32_35","Ground spaces","25/06/2026 1:44 PM","John Marsden-T2D","1415"
"2","FA02J5","PZ83Y3","L001","Norman Street","NCRN052","NCRN052-L001","Norman Street;Norman Street","NCRN052","Norman Street;Norman Street","L001","Norman Street",,,"2594","Co_80_35_75","Road networks","En_80_35_74","Roads","SL_80_35_74","Road sections","26/06/2026 4:04 PM","Muhammad Abid-T2D","1416"
"1","PZ83Y3",,"NCRN052","Norman Street",,"NCRN052","Norman Street","NCRN052","Norman Street",,,,,"0","Co_80_35_75","Road networks","En_80_35_74","Roads",,,"26/06/2026 4:04 PM","Muhammad Abid-T2D","1417"
"3FC","OW30N44","LM66R6","S910","Water Meter, Ground Floor Level","B009","F0391-B009-S910","STMP Substation & Tunnel Vertical Shaft;Within MOC Facility Boundary, STMP Substation & Tunnel Vertical Shaft;Water Meter, Ground Floor Level","F0391","STMP Substation & Tunnel Vertical Shaft;Within MOC Facility Boundary, STMP Substation & Tunnel Vertical Shaft;Water Meter, Ground Floor Level","B009","Within MOC Facility Boundary, STMP Substation & Tunnel Vertical Shaft","S910","Water Meter, Ground Floor Level","3918,3919","Co_80_35_75","Road networks","En_90_10_77","External service areas","SL_70_30_52","Metering room","2/07/2026 2:17 PM","Bird, Cheyne","1418"
"3FC","BH85E9","CL37X1","S304","Shaft Stairs, Level 2 - (3.92.8.303)","B007","F0381-B007-S304","Southern Tunnel, Southern Portal (STSP);Portal Stairway;Shaft Stairs, Level 2 - (3.92.8.303)","F0381","Southern Tunnel, Southern Portal (STSP);Portal Stairway;Shaft Stairs, Level 2 - (3.92.8.303)","B007","Portal Stairway","S304","Shaft Stairs, Level 2 - (3.92.8.303)","3817","Co_80_35_75","Road networks","En_80_96_91","Tunnel portals","SL_90_10_87","Stairways","3/07/2026 10:06 AM","John Marsden-T2D","1419"
"2FC","ZZ10O10","AZ28Z8","B007","Overflow","F0391","F0391-B007","STMP Substation & Tunnel Vertical Shaft;Overflow","F0391","STMP Substation & Tunnel Vertical Shaft;Overflow","B007","Overflow",,,"3917","Co_80_35_75","Road networks","En_90_10_77","External service areas","SL_32_35","Ground spaces","16/07/2026 11:43 AM","John Marsden-T2D","1420"
"3FC","NB56I10","ZZ10O10","S900","Overflow","B007","F0391-B007-S900","STMP Substation & Tunnel Vertical Shaft;Overflow;Overflow","F0391","STMP Substation & Tunnel Vertical Shaft;Overflow;Overflow","B007","Overflow","S900","Overflow","3917","Co_80_35_75","Road networks","En_90_10_77","External service areas","SL_32_35","Ground spaces","16/07/2026 11:43 AM","John Marsden-T2D","1421"
"2FC","QA46S7","RK68V1","B007","Overflow","F0392","F0392-B007","STSP Maintenance and Operations Compound (MOC);Overflow","F0392","STSP Maintenance and Operations Compound (MOC);Overflow","B007","Overflow",,,"3927","Co_80_35_75","Road networks","En_90_10_77","External service areas","SL_32_35","Ground spaces","16/07/2026 11:44 AM","John Marsden-T2D","1422"
"3FC","KW32L1","QA46S7","S900","Overflow","B007","F0392-B007-S900","STSP Maintenance and Operations Compound (MOC);Overflow;Overflow","F0392","STSP Maintenance and Operations Compound (MOC);Overflow;Overflow","B007","Overflow","S900","Overflow","3927","Co_80_35_75","Road networks","En_90_10_77","External service areas","SL_32_35","Ground spaces","16/07/2026 11:45 AM","John Marsden-T2D","1423"
"3FC","KW32RR","BZ69P3","S900","Overflow","B007","F0390-B007-S900","STNP Maintenance and Operations Compound (MOC);Fire Tank Yard;Overflow","F0390","STNP Maintenance and Operations Compound (MOC);Fire Tank Yard;Overflow","B007","Fire Tank Yard","S900","Overflow","3907","Co_80_35_75","Road networks","En_90_10_77","External service areas","SL_32_35","Ground spaces","16/07/2026 11:46 AM","John Marsden-T2D","1424"
"2FC","TW11K10","HP53Y6","B007","Overflow","F0291","F0291-B007","NTSP Maintenance and Operations Compound (MOC);Overflow","F0291","NTSP Maintenance and Operations Compound (MOC);Overflow","B007","Overflow",,,"2917","Co_80_35_75","Road networks","En_90_10_77","External service areas","SL_32_35","Ground spaces","16/07/2026 11:47 AM","John Marsden-T2D","1425"
"3FC","LF18H8","TW11K10","S900","Overflow","B007","F0291-B007-S900","NTSP Maintenance and Operations Compound (MOC);Overflow;Overflow","F0291","NTSP Maintenance and Operations Compound (MOC);Overflow;Overflow","B007","Overflow","S900","Overflow","2917","Co_80_35_75","Road networks","En_90_10_77","External service areas","SL_32_35","Ground spaces","16/07/2026 11:48 AM","John Marsden-T2D","1426"
"3FC","YK61T7","DS65K4","S900","Overflow","B007","F0290-B007-S900","NTNP Maintenance and Operations Compound (MOC);Fire Tank Yard;Overflow","F0290","NTNP Maintenance and Operations Compound (MOC);Fire Tank Yard;Overflow","B007","Fire Tank Yard","S900","Overflow","2907","Co_80_35_75","Road networks","En_90_10_77","External service areas","SL_32_35","Ground spaces","16/07/2026 11:49 AM","John Marsden-T2D","1427"
"2","KZ37Q1","MM06K2","L900","T2D Off-Motorway Assets - South","62043","62043-L900","South Road;T2D Off-Motorway Assets - South","62043","South Road;T2D Off-Motorway Assets - South","L900","T2D Off-Motorway Assets - South",,,"2597","Co_80_35_75","Road networks","En_80_35_74","Roads","SL_80_35_74","Road sections","22/07/2026 3:13 PM","Muhammad Abid-T2D","1428"
"2","NT88A8","BU60X6","L900","T2D Off-Motorway Assets - South Expressway","06780","06780-L900","Southern Expressway;T2D Off-Motorway Assets - South Expressway","06780","Southern Expressway;T2D Off-Motorway Assets - South Expressway","L900","T2D Off-Motorway Assets - South Expressway",,,"2598","Co_80_35_75","Road networks","En_80_35_74","Roads","SL_80_35_74","Road sections","22/07/2026 3:53 PM","Muhammad Abid-T2D","1429"
"2","PW75P3","CB54L8","L001","Shepherds Hill Road","6467","6467-L001","Shepherds Hill Road;Shepherds Hill Road","6467","Shepherds Hill Road;Shepherds Hill Road","L001","Shepherds Hill Road",,,"2599","Co_80_35_75","Road networks","En_80_35_74","Roads","SL_80_35_74","Road sections","22/07/2026 4:00 PM","Muhammad Abid-T2D","1430"
